사고번호,사고일시,요일,시군구,사고내용,사망자수,중상자수,경상자수,부상신고자수,사고유형,법규위반,노면상태,기상상태,도로형태,가해운전자 차종,가해운전자 성별,가해운전자 연령,가해운전자 상해정도,피해운전자 차종,피해운전자 성별,피해운전자 연령,피해운전자 상해정도
2017013100100134,2017년 1월 31일 10시,화요일,제주특별자치도 서귀포시 신효동,중상사고,0,1,0,0,차대차 - 추돌,안전운전불이행,건조,맑음,교차로 - 교차로안,화물,남,79세,상해없음,원동기,남,75세,중상
2017013100100135,2017년 1월 31일 10시,화요일,제주특별자치도 서귀포시 하효동,경상사고,0,0,1,0,차량단독 - 전도전복 - 전도,안전운전불이행,건조,맑음,단일로 - 기타,이륜,여,83세,경상,,,,
2017013100100186,2017년 1월 31일 12시,화요일,제주특별자치도 제주시 이도이동,중상사고,0,1,0,0,차대차 - 측면충돌,신호위반,건조,흐림,교차로 - 교차로안,승용,여,50세,상해없음,이륜,남,39세,중상
2017013100100364,2017년 1월 31일 18시,화요일,제주특별자치도 제주시 노형동,경상사고,0,0,2,0,차대차 - 측면충돌,교차로운행방법위반,건조,맑음,교차로 - 교차로안,승용,남,44세,상해없음,승용,여,46세,경상
2017013100100383,2017년 1월 31일 19시,화요일,제주특별자치도 제주시 삼도일동,경상사고,0,0,2,0,차대차 - 정면충돌,교차로운행방법위반,건조,맑음,교차로 - 교차로안,승용,남,26세,경상,화물,남,55세,경상
2017013100100384,2017년 1월 31일 19시,화요일,제주특별자치도 제주시 이도이동,경상사고,0,0,1,0,차대사람 - 횡단중,안전운전불이행,건조,맑음,단일로 - 기타,승용,여,22세,상해없음,보행자,여,25세,경상
2017013100100435,2017년 1월 31일 21시,화요일,제주특별자치도 제주시 화북일동,경상사고,0,0,1,0,차대차 - 기타,안전운전불이행,건조,맑음,교차로 - 교차로부근,원동기,남,16세,경상,승용,여,54세,상해없음
2017013100100436,2017년 1월 31일 21시,화요일,제주특별자치도 제주시 이도이동,중상사고,0,1,0,0,차대차 - 측면충돌,신호위반,건조,맑음,교차로 - 교차로안,승용,남,39세,상해없음,승용,남,47세,중상
2017013100100437,2017년 1월 31일 21시,화요일,제주특별자치도 제주시 연동,경상사고,0,0,1,0,차대사람 - 횡단중,중앙선침범,건조,맑음,단일로 - 기타,승용,남,43세,상해없음,보행자,남,39세,경상
2017013100100438,2017년 1월 31일 21시,화요일,제주특별자치도 제주시 노형동,경상사고,0,0,1,0,차대차 - 기타,안전운전불이행,건조,맑음,단일로 - 기타,승용,여,32세,상해없음,승용,여,28세,경상
2017013100100460,2017년 1월 31일 22시,화요일,제주특별자치도 제주시 삼도이동,경상사고,0,0,1,0,차대차 - 추돌,안전운전불이행,건조,맑음,단일로 - 기타,화물,남,18세,상해없음,승용,남,26세,경상
2017020100100017,2017년 2월 1일 00시,수요일,제주특별자치도 제주시 이도이동,중상사고,0,1,0,0,차대사람 - 횡단중,안전운전불이행,건조,맑음,단일로 - 기타,승용,여,64세,상해없음,보행자,남,43세,중상
2017020100100049,2017년 2월 1일 03시,수요일,제주특별자치도 제주시 일도이동,중상사고,0,1,0,0,차대사람 - 횡단중,안전운전불이행,건조,맑음,단일로 - 기타,승용,남,56세,상해없음,보행자,남,47세,중상
2017020100100148,2017년 2월 1일 10시,수요일,제주특별자치도 서귀포시 표선면,경상사고,0,0,2,0,차대차 - 측면충돌,교차로운행방법위반,건조,맑음,교차로 - 교차로부근,승용,여,66세,경상,화물,남,29세,경상
2017020100100210,2017년 2월 1일 13시,수요일,제주특별자치도 제주시 아라일동,중상사고,0,1,0,0,차대사람 - 횡단중,보행자보호의무위반,기타,맑음,교차로 - 교차로횡단보도내,승용,남,50세,상해없음,보행자,여,18세,중상
2017020100100246,2017년 2월 1일 14시,수요일,제주특별자치도 제주시 연동,중상사고,0,1,0,0,차대차 - 측면충돌,안전운전불이행,건조,맑음,교차로 - 교차로부근,승용,남,60세,상해없음,이륜,남,46세,중상
2017020100100308,2017년 2월 1일 16시,수요일,제주특별자치도 서귀포시 성산읍,경상사고,0,0,1,0,차대차 - 측면충돌,안전운전불이행,건조,맑음,주차장 - 주차장,승용,남,41세,기타불명,이륜,여,45세,경상
2017020100100338,2017년 2월 1일 17시,수요일,제주특별자치도 제주시 아라일동,중상사고,0,1,1,0,차대차 - 정면충돌,교차로운행방법위반,건조,맑음,교차로 - 교차로안,승용,여,36세,상해없음,화물,남,25세,경상
2017020100100339,2017년 2월 1일 17시,수요일,제주특별자치도 제주시 연동,중상사고,0,1,0,0,차대사람 - 길가장자리구역통행중,안전운전불이행,건조,맑음,단일로 - 기타,승용,여,45세,상해없음,보행자,여,79세,중상
2017020100100444,2017년 2월 1일 21시,수요일,제주특별자치도 서귀포시 대정읍,부상신고사고,0,0,0,2,차대차 - 측면충돌,안전운전불이행,건조,맑음,교차로 - 교차로부근,승용,여,41세,상해없음,승용,여,43세,부상신고
2017020200100188,2017년 2월 2일 12시,목요일,제주특별자치도 제주시 연동,경상사고,0,0,1,0,차대사람 - 횡단중,보행자보호의무위반,건조,맑음,단일로 - 기타,승용,남,46세,상해없음,보행자,남,13세,경상
2017020200100217,2017년 2월 2일 13시,목요일,제주특별자치도 제주시 조천읍,경상사고,0,0,2,0,차대차 - 기타,안전운전불이행,기타,맑음,단일로 - 기타,승용,여,60세,상해없음,승용,여,44세,경상
2017020200100298,2017년 2월 2일 16시,목요일,제주특별자치도 제주시 용담일동,경상사고,0,0,1,0,차대차 - 측면충돌,신호위반,건조,맑음,교차로 - 교차로안,승합,남,52세,상해없음,승용,남,58세,경상
2017020200100299,2017년 2월 2일 16시,목요일,제주특별자치도 제주시 조천읍,경상사고,0,0,2,0,차대차 - 측면충돌,교차로운행방법위반,기타,맑음,단일로 - 기타,승용,여,39세,상해없음,승용,남,23세,경상
2017020200100300,2017년 2월 2일 16시,목요일,제주특별자치도 서귀포시 성산읍,사망사고,1,1,0,0,차대차 - 정면충돌,중앙선침범,건조,맑음,기타 - 기타,승용,여,25세,중상,승용,여,51세,사망
2017020200100374,2017년 2월 2일 18시,목요일,제주특별자치도 제주시 애월읍,사망사고,1,0,0,0,차량단독 - 전도전복,안전운전불이행,건조,맑음,단일로 - 기타,승용,남,51세,사망,미분류,미분류,미분류,미분류
2017020200100375,2017년 2월 2일 18시,목요일,제주특별자치도 제주시 한림읍,사망사고,1,0,0,0,차량단독 - 전도전복 - 전도,안전운전불이행,건조,맑음,단일로 - 기타,화물,남,61세,사망,,,,
2017020200100434,2017년 2월 2일 20시,목요일,제주특별자치도 제주시 오라이동,경상사고,0,0,2,0,차대차 - 추돌,안전운전불이행,건조,기타,단일로 - 기타,승용,여,37세,상해없음,승용,남,69세,경상
2017020200100435,2017년 2월 2일 20시,목요일,제주특별자치도 제주시 연동,경상사고,0,0,1,0,차대차 - 측면충돌,안전거리미확보,건조,흐림,교차로 - 교차로부근,이륜,남,43세,경상,승용,남,57세,상해없음
2017020300100033,2017년 2월 3일 00시,금요일,제주특별자치도 제주시 이도이동,경상사고,0,0,1,0,차대사람 - 횡단중,안전운전불이행,건조,흐림,교차로 - 교차로부근,승합,남,44세,상해없음,보행자,남,39세,경상
2017020300100064,2017년 2월 3일 03시,금요일,제주특별자치도 제주시 애월읍,경상사고,0,0,1,0,차량단독 - 전도전복 - 전도,안전운전불이행,건조,맑음,단일로 - 기타,승용,남,30세,경상,,,,
2017020300100114,2017년 2월 3일 07시,금요일,제주특별자치도 서귀포시 색달동,경상사고,0,0,2,1,차대차 - 측면충돌,안전거리미확보,건조,맑음,단일로 - 기타,승용,남,33세,부상신고,승용,여,43세,경상
2017020300100142,2017년 2월 3일 08시,금요일,제주특별자치도 제주시 한림읍,중상사고,0,1,0,0,차대차 - 측면충돌,안전운전불이행,건조,맑음,교차로 - 교차로안,승용,여,34세,상해없음,원동기,여,83세,중상
2017020300100143,2017년 2월 3일 08시,금요일,제주특별자치도 제주시 오라삼동,경상사고,0,0,3,1,차대차 - 추돌,안전거리미확보,건조,맑음,단일로 - 기타,승용,여,29세,상해없음,승용,여,34세,경상
2017020300100174,2017년 2월 3일 09시,금요일,제주특별자치도 제주시 삼도이동,경상사고,0,0,1,0,차대사람 - 횡단중,안전운전불이행,건조,맑음,단일로 - 기타,기타불명,기타불명,미분류,기타불명,보행자,여,13세,경상
2017020300100199,2017년 2월 3일 10시,금요일,제주특별자치도 제주시 조천읍,경상사고,0,0,1,0,차대사람 - 횡단중,안전운전불이행,건조,맑음,단일로 - 기타,승용,남,22세,상해없음,보행자,남,3세,경상
2017020300100233,2017년 2월 3일 12시,금요일,제주특별자치도 제주시 일도이동,중상사고,0,1,0,0,차대사람 - 횡단중,보행자보호의무위반,건조,맑음,교차로 - 교차로횡단보도내,승용,남,67세,상해없음,보행자,남,48세,중상
2017020300100258,2017년 2월 3일 13시,금요일,제주특별자치도 제주시 도련일동,경상사고,0,0,1,0,차대차 - 정면충돌,신호위반,건조,맑음,교차로 - 교차로안,승용,남,25세,상해없음,승용,여,33세,경상
2017020300100259,2017년 2월 3일 13시,금요일,제주특별자치도 제주시 구좌읍,중상사고,0,1,1,0,차대차 - 측면충돌,직진우회전진행방해,건조,흐림,교차로 - 교차로안,화물,남,51세,경상,승용,여,54세,중상
2017020300100311,2017년 2월 3일 15시,금요일,제주특별자치도 제주시 아라일동,중상사고,0,1,0,0,차량단독 - 기타,안전운전불이행,건조,맑음,단일로 - 기타,승합,남,56세,상해없음,,,,
2017020300100335,2017년 2월 3일 16시,금요일,제주특별자치도 제주시 건입동,중상사고,0,1,0,0,차대차 - 추돌,안전운전불이행,건조,맑음,단일로 - 기타,승용,여,65세,상해없음,승용,여,54세,중상
2017020300100336,2017년 2월 3일 16시,금요일,제주특별자치도 제주시 노형동,중상사고,0,1,0,0,차대차 - 기타,안전거리미확보,건조,맑음,단일로 - 기타,승용,여,49세,상해없음,승용,여,44세,중상
2017020300100370,2017년 2월 3일 17시,금요일,제주특별자치도 제주시 구좌읍,경상사고,0,0,2,0,차대차 - 추돌,안전거리미확보,건조,흐림,단일로 - 기타,화물,남,46세,상해없음,화물,남,44세,상해없음
2017020300100397,2017년 2월 3일 18시,금요일,제주특별자치도 제주시 건입동,경상사고,0,0,2,0,차대차 - 기타,안전거리미확보,건조,맑음,단일로 - 기타,승용,남,27세,경상,승용,남,40세,경상
2017020400100107,2017년 2월 4일 06시,토요일,제주특별자치도 제주시 삼도일동,경상사고,0,0,2,0,차대차 - 추돌,안전운전불이행,건조,맑음,교차로 - 교차로부근,승용,여,55세,경상,승용,여,45세,경상
2017020400100108,2017년 2월 4일 06시,토요일,제주특별자치도 제주시 연동,중상사고,0,1,0,0,차대사람 - 차도통행중,안전운전불이행,건조,맑음,단일로 - 기타,승용,여,60세,상해없음,보행자,여,61세,중상
2017020400100163,2017년 2월 4일 09시,토요일,제주특별자치도 서귀포시 동홍동,경상사고,0,0,1,0,차대차 - 측면충돌,안전운전불이행,젖음/습기,비,교차로 - 교차로안,승용,남,77세,상해없음,화물,남,55세,경상
2017020400100164,2017년 2월 4일 09시,토요일,제주특별자치도 제주시 해안동,경상사고,0,0,1,0,차대차 - 추돌,안전거리미확보,젖음/습기,비,단일로 - 기타,승용,남,62세,상해없음,승용,여,44세,경상
2017020400100194,2017년 2월 4일 10시,토요일,제주특별자치도 서귀포시 남원읍,경상사고,0,0,4,0,차대차 - 측면충돌,중앙선침범,젖음/습기,흐림,단일로 - 기타,승합,남,22세,상해없음,승합,남,51세,경상
2017020400100253,2017년 2월 4일 13시,토요일,제주특별자치도 제주시 삼도이동,중상사고,0,1,0,0,차량단독 - 공작물충돌,안전운전불이행,건조,맑음,교차로 - 교차로부근,승용,남,58세,상해없음,,,,
2017020400100254,2017년 2월 4일 13시,토요일,제주특별자치도 제주시 노형동,경상사고,0,0,1,0,차대사람 - 횡단중,보행자보호의무위반,건조,맑음,교차로 - 교차로횡단보도내,승용,여,60세,상해없음,보행자,여,37세,경상
2017020400100336,2017년 2월 4일 17시,토요일,제주특별자치도 제주시 일도이동,중상사고,0,1,0,0,차대사람 - 횡단중,안전운전불이행,건조,맑음,교차로 - 교차로부근,승용,남,34세,상해없음,보행자,여,78세,중상
2017020400100361,2017년 2월 4일 18시,토요일,제주특별자치도 서귀포시 호근동,사망사고,1,0,0,0,차대사람 - 횡단중,안전운전불이행,젖음/습기,비,교차로 - 교차로부근,승용,남,62세,상해없음,보행자,여,73세,사망
2017020400100362,2017년 2월 4일 18시,토요일,제주특별자치도 서귀포시 대정읍,경상사고,0,0,1,0,차대사람 - 기타,안전운전불이행,젖음/습기,비,주차장 - 주차장,화물,남,42세,상해없음,보행자,남,19세,경상
2017020400100401,2017년 2월 4일 19시,토요일,제주특별자치도 제주시 건입동,부상신고사고,0,0,0,1,차대차 - 기타,중앙선침범,건조,맑음,교차로 - 교차로횡단보도내,자전거,남,25세,부상신고,승용,여,42세,상해없음
2017020400100422,2017년 2월 4일 20시,토요일,제주특별자치도 제주시 건입동,경상사고,0,0,1,0,차대차 - 기타,직진우회전진행방해,건조,맑음,교차로 - 교차로안,승용,남,50세,상해없음,승용,남,61세,상해없음
2017020400100498,2017년 2월 4일 23시,토요일,제주특별자치도 제주시 이도이동,경상사고,0,0,2,0,차대사람 - 횡단중,안전운전불이행,젖음/습기,비,단일로 - 기타,이륜,남,16세,상해없음,보행자,남,54세,경상
2017020400100499,2017년 2월 4일 23시,토요일,제주특별자치도 제주시 연동,중상사고,0,2,0,0,차대사람 - 횡단중,안전운전불이행,젖음/습기,비,교차로 - 교차로횡단보도내,승용,남,34세,상해없음,보행자,남,51세,중상
2017020500100099,2017년 2월 5일 06시,일요일,제주특별자치도 제주시 오라일동,중상사고,0,1,0,0,차대사람 - 횡단중,안전운전불이행,젖음/습기,비,단일로 - 기타,기타불명,기타불명,미분류,기타불명,보행자,남,82세,중상
2017020500100122,2017년 2월 5일 09시,일요일,제주특별자치도 제주시 일도이동,경상사고,0,0,1,0,차대차 - 측면충돌,교차로운행방법위반,건조,맑음,교차로 - 교차로안,이륜,남,74세,경상,승용,남,26세,상해없음
2017020500100155,2017년 2월 5일 11시,일요일,제주특별자치도 제주시 일도이동,부상신고사고,0,0,0,1,차대사람 - 횡단중,안전운전불이행,건조,맑음,단일로 - 기타,기타불명,기타불명,미분류,기타불명,보행자,남,42세,부상신고
2017020500100172,2017년 2월 5일 12시,일요일,제주특별자치도 제주시 구좌읍,경상사고,0,0,1,0,차대사람 - 횡단중,안전운전불이행,기타,맑음,단일로 - 기타,승용,여,49세,상해없음,보행자,남,56세,경상
2017020500100296,2017년 2월 5일 18시,일요일,제주특별자치도 서귀포시 표선면,경상사고,0,0,1,0,차대사람 - 횡단중,보행자보호의무위반,건조,맑음,교차로 - 교차로횡단보도내,화물,남,51세,상해없음,보행자,여,66세,경상
2017020500100348,2017년 2월 5일 20시,일요일,제주특별자치도 제주시 노형동,경상사고,0,0,1,0,차대차 - 기타,안전운전불이행,건조,흐림,기타 - 기타,승용,여,48세,상해없음,승용,여,57세,경상
2017020500100364,2017년 2월 5일 21시,일요일,제주특별자치도 제주시 노형동,경상사고,0,0,1,1,차대차 - 기타,안전운전불이행,건조,맑음,기타 - 기타,승용,남,54세,상해없음,승용,남,37세,경상
2017020500100383,2017년 2월 5일 22시,일요일,제주특별자치도 서귀포시 남원읍,경상사고,0,0,1,0,차대차 - 추돌,신호위반,건조,맑음,교차로 - 교차로안,승용,남,22세,상해없음,승용,여,34세,경상
2017020600100034,2017년 2월 6일 02시,월요일,제주특별자치도 제주시 이도이동,경상사고,0,0,1,0,차대사람 - 차도통행중,안전운전불이행,건조,맑음,단일로 - 기타,승용,남,59세,상해없음,보행자,남,24세,경상
2017020600100082,2017년 2월 6일 07시,월요일,제주특별자치도 서귀포시 성산읍,중상사고,0,1,0,0,차대차 - 측면충돌,직진우회전진행방해,건조,맑음,교차로 - 교차로안,이륜,여,64세,중상,승용,남,49세,상해없음
2017020600100182,2017년 2월 6일 11시,월요일,제주특별자치도 제주시 이도이동,경상사고,0,0,1,0,차대차 - 기타,안전거리미확보,건조,맑음,단일로 - 기타,승용,남,79세,상해없음,이륜,남,38세,경상
2017020600100183,2017년 2월 6일 11시,월요일,제주특별자치도 서귀포시 안덕면,경상사고,0,0,2,0,차대차 - 추돌,안전거리미확보,건조,맑음,단일로 - 기타,승용,남,54세,상해없음,승용,남,66세,경상
2017020600100356,2017년 2월 6일 17시,월요일,제주특별자치도 제주시 조천읍,중상사고,0,1,3,0,차대차 - 측면충돌,안전운전불이행,건조,맑음,단일로 - 기타,화물,남,68세,상해없음,승합,남,48세,상해없음
2017020600100389,2017년 2월 6일 18시,월요일,제주특별자치도 제주시 봉개동,사망사고,1,0,0,0,차대사람 - 횡단중,중앙선침범,건조,맑음,단일로 - 기타,승용,남,44세,상해없음,보행자,남,53세,사망
2017020600100390,2017년 2월 6일 18시,월요일,제주특별자치도 제주시 이도일동,경상사고,0,0,1,0,차대사람 - 기타,안전운전불이행,건조,맑음,단일로 - 기타,승용,남,61세,상해없음,보행자,여,75세,경상
2017020600100421,2017년 2월 6일 19시,월요일,제주특별자치도 제주시 봉개동,경상사고,0,0,1,0,차대차 - 기타,중앙선침범,건조,흐림,단일로 - 기타,승용,여,55세,상해없음,이륜,남,43세,경상
2017020600100422,2017년 2월 6일 19시,월요일,제주특별자치도 제주시 연동,경상사고,0,0,2,0,차대차 - 추돌,안전거리미확보,건조,맑음,단일로 - 기타,승용,남,56세,상해없음,승용,남,27세,경상
2017020700100078,2017년 2월 7일 06시,화요일,제주특별자치도 제주시 일도일동,사망사고,1,0,0,0,차대사람 - 횡단중,신호위반,건조,맑음,단일로 - 기타,승용,남,68세,상해없음,보행자,여,78세,사망
2017020700100129,2017년 2월 7일 08시,화요일,제주특별자치도 제주시 월평동,중상사고,0,1,0,0,차대차 - 추돌,안전운전불이행,건조,맑음,단일로 - 기타,승용,남,50세,중상,승합,남,46세,상해없음
2017020700100205,2017년 2월 7일 11시,화요일,제주특별자치도 서귀포시 서귀동,중상사고,0,1,0,0,차대차 - 측면충돌,안전운전불이행,건조,맑음,교차로 - 교차로안,승용,남,34세,상해없음,승용,남,24세,중상
2017020700100264,2017년 2월 7일 14시,화요일,제주특별자치도 제주시 이도이동,경상사고,0,0,1,0,차대차 - 기타,교차로운행방법위반,건조,맑음,교차로 - 교차로안,승용,남,29세,상해없음,이륜,남,28세,경상
2017020700100265,2017년 2월 7일 14시,화요일,제주특별자치도 제주시 구좌읍,부상신고사고,0,0,0,1,차대차 - 기타,기타,건조,맑음,단일로 - 기타,화물,남,48세,상해없음,승용,남,36세,상해없음
2017020700100266,2017년 2월 7일 14시,화요일,제주특별자치도 서귀포시 서귀동,경상사고,0,0,1,0,차대차 - 측면충돌,안전운전불이행,건조,맑음,교차로 - 교차로안,이륜,남,67세,경상,승합,남,54세,상해없음
2017020700100293,2017년 2월 7일 15시,화요일,제주특별자치도 제주시 일도이동,경상사고,0,0,1,0,차대사람 - 횡단중,안전운전불이행,건조,맑음,단일로 - 기타,승용,여,60세,상해없음,보행자,여,45세,경상
2017020700100346,2017년 2월 7일 17시,화요일,제주특별자치도 서귀포시 표선면,중상사고,0,1,0,0,차대차 - 측면충돌,교차로운행방법위반,건조,맑음,교차로 - 교차로안,승용,여,55세,상해없음,원동기,여,79세,중상
2017020700100380,2017년 2월 7일 18시,화요일,제주특별자치도 서귀포시 성산읍,중상사고,0,1,0,0,차대차 - 측면충돌,안전운전불이행,건조,맑음,교차로 - 교차로안,승용,남,22세,상해없음,이륜,남,33세,중상
2017020700100433,2017년 2월 7일 20시,화요일,제주특별자치도 서귀포시 색달동,중상사고,0,1,0,0,차대차 - 측면충돌,안전운전불이행,건조,맑음,단일로 - 기타,이륜,남,63세,중상,승용,여,28세,상해없음
2017020700100434,2017년 2월 7일 20시,화요일,제주특별자치도 서귀포시 중문동,경상사고,0,0,1,0,차대차 - 추돌,안전운전불이행,건조,맑음,단일로 - 기타,승용,남,25세,상해없음,이륜,남,30세,경상
2017020700100435,2017년 2월 7일 20시,화요일,제주특별자치도 서귀포시 성산읍,중상사고,0,2,0,0,차대사람 - 횡단중,보행자보호의무위반,건조,맑음,교차로 - 교차로횡단보도내,승용,남,38세,상해없음,보행자,여,20세,중상
2017020700100436,2017년 2월 7일 20시,화요일,제주특별자치도 서귀포시 표선면,경상사고,0,0,1,0,차대차 - 추돌,차로위반,건조,맑음,교차로 - 교차로안,화물,남,63세,상해없음,승용,남,60세,경상
2017020800100074,2017년 2월 8일 06시,수요일,제주특별자치도 제주시 애월읍,경상사고,0,0,1,0,차대사람 - 차도통행중,안전운전불이행,건조,맑음,단일로 - 기타,승용,여,70세,상해없음,보행자,남,83세,경상
2017020800100141,2017년 2월 8일 09시,수요일,제주특별자치도 제주시 이도이동,경상사고,0,0,1,0,차대차 - 측면충돌,교차로운행방법위반,건조,맑음,교차로 - 교차로안,승용,남,46세,상해없음,승용,남,56세,상해없음
2017020800100166,2017년 2월 8일 10시,수요일,제주특별자치도 서귀포시 강정동,경상사고,0,0,1,0,차대차 - 측면충돌,차로위반,건조,맑음,교차로 - 교차로부근,승용,여,41세,상해없음,화물,남,59세,경상
2017020800100212,2017년 2월 8일 12시,수요일,제주특별자치도 제주시 삼도이동,경상사고,0,0,1,0,차대차 - 측면충돌,교차로운행방법위반,건조,맑음,교차로 - 교차로안,승용,남,41세,상해없음,승용,남,70세,경상
2017020800100213,2017년 2월 8일 12시,수요일,제주특별자치도 서귀포시 안덕면,경상사고,0,0,2,0,차대차 - 측면충돌,직진우회전진행방해,건조,맑음,교차로 - 교차로안,승용,남,70세,상해없음,승용,여,24세,경상
2017020800100264,2017년 2월 8일 14시,수요일,제주특별자치도 제주시 삼도일동,중상사고,0,1,0,0,차대사람 - 기타,직진우회전진행방해,건조,흐림,교차로 - 교차로안,승용,남,48세,상해없음,보행자,남,81세,중상
2017020800100328,2017년 2월 8일 16시,수요일,제주특별자치도 제주시 조천읍,경상사고,0,0,1,0,차대차 - 측면충돌,신호위반,건조,맑음,단일로 - 기타,승용,여,31세,상해없음,농기계,남,74세,경상
2017020800100357,2017년 2월 8일 17시,수요일,제주특별자치도 서귀포시 성산읍,중상사고,0,1,1,0,차대차 - 측면충돌,직진우회전진행방해,젖음/습기,비,교차로 - 교차로안,승용,여,21세,상해없음,승용,남,62세,중상
2017020800100394,2017년 2월 8일 18시,수요일,제주특별자치도 제주시 아라일동,중상사고,0,1,0,0,차대차 - 추돌,안전운전불이행,적설,눈,단일로 - 기타,승용,남,32세,상해없음,승용,남,56세,중상
2017020800100395,2017년 2월 8일 18시,수요일,제주특별자치도 서귀포시 남원읍,경상사고,0,0,3,0,차대차 - 측면충돌,차로위반,건조,맑음,단일로 - 기타,화물,남,45세,상해없음,승용,남,27세,경상
2017020800100432,2017년 2월 8일 19시,수요일,제주특별자치도 서귀포시 색달동,중상사고,0,1,0,0,차대사람 - 기타,안전운전불이행,건조,맑음,단일로 - 기타,승용,남,51세,상해없음,보행자,남,44세,중상
2017020800100483,2017년 2월 8일 21시,수요일,제주특별자치도 제주시 삼도이동,경상사고,0,0,1,0,차대사람 - 횡단중,중앙선침범,젖음/습기,비,단일로 - 기타,승합,여,38세,상해없음,보행자,남,42세,경상
2017020800100528,2017년 2월 8일 23시,수요일,제주특별자치도 제주시 이도이동,경상사고,0,0,2,0,차대차 - 측면충돌,안전거리미확보,젖음/습기,비,단일로 - 기타,승용,여,45세,상해없음,승용,남,46세,경상
2017020800100529,2017년 2월 8일 23시,수요일,제주특별자치도 제주시 연동,경상사고,0,0,2,0,차대차 - 기타,안전거리미확보,젖음/습기,흐림,교차로 - 교차로안,승용,남,61세,상해없음,승용,남,50세,상해없음
2017020900100038,2017년 2월 9일 04시,목요일,제주특별자치도 제주시 노형동,경상사고,0,0,1,0,차대사람 - 차도통행중,안전운전불이행,건조,맑음,미분류 - 미분류,승용,남,68세,상해없음,보행자,남,40세,경상
2017020900100181,2017년 2월 9일 11시,목요일,제주특별자치도 제주시 연동,부상신고사고,0,0,0,1,차대차 - 측면충돌,직진우회전진행방해,건조,맑음,교차로 - 교차로안,승용,남,55세,상해없음,승용,남,30세,부상신고
2017020900100210,2017년 2월 9일 12시,목요일,제주특별자치도 서귀포시 성산읍,경상사고,0,0,3,0,차대차 - 측면충돌,직진우회전진행방해,젖음/습기,눈,교차로 - 교차로안,승용,남,57세,상해없음,승용,남,41세,경상
2017020900100211,2017년 2월 9일 12시,목요일,제주특별자치도 서귀포시 상효동,경상사고,0,0,1,0,차대차 - 측면충돌,안전운전불이행,건조,맑음,단일로 - 기타,승용,남,55세,상해없음,승용,여,31세,경상
2017020900100265,2017년 2월 9일 14시,목요일,제주특별자치도 제주시 삼도일동,경상사고,0,0,1,0,차대사람 - 길가장자리구역통행중,안전운전불이행,건조,기타,단일로 - 기타,승용,남,69세,상해없음,보행자,여,56세,경상
2017020900100266,2017년 2월 9일 14시,목요일,제주특별자치도 서귀포시 안덕면,중상사고,0,2,8,0,차대차 - 측면충돌,직진우회전진행방해,건조,맑음,교차로 - 교차로안,화물,남,48세,상해없음,승합,남,27세,경상
2017020900100267,2017년 2월 9일 14시,목요일,제주특별자치도 서귀포시 서홍동,경상사고,0,0,1,0,차대차 - 측면충돌,안전운전불이행,젖음/습기,눈,교차로 - 교차로부근,화물,남,46세,상해없음,이륜,남,24세,경상
2017020900100323,2017년 2월 9일 16시,목요일,제주특별자치도 제주시 한경면,경상사고,0,0,1,0,차대차 - 측면충돌,신호위반,건조,맑음,교차로 - 교차로안,승용,남,22세,상해없음,화물,남,62세,경상
2017020900100343,2017년 2월 9일 17시,목요일,제주특별자치도 서귀포시 하원동,경상사고,0,0,4,0,차량단독 - 전도전복,안전운전불이행,서리/결빙,눈,단일로 - 기타,승용,남,42세,경상,미분류,미분류,미분류,미분류
2017020900100430,2017년 2월 9일 19시,목요일,제주특별자치도 제주시 도련일동,경상사고,0,0,1,0,차대차 - 추돌,안전거리미확보,젖음/습기,흐림,단일로 - 기타,승용,여,38세,상해없음,이륜,남,37세,경상
2017020900100458,2017년 2월 9일 20시,목요일,제주특별자치도 서귀포시 표선면,중상사고,0,2,0,0,차대차 - 추돌,안전운전불이행,서리/결빙,눈,단일로 - 기타,승용,남,60세,상해없음,건설기계,남,42세,기타불명
2017021000100063,2017년 2월 10일 04시,금요일,제주특별자치도 제주시 화북일동,경상사고,0,0,1,0,차대차 - 기타,안전운전불이행,서리/결빙,눈,단일로 - 기타,승용,남,45세,경상,화물,여,59세,상해없음
2017021000100064,2017년 2월 10일 04시,금요일,제주특별자치도 제주시 연동,중상사고,0,1,0,0,차대사람 - 횡단중,안전운전불이행,적설,눈,교차로 - 교차로횡단보도내,승용,남,32세,상해없음,보행자,남,22세,중상
2017021000100099,2017년 2월 10일 07시,금요일,제주특별자치도 제주시 조천읍,경상사고,0,0,2,0,차대차 - 정면충돌,중앙선침범,서리/결빙,눈,단일로 - 기타,승용,남,59세,상해없음,승용,남,26세,경상
2017021000100138,2017년 2월 10일 08시,금요일,제주특별자치도 제주시 이도이동,중상사고,0,1,0,0,차대차 - 기타,안전운전불이행,서리/결빙,눈,단일로 - 기타,승용,남,40세,상해없음,승합,남,58세,중상
2017021000100139,2017년 2월 10일 08시,금요일,제주특별자치도 제주시 노형동,경상사고,0,0,1,0,차대사람 - 보도통행중,안전운전불이행,적설,눈,교차로 - 교차로횡단보도내,기타불명,남,미분류,기타불명,보행자,여,37세,경상