사고번호,사고일시,요일,시군구,사고내용,사망자수,중상자수,경상자수,부상신고자수,사고유형,법규위반,노면상태,기상상태,도로형태,가해운전자 차종,가해운전자 성별,가해운전자 연령,가해운전자 상해정도,피해운전자 차종,피해운전자 성별,피해운전자 연령,피해운전자 상해정도
2017021000100140,2017년 2월 10일 08시,금요일,제주특별자치도 제주시 노형동,중상사고,0,1,2,0,차대차 - 추돌,안전운전불이행,서리/결빙,눈,단일로 - 기타,승용,여,55세,경상,승용,남,50세,경상
2017021000100141,2017년 2월 10일 08시,금요일,제주특별자치도 제주시 연동,경상사고,0,0,1,0,차대사람 - 횡단중,보행자보호의무위반,적설,눈,교차로 - 교차로횡단보도내,승용,여,61세,기타불명,보행자,여,47세,경상
2017021000100191,2017년 2월 10일 10시,금요일,제주특별자치도 제주시 노형동,경상사고,0,0,2,0,차대차 - 추돌,안전운전불이행,건조,맑음,기타 - 기타,승합,남,58세,상해없음,승용,남,23세,경상
2017021000100283,2017년 2월 10일 14시,금요일,제주특별자치도 제주시 한경면,부상신고사고,0,0,0,2,차대차 - 추돌,안전운전불이행,건조,맑음,교차로 - 교차로부근,승용,남,79세,상해없음,승용,남,28세,부상신고
2017021000100310,2017년 2월 10일 15시,금요일,제주특별자치도 제주시 도남동,경상사고,0,0,1,0,차대사람 - 기타,안전운전불이행,건조,흐림,주차장 - 주차장,승용,남,42세,상해없음,보행자,여,43세,경상
2017021000100399,2017년 2월 10일 18시,금요일,제주특별자치도 제주시 한림읍,경상사고,0,0,2,0,차대차 - 측면충돌,직진우회전진행방해,건조,맑음,교차로 - 교차로안,승용,남,62세,상해없음,승용,여,34세,경상
2017021000100400,2017년 2월 10일 18시,금요일,제주특별자치도 제주시 애월읍,경상사고,0,0,11,0,차대차 - 정면충돌,중앙선침범,서리/결빙,흐림,단일로 - 기타,승용,남,75세,상해없음,승용,남,50세,경상
2017021000100503,2017년 2월 10일 20시,금요일,제주특별자치도 제주시 건입동,부상신고사고,0,0,0,1,차대차 - 기타,안전운전불이행,적설,눈,단일로 - 기타,승합,남,59세,상해없음,승용,여,26세,부상신고
2017021000100528,2017년 2월 10일 21시,금요일,제주특별자치도 제주시 구좌읍,경상사고,0,0,2,0,차대차 - 추돌,안전운전불이행,적설,눈,단일로 - 기타,승용,남,45세,상해없음,승용,남,27세,경상
2017021000100561,2017년 2월 10일 22시,금요일,제주특별자치도 제주시 노형동,경상사고,0,0,1,0,차대차 - 정면충돌,중앙선침범,젖음/습기,흐림,단일로 - 기타,승용,남,22세,상해없음,승용,남,70세,경상
2017021100100053,2017년 2월 11일 01시,토요일,제주특별자치도 제주시 도련일동,경상사고,0,0,1,0,차대차 - 측면충돌,안전운전불이행,서리/결빙,눈,단일로 - 기타,화물,남,43세,상해없음,화물,남,38세,경상
2017021100100187,2017년 2월 11일 10시,토요일,제주특별자치도 제주시 오등동,경상사고,0,0,1,0,차대차 - 추돌,안전운전불이행,서리/결빙,흐림,단일로 - 기타,승합,남,45세,상해없음,승용,남,47세,경상
2017021100100213,2017년 2월 11일 11시,토요일,제주특별자치도 서귀포시 안덕면,경상사고,0,0,1,0,차대차 - 기타,안전운전불이행,서리/결빙,눈,단일로 - 기타,승용,남,22세,경상,화물,남,36세,상해없음
2017021100100400,2017년 2월 11일 17시,토요일,제주특별자치도 제주시 노형동,경상사고,0,0,2,0,차대차 - 기타,안전운전불이행,건조,맑음,단일로 - 기타,승합,여,44세,상해없음,승용,남,35세,경상
2017021100100425,2017년 2월 11일 18시,토요일,제주특별자치도 제주시 삼도이동,경상사고,0,0,1,0,차대사람 - 차도통행중,안전운전불이행,적설,눈,교차로 - 교차로부근,승용,남,53세,상해없음,보행자,여,57세,경상
2017021100100426,2017년 2월 11일 18시,토요일,제주특별자치도 서귀포시 남원읍,경상사고,0,0,2,0,차대차 - 측면충돌,안전운전불이행,건조,맑음,교차로 - 교차로안,승용,여,51세,상해없음,화물,남,47세,경상
2017021100100427,2017년 2월 11일 18시,토요일,제주특별자치도 제주시 노형동,경상사고,0,0,5,0,차대차 - 추돌,안전운전불이행,건조,맑음,교차로 - 교차로부근,승용,여,44세,상해없음,승용,여,23세,경상
2017021100100462,2017년 2월 11일 19시,토요일,제주특별자치도 서귀포시 성산읍,경상사고,0,0,2,1,차대차 - 정면충돌,교차로운행방법위반,건조,맑음,교차로 - 교차로안,승용,남,52세,상해없음,승용,남,21세,부상신고
2017021100100548,2017년 2월 11일 22시,토요일,제주특별자치도 제주시 회천동,중상사고,0,1,0,0,차대차 - 추돌,안전운전불이행,적설,눈,단일로 - 기타,승용,남,46세,상해없음,승용,여,52세,중상
2017021200100071,2017년 2월 12일 04시,일요일,제주특별자치도 제주시 도남동,경상사고,0,0,1,0,차대사람 - 횡단중,안전운전불이행,건조,맑음,단일로 - 기타,승용,여,49세,상해없음,보행자,남,31세,경상
2017021200100177,2017년 2월 12일 11시,일요일,제주특별자치도 제주시 한림읍,경상사고,0,0,1,1,차대차 - 측면충돌,교차로운행방법위반,건조,맑음,교차로 - 교차로안,화물,남,75세,부상신고,이륜,여,61세,경상
2017021200100212,2017년 2월 12일 13시,일요일,제주특별자치도 제주시 오라일동,경상사고,0,0,1,0,차대차 - 기타,안전운전불이행,건조,맑음,교차로 - 교차로부근,승용,여,39세,상해없음,승용,남,37세,경상
2017021200100213,2017년 2월 12일 13시,일요일,제주특별자치도 제주시 용담삼동,중상사고,0,1,1,0,차대차 - 측면충돌,직진우회전진행방해,건조,맑음,교차로 - 교차로안,화물,남,65세,상해없음,이륜,남,17세,경상
2017021200100235,2017년 2월 12일 14시,일요일,제주특별자치도 서귀포시 성산읍,중상사고,0,1,0,0,차대차 - 추돌,안전거리미확보,건조,맑음,교차로 - 교차로부근,승용,남,56세,상해없음,원동기,여,78세,중상
2017021200100270,2017년 2월 12일 16시,일요일,제주특별자치도 제주시 조천읍,중상사고,0,1,3,0,차대차 - 기타,중앙선침범,건조,맑음,단일로 - 기타,승용,남,26세,상해없음,승용,남,45세,경상
2017021200100314,2017년 2월 12일 18시,일요일,제주특별자치도 제주시 건입동,중상사고,0,1,0,0,차대사람 - 횡단중,보행자보호의무위반,건조,맑음,단일로 - 기타,승용,여,67세,상해없음,보행자,남,70세,중상
2017021200100346,2017년 2월 12일 19시,일요일,제주특별자치도 제주시 이도이동,경상사고,0,0,1,0,차대사람 - 횡단중,안전운전불이행,건조,맑음,단일로 - 기타,승용,남,34세,상해없음,보행자,여,57세,경상
2017021200100347,2017년 2월 12일 19시,일요일,제주특별자치도 제주시 용담이동,중상사고,0,1,0,0,차대사람 - 횡단중,안전운전불이행,건조,맑음,단일로 - 기타,승용,남,43세,상해없음,보행자,남,79세,중상
2017021300100202,2017년 2월 13일 11시,월요일,제주특별자치도 제주시 구좌읍,중상사고,0,6,1,1,차대차 - 기타,신호위반,건조,맑음,교차로 - 교차로안,화물,남,83세,중상,승용,남,30세,중상
2017021300100203,2017년 2월 13일 11시,월요일,제주특별자치도 제주시 조천읍,중상사고,0,1,0,0,차대사람 - 기타,안전운전불이행,기타,맑음,단일로 - 기타,건설기계,남,57세,상해없음,보행자,남,60세,중상
2017021300100204,2017년 2월 13일 11시,월요일,제주특별자치도 제주시 연동,경상사고,0,0,1,0,차대사람 - 횡단중,안전운전불이행,건조,맑음,단일로 - 기타,승용,여,60세,상해없음,보행자,여,14세,경상
2017021300100256,2017년 2월 13일 13시,월요일,제주특별자치도 서귀포시 강정동,경상사고,0,0,1,0,차대차 - 측면충돌,안전운전불이행,건조,맑음,단일로 - 기타,승용,남,47세,상해없음,원동기,남,64세,경상
2017021300100257,2017년 2월 13일 13시,월요일,제주특별자치도 제주시 노형동,경상사고,0,0,1,0,차대차 - 추돌,직진우회전진행방해,건조,맑음,교차로 - 교차로안,승용,여,22세,상해없음,승용,여,40세,상해없음
2017021300100287,2017년 2월 13일 14시,월요일,제주특별자치도 서귀포시 남원읍,경상사고,0,0,2,0,차대차 - 측면충돌,신호위반,건조,맑음,교차로 - 교차로부근,승용,남,31세,상해없음,승용,남,46세,경상
2017021300100288,2017년 2월 13일 14시,월요일,제주특별자치도 제주시 애월읍,경상사고,0,0,1,0,차대차 - 측면충돌,중앙선침범,건조,맑음,단일로 - 기타,원동기,남,88세,경상,승용,남,50세,상해없음
2017021300100316,2017년 2월 13일 15시,월요일,제주특별자치도 서귀포시 중문동,경상사고,0,0,2,0,차대차 - 추돌,안전운전불이행,기타,맑음,단일로 - 기타,승용,남,51세,상해없음,승용,남,43세,경상
2017021300100340,2017년 2월 13일 16시,월요일,제주특별자치도 제주시 구좌읍,경상사고,0,0,2,0,차대차 - 정면충돌,교차로운행방법위반,건조,맑음,교차로 - 교차로안,화물,남,58세,상해없음,승용,남,22세,경상
2017021300100341,2017년 2월 13일 16시,월요일,제주특별자치도 제주시 이도이동,중상사고,0,1,0,0,차대차 - 측면충돌,교차로운행방법위반,기타,맑음,교차로 - 교차로안,승용,여,45세,상해없음,승용,여,25세,중상
2017021300100367,2017년 2월 13일 17시,월요일,제주특별자치도 제주시 조천읍,중상사고,0,3,0,0,차대차 - 기타,중앙선침범,건조,흐림,단일로 - 기타,승용,여,42세,상해없음,승용,남,56세,중상
2017021300100446,2017년 2월 13일 19시,월요일,제주특별자치도 제주시 조천읍,경상사고,0,0,2,0,차대차 - 추돌,안전운전불이행,건조,기타,교차로 - 교차로부근,승용,남,45세,상해없음,승용,남,50세,경상
2017021300100447,2017년 2월 13일 19시,월요일,제주특별자치도 제주시 노형동,경상사고,0,0,1,0,차대차 - 추돌,안전운전불이행,건조,맑음,단일로 - 기타,승용,남,51세,상해없음,승용,여,36세,경상
2017021300100514,2017년 2월 13일 21시,월요일,제주특별자치도 서귀포시 강정동,중상사고,0,1,0,0,차대사람 - 횡단중,안전운전불이행,건조,맑음,단일로 - 기타,승용,여,45세,상해없음,보행자,여,15세,중상
2017021300100543,2017년 2월 13일 22시,월요일,제주특별자치도 제주시 화북이동,경상사고,0,0,1,0,차량단독 - 전도전복,안전운전불이행,건조,맑음,단일로 - 기타,승용,남,24세,상해없음,미분류,미분류,미분류,미분류
2017021400100042,2017년 2월 14일 01시,화요일,제주특별자치도 서귀포시 상효동,경상사고,0,0,1,0,차량단독 - 전도전복 - 전도,안전거리미확보,건조,맑음,단일로 - 기타,승용,여,28세,경상,,,,
2017021400100144,2017년 2월 14일 08시,화요일,제주특별자치도 제주시 연동,경상사고,0,0,1,0,차대사람 - 차도통행중,안전운전불이행,건조,맑음,교차로 - 교차로부근,승용,남,35세,상해없음,보행자,남,40세,경상
2017021400100206,2017년 2월 14일 10시,화요일,제주특별자치도 제주시 한경면,중상사고,0,1,0,0,차대차 - 기타,안전거리미확보,건조,맑음,단일로 - 기타,승용,남,27세,상해없음,원동기,남,78세,중상
2017021400100234,2017년 2월 14일 11시,화요일,제주특별자치도 제주시 아라일동,경상사고,0,0,1,0,차대차 - 추돌,안전운전불이행,건조,맑음,교차로 - 교차로부근,승용,남,47세,상해없음,승용,남,61세,경상
2017021400100344,2017년 2월 14일 15시,화요일,제주특별자치도 제주시 외도일동,부상신고사고,0,0,0,1,차대사람 - 차도통행중,안전운전불이행,건조,맑음,교차로 - 교차로안,승용,여,50세,상해없음,보행자,여,69세,부상신고
2017021400100382,2017년 2월 14일 16시,화요일,제주특별자치도 서귀포시 동홍동,중상사고,0,2,0,0,차대차 - 측면충돌,신호위반,건조,맑음,교차로 - 교차로안,승용,여,24세,기타불명,화물,남,57세,중상
2017021400100383,2017년 2월 14일 16시,화요일,제주특별자치도 제주시 노형동,경상사고,0,0,1,0,차대사람 - 횡단중,보행자보호의무위반,건조,맑음,교차로 - 교차로횡단보도내,승용,남,34세,상해없음,보행자,남,60세,경상
2017021400100453,2017년 2월 14일 18시,화요일,제주특별자치도 서귀포시 서홍동,중상사고,0,1,0,0,차대사람 - 횡단중,안전운전불이행,건조,맑음,기타 - 기타,승용,남,31세,상해없음,보행자,남,45세,중상
2017021400100495,2017년 2월 14일 19시,화요일,제주특별자치도 서귀포시 호근동,경상사고,0,0,1,0,차량단독 - 전도전복 - 전도,안전운전불이행,건조,맑음,교차로 - 교차로부근,화물,남,78세,상해없음,,,,
2017021400100496,2017년 2월 14일 19시,화요일,제주특별자치도 제주시 연동,중상사고,0,1,0,0,차대사람 - 횡단중,보행자보호의무위반,건조,맑음,단일로 - 기타,승용,여,49세,상해없음,보행자,여,60세,중상
2017021400100575,2017년 2월 14일 22시,화요일,제주특별자치도 서귀포시 색달동,중상사고,0,1,1,0,차대차 - 추돌,안전거리미확보,건조,맑음,교차로 - 교차로부근,승합,남,52세,상해없음,승용,남,50세,중상
2017021500100133,2017년 2월 15일 08시,수요일,제주특별자치도 제주시 조천읍,경상사고,0,0,1,0,차대차 - 기타,신호위반,건조,맑음,교차로 - 교차로안,화물,남,54세,상해없음,화물,남,56세,경상
2017021500100250,2017년 2월 15일 12시,수요일,제주특별자치도 제주시 이도이동,경상사고,0,0,1,0,차대사람 - 횡단중,안전운전불이행,건조,맑음,단일로 - 기타,승용,여,56세,기타불명,보행자,남,35세,경상
2017021500100294,2017년 2월 15일 14시,수요일,제주특별자치도 제주시 일도이동,경상사고,0,0,1,0,차대차 - 기타,안전운전불이행,건조,맑음,교차로 - 교차로횡단보도내,자전거,남,53세,경상,승용,남,73세,상해없음
2017021500100322,2017년 2월 15일 15시,수요일,제주특별자치도 제주시 조천읍,경상사고,0,0,2,0,차대차 - 추돌,신호위반,건조,맑음,단일로 - 기타,승용,여,62세,상해없음,승용,남,28세,경상
2017021500100323,2017년 2월 15일 15시,수요일,제주특별자치도 서귀포시 하원동,경상사고,0,0,1,0,차대차 - 측면충돌,안전거리미확보,건조,맑음,단일로 - 기타,이륜,남,19세,상해없음,화물,남,46세,상해없음
2017021500100324,2017년 2월 15일 15시,수요일,제주특별자치도 제주시 노형동,경상사고,0,0,1,0,차대사람 - 횡단중,보행자보호의무위반,건조,맑음,교차로 - 교차로횡단보도내,승용,남,54세,상해없음,보행자,여,57세,경상
2017021500100351,2017년 2월 15일 16시,수요일,제주특별자치도 제주시 아라일동,경상사고,0,0,1,0,차대차 - 측면충돌,차로위반,건조,맑음,단일로 - 기타,승용,여,43세,상해없음,승용,여,46세,경상
2017021500100352,2017년 2월 15일 16시,수요일,제주특별자치도 제주시 연동,경상사고,0,0,1,0,차대차 - 추돌,안전운전불이행,건조,맑음,교차로 - 교차로안,승용,여,40세,상해없음,이륜,남,34세,경상
2017021500100353,2017년 2월 15일 16시,수요일,제주특별자치도 제주시 연동,경상사고,0,0,2,0,차대차 - 기타,안전운전불이행,건조,맑음,단일로 - 기타,승용,남,47세,상해없음,승용,남,41세,경상
2017021500100375,2017년 2월 15일 17시,수요일,제주특별자치도 제주시 구좌읍,경상사고,0,0,2,0,차대차 - 측면충돌,교차로운행방법위반,건조,맑음,교차로 - 교차로안,승용,여,50세,경상,승용,남,51세,경상
2017021500100376,2017년 2월 15일 17시,수요일,제주특별자치도 서귀포시 동홍동,경상사고,0,0,1,0,차량단독 - 기타,안전운전불이행,건조,맑음,단일로 - 기타,승용,남,53세,상해없음,,,,
2017021500100377,2017년 2월 15일 17시,수요일,제주특별자치도 제주시 노형동,경상사고,0,0,1,0,차대사람 - 횡단중,보행자보호의무위반,건조,흐림,교차로 - 교차로횡단보도내,승용,남,66세,상해없음,보행자,여,24세,경상
2017021500100409,2017년 2월 15일 18시,수요일,제주특별자치도 서귀포시 안덕면,경상사고,0,0,1,1,차대차 - 측면충돌,교차로운행방법위반,건조,맑음,교차로 - 교차로안,승용,여,28세,부상신고,화물,남,64세,경상
2017021500100472,2017년 2월 15일 20시,수요일,제주특별자치도 제주시 일도이동,경상사고,0,0,1,0,차대차 - 기타,교차로운행방법위반,건조,맑음,교차로 - 교차로안,승용,여,41세,상해없음,이륜,남,74세,경상
2017021500100524,2017년 2월 15일 22시,수요일,제주특별자치도 서귀포시 서귀동,경상사고,0,0,1,0,차대차 - 측면충돌,안전운전불이행,건조,맑음,단일로 - 기타,원동기,남,17세,경상,승용,남,56세,상해없음
2017021600100027,2017년 2월 16일 00시,목요일,제주특별자치도 제주시 연동,경상사고,0,0,1,0,차대차 - 측면충돌,안전운전불이행,건조,맑음,교차로 - 교차로안,승용,여,60세,상해없음,승용,남,57세,경상
2017021600100127,2017년 2월 16일 08시,목요일,제주특별자치도 서귀포시 서귀동,경상사고,0,0,1,0,차대차 - 측면충돌,직진우회전진행방해,건조,맑음,교차로 - 교차로안,승용,여,53세,상해없음,승용,남,61세,경상
2017021600100156,2017년 2월 16일 09시,목요일,제주특별자치도 제주시 구좌읍,중상사고,0,1,0,0,차대차 - 기타,직진우회전진행방해,건조,맑음,교차로 - 교차로안,승용,남,28세,상해없음,이륜,남,77세,중상
2017021600100190,2017년 2월 16일 10시,목요일,제주특별자치도 서귀포시 성산읍,경상사고,0,0,1,0,차대차 - 측면충돌,안전운전불이행,건조,맑음,교차로 - 교차로부근,승용,남,81세,상해없음,자전거,여,66세,경상
2017021600100210,2017년 2월 16일 11시,목요일,제주특별자치도 서귀포시 안덕면,경상사고,0,0,2,0,차대차 - 측면충돌,직진우회전진행방해,건조,맑음,교차로 - 교차로안,건설기계,남,32세,상해없음,승용,남,28세,경상
2017021600100211,2017년 2월 16일 11시,목요일,제주특별자치도 제주시 애월읍,경상사고,0,0,1,0,차대차 - 측면충돌,안전운전불이행,건조,맑음,교차로 - 교차로안,승용,여,66세,상해없음,농기계,남,78세,경상
2017021600100280,2017년 2월 16일 14시,목요일,제주특별자치도 제주시 구좌읍,경상사고,0,0,1,0,차대차 - 기타,교차로운행방법위반,건조,맑음,교차로 - 교차로안,승용,남,23세,상해없음,화물,남,55세,경상
2017021600100281,2017년 2월 16일 14시,목요일,제주특별자치도 제주시 일도이동,중상사고,0,1,0,0,차대차 - 측면충돌,차로위반,건조,맑음,단일로 - 기타,이륜,여,50세,중상,승용,남,53세,상해없음
2017021600100307,2017년 2월 16일 15시,목요일,제주특별자치도 제주시 조천읍,경상사고,0,0,1,0,차대사람 - 횡단중,기타,기타,맑음,단일로 - 기타,승합,남,51세,상해없음,보행자,여,80세,경상
2017021600100439,2017년 2월 16일 19시,목요일,제주특별자치도 제주시 이도일동,중상사고,0,1,0,0,차대사람 - 횡단중,보행자보호의무위반,건조,맑음,단일로 - 기타,승용,여,67세,상해없음,보행자,여,61세,중상
2017021600100584,2017년 2월 16일 23시,목요일,제주특별자치도 서귀포시 색달동,경상사고,0,0,1,0,차대차 - 추돌,안전거리미확보,건조,맑음,단일로 - 기타,원동기,남,27세,상해없음,승용,남,51세,경상
2017021700100083,2017년 2월 17일 03시,금요일,제주특별자치도 제주시 애월읍,부상신고사고,0,0,0,1,차량단독 - 전도전복,안전운전불이행,건조,맑음,단일로 - 기타,승용,남,27세,부상신고,미분류,미분류,미분류,미분류
2017021700100107,2017년 2월 17일 05시,금요일,제주특별자치도 서귀포시 동홍동,중상사고,0,1,8,0,차대차 - 추돌,안전운전불이행,건조,맑음,교차로 - 교차로부근,승용,남,33세,상해없음,승합,남,67세,경상
2017021700100236,2017년 2월 17일 11시,금요일,제주특별자치도 서귀포시 성산읍,경상사고,0,0,3,0,차대차 - 추돌,안전운전불이행,건조,맑음,교차로 - 교차로부근,승용,남,49세,상해없음,승용,남,25세,경상
2017021700100289,2017년 2월 17일 13시,금요일,제주특별자치도 제주시 일도이동,부상신고사고,0,0,0,1,차대차 - 측면충돌,안전운전불이행,건조,맑음,교차로 - 교차로부근,이륜,남,20세,부상신고,자전거,남,8세,상해없음
2017021700100315,2017년 2월 17일 14시,금요일,제주특별자치도 제주시 삼도일동,경상사고,0,0,1,0,차대차 - 기타,신호위반,건조,맑음,교차로 - 교차로횡단보도내,화물,남,26세,기타불명,자전거,남,14세,경상
2017021700100316,2017년 2월 17일 14시,금요일,제주특별자치도 제주시 도두일동,경상사고,0,0,1,0,차대사람 - 보도통행중,안전운전불이행,기타,맑음,기타 - 기타,기타불명,기타불명,미분류,기타불명,보행자,여,15세,경상
2017021700100350,2017년 2월 17일 15시,금요일,제주특별자치도 서귀포시 서귀동,부상신고사고,0,0,0,1,차대차 - 측면충돌,안전운전불이행,건조,맑음,교차로 - 교차로안,승용,남,47세,상해없음,승용,여,38세,부상신고
2017021700100351,2017년 2월 17일 15시,금요일,제주특별자치도 서귀포시 안덕면,중상사고,0,1,0,0,차대사람 - 차도통행중,안전운전불이행,기타,맑음,단일로 - 기타,승용,남,63세,상해없음,보행자,여,13세,중상
2017021700100352,2017년 2월 17일 15시,금요일,제주특별자치도 제주시 도평동,경상사고,0,0,1,0,차대사람 - 길가장자리구역통행중,안전운전불이행,건조,맑음,단일로 - 기타,화물,남,66세,상해없음,보행자,여,1세,경상
2017021700100384,2017년 2월 17일 16시,금요일,제주특별자치도 제주시 한림읍,중상사고,0,1,2,0,차대차 - 측면충돌,신호위반,건조,맑음,교차로 - 교차로안,승용,남,57세,상해없음,승용,남,52세,경상
2017021700100511,2017년 2월 17일 19시,금요일,제주특별자치도 서귀포시 서홍동,중상사고,0,1,0,0,차대차 - 추돌,안전거리미확보,건조,맑음,교차로 - 교차로부근,승용,남,34세,상해없음,이륜,남,37세,중상
2017021700100543,2017년 2월 17일 20시,금요일,제주특별자치도 제주시 이도이동,경상사고,0,0,1,0,차대차 - 측면충돌,안전운전불이행,건조,맑음,단일로 - 기타,승용,남,64세,상해없음,승용,남,35세,경상
2017021800100081,2017년 2월 18일 03시,토요일,제주특별자치도 서귀포시 도순동,중상사고,0,1,0,0,차량단독 - 전도전복 - 전도,안전운전불이행,건조,맑음,단일로 - 기타,승용,남,32세,중상,,,,
2017021800100088,2017년 2월 18일 04시,토요일,제주특별자치도 제주시 연동,경상사고,0,0,1,0,차대차 - 추돌,안전운전불이행,건조,맑음,단일로 - 기타,승용,남,26세,상해없음,승용,남,48세,경상
2017021800100089,2017년 2월 18일 04시,토요일,제주특별자치도 제주시 연동,중상사고,0,2,0,0,차대차 - 기타,안전운전불이행,건조,맑음,교차로 - 교차로횡단보도내,승합,남,30세,상해없음,승용,남,33세,중상
2017021800100118,2017년 2월 18일 06시,토요일,제주특별자치도 서귀포시 서홍동,경상사고,0,0,1,0,차대차 - 측면충돌,안전운전불이행,건조,맑음,단일로 - 기타,기타불명,기타불명,미분류,기타불명,승용,남,25세,경상
2017021800100233,2017년 2월 18일 11시,토요일,제주특별자치도 제주시 노형동,중상사고,0,1,0,0,차대차 - 측면충돌,신호위반,건조,맑음,교차로 - 교차로부근,승용,여,49세,상해없음,이륜,남,56세,중상
2017021800100234,2017년 2월 18일 11시,토요일,제주특별자치도 제주시 연동,경상사고,0,0,1,0,차대차 - 기타,안전운전불이행,건조,맑음,단일로 - 기타,승용,남,53세,기타불명,승합,남,43세,상해없음
2017021800100297,2017년 2월 18일 13시,토요일,제주특별자치도 제주시 노형동,중상사고,0,1,0,0,차대사람 - 횡단중,신호위반,건조,맑음,교차로 - 교차로안,승용,남,71세,상해없음,보행자,여,67세,중상
2017021800100327,2017년 2월 18일 14시,토요일,제주특별자치도 제주시 노형동,경상사고,0,0,2,0,차대차 - 기타,안전운전불이행,건조,맑음,단일로 - 기타,승용,남,60세,기타불명,승용,여,51세,경상
2017021800100420,2017년 2월 18일 17시,토요일,제주특별자치도 서귀포시 동홍동,중상사고,0,2,1,0,차대차 - 추돌,안전운전불이행,건조,맑음,교차로 - 교차로부근,화물,남,41세,중상,화물,남,51세,상해없음
2017021800100448,2017년 2월 18일 18시,토요일,제주특별자치도 서귀포시 서홍동,중상사고,0,1,0,0,차대차 - 측면충돌,교차로운행방법위반,건조,맑음,교차로 - 교차로안,승용,남,66세,상해없음,원동기,남,17세,중상
2017021800100449,2017년 2월 18일 18시,토요일,제주특별자치도 제주시 노형동,경상사고,0,0,1,0,차대차 - 추돌,안전운전불이행,건조,맑음,교차로 - 교차로부근,승용,남,49세,상해없음,승용,남,41세,경상
2017021800100475,2017년 2월 18일 19시,토요일,제주특별자치도 제주시 조천읍,경상사고,0,0,1,0,차대차 - 정면충돌,안전운전불이행,건조,맑음,단일로 - 기타,승용,남,58세,상해없음,승용,남,41세,경상
2017021900100022,2017년 2월 19일 00시,일요일,제주특별자치도 제주시 일도이동,사망사고,2,0,0,0,차대사람 - 횡단중,안전운전불이행,건조,흐림,단일로 - 기타,승용,남,44세,상해없음,보행자,남,51세,사망
2017021900100100,2017년 2월 19일 06시,일요일,제주특별자치도 제주시 아라일동,중상사고,0,1,0,0,차대차 - 측면충돌,신호위반,건조,맑음,교차로 - 교차로안,승용,남,57세,상해없음,건설기계,남,32세,중상
2017021900100175,2017년 2월 19일 12시,일요일,제주특별자치도 서귀포시 중문동,중상사고,0,1,0,0,차대차 - 측면충돌,직진우회전진행방해,건조,맑음,교차로 - 교차로안,화물,남,46세,상해없음,이륜,남,70세,중상
2017021900100195,2017년 2월 19일 13시,일요일,제주특별자치도 제주시 조천읍,중상사고,0,1,0,0,차대차 - 측면충돌,신호위반,건조,맑음,교차로 - 교차로안,승용,남,27세,상해없음,승용,남,30세,상해없음
2017021900100196,2017년 2월 19일 13시,일요일,제주도 서귀포시,중상사고,0,1,4,0,차대차 - 측면충돌,안전운전불이행,기타,맑음,교차로 - 교차로부근,화물,남,60세,상해없음,승용,여,41세,경상
2017021900100280,2017년 2월 19일 17시,일요일,제주특별자치도 제주시 연동,경상사고,0,0,1,0,차대사람 - 길가장자리구역통행중,안전운전불이행,건조,맑음,교차로 - 교차로부근,화물,남,42세,상해없음,보행자,여,67세,경상
2017021900100281,2017년 2월 19일 17시,일요일,제주특별자치도 제주시 내도동,경상사고,0,0,4,0,차대차 - 측면충돌,교차로운행방법위반,건조,맑음,교차로 - 교차로안,승용,남,33세,경상,화물,남,39세,경상
2017021900100314,2017년 2월 19일 18시,일요일,제주특별자치도 서귀포시 서홍동,경상사고,0,0,1,0,차대차 - 측면충돌,직진우회전진행방해,건조,맑음,교차로 - 교차로안,이륜,남,38세,경상,화물,남,66세,상해없음
2017021900100343,2017년 2월 19일 19시,일요일,제주특별자치도 제주시 한림읍,사망사고,1,0,0,0,차대차 - 추돌,안전운전불이행,건조,흐림,단일로 - 기타,승용,남,29세,상해없음,사륜오토바이(ATV),남,84세,사망
2017021900100371,2017년 2월 19일 20시,일요일,제주특별자치도 제주시 내도동,경상사고,0,0,2,0,차대차 - 추돌,안전거리미확보,건조,맑음,단일로 - 기타,승용,남,31세,상해없음,화물,남,29세,경상
2017022000100029,2017년 2월 20일 01시,월요일,제주특별자치도 제주시 일도이동,경상사고,0,0,1,0,차대사람 - 횡단중,보행자보호의무위반,건조,기타,교차로 - 교차로안,승용,남,57세,상해없음,보행자,남,35세,경상
2017022000100061,2017년 2월 20일 06시,월요일,제주특별자치도 제주시 한림읍,경상사고,0,0,1,0,차대차 - 측면충돌,직진우회전진행방해,젖음/습기,비,교차로 - 교차로안,승용,남,61세,상해없음,승용,남,58세,경상
2017022000100085,2017년 2월 20일 07시,월요일,제주특별자치도 제주시 용담일동,경상사고,0,0,1,0,차대차 - 측면충돌,안전운전불이행,기타,맑음,단일로 - 기타,승용,남,47세,상해없음,승용,남,48세,경상
2017022000100135,2017년 2월 20일 09시,월요일,제주특별자치도 서귀포시 표선면,경상사고,0,0,1,0,차대차 - 측면충돌,직진우회전진행방해,건조,맑음,교차로 - 교차로안,승용,남,23세,경상,승용,남,64세,상해없음