사고번호,사고일시,요일,시군구,사고내용,사망자수,중상자수,경상자수,부상신고자수,사고유형,법규위반,노면상태,기상상태,도로형태,가해운전자 차종,가해운전자 성별,가해운전자 연령,가해운전자 상해정도,피해운전자 차종,피해운전자 성별,피해운전자 연령,피해운전자 상해정도
2017022000100160,2017년 2월 20일 10시,월요일,제주특별자치도 제주시 애월읍,중상사고,0,1,0,0,차대차 - 측면충돌,기타,젖음/습기,비,교차로 - 교차로안,승용,여,38세,상해없음,승용,여,55세,중상
2017022000100221,2017년 2월 20일 12시,월요일,제주특별자치도 제주시 연동,경상사고,0,0,1,0,차대차 - 측면충돌,교차로운행방법위반,건조,맑음,교차로 - 교차로안,승합,남,62세,경상,승용,남,52세,상해없음
2017022000100239,2017년 2월 20일 13시,월요일,제주특별자치도 제주시 일도이동,경상사고,0,0,1,0,차대차 - 기타,중앙선침범,건조,맑음,단일로 - 기타,승용,여,50세,상해없음,승용,남,49세,경상
2017022000100301,2017년 2월 20일 15시,월요일,제주특별자치도 제주시 이도이동,경상사고,0,0,1,0,차대사람 - 횡단중,신호위반,건조,맑음,단일로 - 기타,이륜,남,24세,상해없음,보행자,여,61세,경상
2017022000100335,2017년 2월 20일 16시,월요일,제주특별자치도 제주시 이도이동,경상사고,0,0,1,0,차대사람 - 횡단중,안전운전불이행,건조,흐림,단일로 - 기타,승용,남,43세,상해없음,보행자,남,11세,경상
2017022000100363,2017년 2월 20일 17시,월요일,제주특별자치도 서귀포시 서홍동,경상사고,0,0,1,0,차대차 - 측면충돌,신호위반,건조,맑음,교차로 - 교차로안,승용,남,51세,상해없음,승용,남,60세,경상
2017022000100395,2017년 2월 20일 18시,월요일,제주특별자치도 서귀포시 중문동,경상사고,0,0,1,0,차대차 - 정면충돌,직진우회전진행방해,건조,맑음,교차로 - 교차로안,화물,여,55세,상해없음,이륜,남,32세,경상
2017022000100396,2017년 2월 20일 18시,월요일,제주특별자치도 서귀포시 표선면,경상사고,0,0,1,0,차량단독 - 기타,기타,건조,맑음,단일로 - 기타,승합,남,43세,상해없음,,,,
2017022000100432,2017년 2월 20일 19시,월요일,제주특별자치도 제주시 구좌읍,중상사고,0,1,1,0,차대차 - 정면충돌,교차로운행방법위반,건조,흐림,교차로 - 교차로부근,승합,여,52세,중상,승용,남,71세,경상
2017022000100433,2017년 2월 20일 19시,월요일,제주특별자치도 서귀포시 성산읍,중상사고,0,1,0,0,차대사람 - 횡단중,보행자보호의무위반,건조,맑음,단일로 - 기타,승용,여,53세,상해없음,보행자,남,64세,중상
2017022000100434,2017년 2월 20일 19시,월요일,제주특별자치도 서귀포시 대정읍,경상사고,0,0,1,0,차대차 - 측면충돌,안전거리미확보,건조,맑음,단일로 - 기타,승용,여,47세,상해없음,승용,남,31세,경상
2017022000100493,2017년 2월 20일 21시,월요일,제주특별자치도 제주시 이도이동,경상사고,0,0,1,0,차대사람 - 기타,안전운전불이행,건조,맑음,단일로 - 기타,승용,남,53세,상해없음,보행자,남,45세,경상
2017022000100506,2017년 2월 20일 22시,월요일,제주특별자치도 서귀포시 서귀동,경상사고,0,0,1,0,차대차 - 측면충돌,직진우회전진행방해,건조,맑음,교차로 - 교차로안,승용,여,47세,상해없음,승용,여,55세,경상
2017022100100053,2017년 2월 21일 03시,화요일,제주특별자치도 제주시 연동,중상사고,0,2,0,0,차대사람 - 횡단중,신호위반,건조,맑음,단일로 - 기타,승용,여,56세,상해없음,보행자,남,21세,중상
2017022100100148,2017년 2월 21일 09시,화요일,제주특별자치도 제주시 연동,경상사고,0,0,1,0,차대차 - 기타,안전운전불이행,기타,맑음,교차로 - 교차로안,승용,남,29세,상해없음,승용,남,69세,경상
2017022100100227,2017년 2월 21일 12시,화요일,제주특별자치도 제주시 애월읍,경상사고,0,0,1,2,차량단독 - 기타,안전운전불이행,건조,맑음,단일로 - 기타,승용,여,19세,부상신고,,,,
2017022100100248,2017년 2월 21일 13시,화요일,제주특별자치도 서귀포시 동홍동,경상사고,0,0,1,0,차대차 - 기타,신호위반,건조,맑음,교차로 - 교차로안,승용,남,39세,상해없음,자전거,남,16세,경상
2017022100100304,2017년 2월 21일 15시,화요일,제주특별자치도 제주시 아라이동,경상사고,0,0,1,0,차대차 - 측면충돌,안전운전불이행,건조,맑음,교차로 - 교차로부근,자전거,남,9세,경상,승용,여,26세,상해없음
2017022100100305,2017년 2월 21일 15시,화요일,제주특별자치도 서귀포시 성산읍,부상신고사고,0,0,0,1,차대차 - 측면충돌,안전운전불이행,건조,맑음,교차로 - 교차로부근,이륜,남,20세,부상신고,화물,남,55세,상해없음
2017022100100337,2017년 2월 21일 16시,화요일,제주특별자치도 제주시 일도이동,경상사고,0,0,1,0,차대차 - 측면충돌,교차로운행방법위반,기타,맑음,교차로 - 교차로안,승용,여,56세,상해없음,승용,여,43세,경상
2017022100100355,2017년 2월 21일 17시,화요일,제주특별자치도 제주시 구좌읍,경상사고,0,0,9,0,차대차 - 기타,안전운전불이행,건조,맑음,단일로 - 기타,승용,남,76세,상해없음,승용,여,40세,경상
2017022100100421,2017년 2월 21일 19시,화요일,제주특별자치도 제주시 삼도이동,경상사고,0,0,1,0,차대사람 - 횡단중,교차로운행방법위반,건조,흐림,교차로 - 교차로안,승용,남,61세,상해없음,보행자,남,55세,경상
2017022100100445,2017년 2월 21일 20시,화요일,제주특별자치도 제주시 한경면,경상사고,0,0,1,0,차대차 - 측면충돌,안전운전불이행,건조,맑음,단일로 - 기타,이륜,남,37세,경상,승용,남,60세,상해없음
2017022100100484,2017년 2월 21일 22시,화요일,제주특별자치도 제주시 연동,경상사고,0,0,1,0,차대차 - 기타,안전운전불이행,건조,맑음,단일로 - 기타,화물,남,42세,상해없음,원동기,남,17세,경상
2017022100100485,2017년 2월 21일 22시,화요일,제주특별자치도 제주시 연동,중상사고,0,1,0,0,차대사람 - 기타,안전운전불이행,기타,기타,기타 - 기타,기타불명,기타불명,미분류,기타불명,보행자,여,81세,중상
2017022200100044,2017년 2월 22일 03시,수요일,제주특별자치도 제주시 연동,경상사고,0,0,1,0,차대사람 - 횡단중,안전운전불이행,젖음/습기,흐림,단일로 - 기타,승용,남,37세,기타불명,보행자,여,16세,경상
2017022200100050,2017년 2월 22일 04시,수요일,제주특별자치도 서귀포시 동홍동,경상사고,0,0,1,0,차대사람 - 기타,안전운전불이행,건조,맑음,단일로 - 기타,승용,여,61세,상해없음,보행자,남,25세,경상
2017022200100069,2017년 2월 22일 06시,수요일,제주특별자치도 제주시 화북일동,중상사고,0,1,0,0,차대사람 - 횡단중,보행자보호의무위반,젖음/습기,비,교차로 - 교차로횡단보도내,화물,여,60세,상해없음,보행자,여,30세,중상
2017022200100070,2017년 2월 22일 06시,수요일,제주특별자치도 제주시 삼도이동,중상사고,0,2,0,0,차대사람 - 횡단중,보행자보호의무위반,젖음/습기,비,단일로 - 기타,승합,남,68세,상해없음,보행자,여,66세,중상
2017022200100169,2017년 2월 22일 10시,수요일,제주특별자치도 제주시 화북이동,경상사고,0,0,1,0,차대차 - 추돌,안전거리미확보,건조,맑음,교차로 - 교차로부근,승용,남,22세,경상,화물,남,33세,상해없음
2017022200100170,2017년 2월 22일 10시,수요일,제주특별자치도 제주시 이도이동,경상사고,0,0,1,0,차대사람 - 횡단중,안전운전불이행,젖음/습기,비,교차로 - 교차로부근,기타불명,기타불명,미분류,기타불명,보행자,여,41세,경상
2017022200100171,2017년 2월 22일 10시,수요일,제주특별자치도 제주시 한림읍,중상사고,0,1,0,0,차량단독 - 전도전복 - 전도,안전운전불이행,젖음/습기,비,단일로 - 기타,승용,여,41세,중상,,,,
2017022200100229,2017년 2월 22일 12시,수요일,제주특별자치도 서귀포시 토평동,중상사고,0,3,0,0,차대차 - 기타,안전운전불이행,젖음/습기,비,단일로 - 기타,승용,여,41세,상해없음,화물,남,48세,상해없음
2017022200100258,2017년 2월 22일 13시,수요일,제주특별자치도 제주시 이도이동,중상사고,0,1,1,0,차대차 - 추돌,안전운전불이행,젖음/습기,비,교차로 - 교차로횡단보도내,승용,남,37세,상해없음,승용,여,43세,중상
2017022200100259,2017년 2월 22일 13시,수요일,제주특별자치도 제주시 연동,경상사고,0,0,1,0,차대차 - 추돌,안전거리미확보,젖음/습기,비,단일로 - 기타,승용,남,62세,상해없음,승용,여,43세,상해없음
2017022200100302,2017년 2월 22일 15시,수요일,제주특별자치도 서귀포시 서홍동,경상사고,0,0,3,0,차대차 - 측면충돌,안전운전불이행,젖음/습기,흐림,단일로 - 기타,화물,남,50세,상해없음,승용,여,41세,경상
2017022200100303,2017년 2월 22일 15시,수요일,제주특별자치도 서귀포시 남원읍,중상사고,0,1,0,0,차량단독 - 기타,안전운전불이행,젖음/습기,비,단일로 - 기타,승용,남,29세,상해없음,,,,
2017022200100328,2017년 2월 22일 16시,수요일,제주특별자치도 제주시 노형동,부상신고사고,0,0,0,1,차대차 - 기타,안전운전불이행,젖음/습기,비,교차로 - 교차로안,이륜,남,27세,부상신고,승용,남,32세,상해없음
2017022200100358,2017년 2월 22일 17시,수요일,제주특별자치도 서귀포시 대정읍,경상사고,0,0,1,0,차대차 - 측면충돌,교차로운행방법위반,젖음/습기,비,교차로 - 교차로안,승용,여,46세,상해없음,승용,남,47세,경상
2017022200100449,2017년 2월 22일 19시,수요일,제주특별자치도 제주시 삼도일동,경상사고,0,0,1,0,차대사람 - 횡단중,신호위반,젖음/습기,비,단일로 - 기타,승용,남,46세,상해없음,보행자,남,12세,경상
2017022200100495,2017년 2월 22일 20시,수요일,제주특별자치도 제주시 일도이동,경상사고,0,0,2,0,차대차 - 정면충돌,안전거리미확보,젖음/습기,비,단일로 - 기타,승용,여,61세,상해없음,승용,남,50세,경상
2017022200100537,2017년 2월 22일 21시,수요일,제주특별자치도 제주시 노형동,경상사고,0,0,5,0,차대차 - 측면충돌,안전운전불이행,젖음/습기,비,교차로 - 교차로안,승용,여,45세,경상,승용,남,53세,경상
2017022300100028,2017년 2월 23일 00시,목요일,제주특별자치도 제주시 노형동,중상사고,0,1,0,0,차대차 - 기타,안전거리미확보,건조,맑음,단일로 - 기타,승용,남,54세,상해없음,승용,남,51세,중상
2017022300100052,2017년 2월 23일 02시,목요일,제주특별자치도 제주시 이도이동,중상사고,0,1,0,0,차대사람 - 횡단중,안전운전불이행,기타,맑음,교차로 - 교차로안,승합,남,42세,상해없음,보행자,남,26세,중상
2017022300100121,2017년 2월 23일 08시,목요일,제주특별자치도 제주시 삼도이동,경상사고,0,0,1,0,차대차 - 측면충돌,신호위반,건조,맑음,교차로 - 교차로안,화물,남,64세,상해없음,승용,남,35세,경상
2017022300100278,2017년 2월 23일 14시,목요일,제주특별자치도 제주시 일도이동,경상사고,0,0,1,0,차대사람 - 횡단중,안전운전불이행,건조,맑음,단일로 - 기타,승용,남,54세,상해없음,보행자,남,62세,경상
2017022300100339,2017년 2월 23일 16시,목요일,제주특별자치도 제주시 용담일동,중상사고,0,1,2,0,차대차 - 기타,안전거리미확보,건조,맑음,단일로 - 기타,승용,여,45세,상해없음,승합,남,49세,상해없음
2017022300100340,2017년 2월 23일 16시,목요일,제주특별자치도 제주시 아라이동,중상사고,0,1,6,0,차대차 - 기타,중앙선침범,건조,맑음,단일로 - 기타,승용,남,67세,상해없음,승용,여,39세,중상
2017022300100341,2017년 2월 23일 16시,목요일,제주특별자치도 서귀포시 강정동,경상사고,0,0,3,0,차대차 - 추돌,안전거리미확보,건조,맑음,교차로 - 교차로안,승용,남,21세,상해없음,승용,남,42세,경상
2017022300100508,2017년 2월 23일 21시,목요일,제주특별자치도 제주시 이도이동,경상사고,0,0,2,0,차대사람 - 횡단중,안전운전불이행,건조,맑음,교차로 - 교차로안,승용,여,20세,기타불명,보행자,남,24세,경상
2017022400100086,2017년 2월 24일 06시,금요일,제주특별자치도 제주시 한림읍,중상사고,0,1,0,0,차대차 - 기타,안전운전불이행,건조,맑음,단일로 - 기타,승용,남,23세,중상,승용,남,45세,상해없음
2017022400100122,2017년 2월 24일 08시,금요일,제주특별자치도 제주시 일도이동,경상사고,0,0,1,0,차대차 - 측면충돌,직진우회전진행방해,건조,흐림,교차로 - 교차로안,승용,여,48세,상해없음,화물,남,29세,경상
2017022400100177,2017년 2월 24일 10시,금요일,제주특별자치도 제주시 연동,경상사고,0,0,1,0,차대차 - 측면충돌,안전거리미확보,건조,맑음,단일로 - 기타,승용,남,73세,상해없음,승용,여,44세,경상
2017022400100209,2017년 2월 24일 11시,금요일,제주특별자치도 제주시 이도이동,중상사고,0,1,0,0,차대사람 - 기타,안전운전불이행,건조,맑음,단일로 - 기타,승용,남,69세,상해없음,보행자,여,82세,중상
2017022400100210,2017년 2월 24일 11시,금요일,제주특별자치도 서귀포시 대포동,사망사고,1,0,0,0,차량단독 - 전도전복,안전운전불이행,건조,맑음,단일로 - 기타,화물,남,58세,사망,미분류,미분류,미분류,미분류
2017022400100211,2017년 2월 24일 11시,금요일,제주특별자치도 제주시 노형동,경상사고,0,0,1,0,차대사람 - 횡단중,보행자보호의무위반,건조,맑음,교차로 - 교차로횡단보도내,승용,남,51세,상해없음,보행자,남,48세,경상
2017022400100243,2017년 2월 24일 12시,금요일,제주특별자치도 서귀포시 남원읍,경상사고,0,0,2,1,차대차 - 측면충돌,직진우회전진행방해,건조,맑음,교차로 - 교차로안,승용,남,58세,부상신고,승용,남,39세,경상
2017022400100244,2017년 2월 24일 12시,금요일,제주특별자치도 서귀포시 성산읍,경상사고,0,0,1,0,차대차 - 기타,안전거리미확보,건조,맑음,단일로 - 기타,승용,남,25세,상해없음,화물,남,75세,경상
2017022400100270,2017년 2월 24일 13시,금요일,제주특별자치도 제주시 이도이동,경상사고,0,0,1,0,차대차 - 측면충돌,교차로운행방법위반,건조,맑음,교차로 - 교차로안,승용,남,52세,상해없음,이륜,남,26세,경상
2017022400100333,2017년 2월 24일 15시,금요일,제주특별자치도 제주시 삼도이동,경상사고,0,0,1,0,차대차 - 측면충돌,안전운전불이행,기타,맑음,교차로 - 교차로안,화물,남,49세,상해없음,승용,남,62세,경상
2017022400100334,2017년 2월 24일 15시,금요일,제주특별자치도 제주시 한경면,경상사고,0,0,1,0,차량단독 - 전도전복 - 전도,안전운전불이행,건조,맑음,단일로 - 기타,승용,여,49세,경상,,,,
2017022400100365,2017년 2월 24일 16시,금요일,제주특별자치도 제주시 이도일동,경상사고,0,0,1,0,차대차 - 측면충돌,안전운전불이행,건조,맑음,교차로 - 교차로안,이륜,남,20세,경상,승합,남,68세,상해없음
2017022400100366,2017년 2월 24일 16시,금요일,제주특별자치도 서귀포시 성산읍,경상사고,0,0,2,0,차대차 - 측면충돌,직진우회전진행방해,건조,맑음,교차로 - 교차로안,화물,남,68세,상해없음,승용,남,25세,경상
2017022400100367,2017년 2월 24일 16시,금요일,제주특별자치도 서귀포시 강정동,중상사고,0,1,0,0,차대차 - 측면충돌,안전운전불이행,건조,맑음,교차로 - 교차로부근,승용,여,55세,상해없음,이륜,남,83세,중상
2017022400100432,2017년 2월 24일 18시,금요일,제주특별자치도 제주시 건입동,중상사고,0,2,0,0,차대사람 - 횡단중,보행자보호의무위반,건조,맑음,교차로 - 교차로부근,승용,남,22세,상해없음,보행자,남,68세,중상
2017022400100543,2017년 2월 24일 21시,금요일,제주특별자치도 제주시 이도이동,경상사고,0,0,1,0,차대차 - 측면충돌,안전운전불이행,건조,맑음,교차로 - 교차로부근,승용,남,44세,상해없음,이륜,남,17세,경상
2017022500100027,2017년 2월 25일 00시,토요일,제주특별자치도 서귀포시 표선면,경상사고,0,0,1,0,차대사람 - 차도통행중,안전운전불이행,건조,맑음,교차로 - 교차로안,승용,남,58세,상해없음,보행자,남,59세,경상
2017022500100165,2017년 2월 25일 08시,토요일,제주특별자치도 서귀포시 강정동,경상사고,0,0,1,1,차대차 - 측면충돌,직진우회전진행방해,건조,맑음,교차로 - 교차로안,승용,여,46세,부상신고,승용,남,56세,경상
2017022500100357,2017년 2월 25일 15시,토요일,제주특별자치도 서귀포시 서홍동,중상사고,0,1,0,1,차량단독 - 전도전복 - 전도,안전운전불이행,건조,맑음,단일로 - 기타,화물,남,70세,부상신고,,,,
2017022500100358,2017년 2월 25일 15시,토요일,제주특별자치도 제주시 이호이동,경상사고,0,0,1,0,차대사람 - 보도통행중,기타,기타,맑음,기타 - 기타,화물,남,43세,기타불명,보행자,남,46세,경상
2017022500100398,2017년 2월 25일 16시,토요일,제주특별자치도 제주시 도두이동,경상사고,0,0,1,0,차대차 - 측면충돌,안전운전불이행,건조,맑음,단일로 - 기타,승용,남,27세,상해없음,화물,남,67세,경상
2017022500100432,2017년 2월 25일 17시,토요일,제주특별자치도 제주시 아라이동,경상사고,0,0,1,0,차대사람 - 횡단중,안전운전불이행,건조,맑음,교차로 - 교차로부근,승용,남,74세,상해없음,보행자,여,57세,경상
2017022600100117,2017년 2월 26일 07시,일요일,제주특별자치도 제주시 오라이동,중상사고,0,2,1,0,차대차 - 측면충돌,중앙선침범,건조,맑음,단일로 - 기타,화물,남,54세,중상,승용,남,37세,경상
2017022600100168,2017년 2월 26일 11시,일요일,제주특별자치도 제주시 외도일동,경상사고,0,0,1,0,차대사람 - 길가장자리구역통행중,안전운전불이행,건조,맑음,단일로 - 기타,승용,여,60세,상해없음,보행자,남,50세,경상
2017022600100252,2017년 2월 26일 15시,일요일,제주특별자치도 제주시 일도일동,경상사고,0,0,1,0,차대사람 - 횡단중,보행자보호의무위반,건조,맑음,단일로 - 기타,승용,남,52세,상해없음,보행자,여,49세,경상
2017022600100277,2017년 2월 26일 16시,일요일,제주특별자치도 제주시 애월읍,중상사고,0,1,1,0,차대차 - 기타,신호위반,건조,맑음,교차로 - 교차로안,승용,남,20세,상해없음,화물,남,40세,중상
2017022600100408,2017년 2월 26일 21시,일요일,제주특별자치도 제주시 오라이동,부상신고사고,0,0,0,1,차대차 - 측면충돌,안전거리미확보,건조,맑음,단일로 - 기타,승용,남,27세,상해없음,승용,남,24세,상해없음
2017022700100043,2017년 2월 27일 02시,월요일,제주특별자치도 제주시 한경면,경상사고,0,0,1,0,차량단독 - 전도전복 - 전도,안전운전불이행,건조,맑음,단일로 - 기타,승용,남,34세,경상,,,,
2017022700100096,2017년 2월 27일 07시,월요일,제주특별자치도 서귀포시 남원읍,중상사고,0,1,0,0,차대사람 - 횡단중,보행자보호의무위반,건조,맑음,단일로 - 기타,승용,남,63세,상해없음,보행자,남,75세,중상
2017022700100097,2017년 2월 27일 07시,월요일,제주특별자치도 제주시 애월읍,부상신고사고,0,0,0,2,차대차 - 측면충돌,직진우회전진행방해,건조,맑음,교차로 - 교차로안,승용,남,47세,부상신고,승용,여,63세,상해없음
2017022700100125,2017년 2월 27일 08시,월요일,제주특별자치도 서귀포시 성산읍,중상사고,0,1,2,0,차대차 - 측면충돌,직진우회전진행방해,건조,맑음,교차로 - 교차로안,승용,여,71세,중상,승합,남,34세,상해없음
2017022700100207,2017년 2월 27일 11시,월요일,제주특별자치도 제주시 용담이동,경상사고,0,0,1,0,차대사람 - 기타,안전운전불이행,건조,맑음,단일로 - 기타,화물,여,52세,상해없음,보행자,여,16세,경상
2017022700100236,2017년 2월 27일 12시,월요일,제주특별자치도 제주시 조천읍,경상사고,0,0,1,0,차대차 - 기타,직진우회전진행방해,건조,흐림,교차로 - 교차로안,승용,여,70세,상해없음,이륜,남,66세,경상
2017022700100237,2017년 2월 27일 12시,월요일,제주특별자치도 서귀포시 안덕면,중상사고,0,2,1,0,차대차 - 측면충돌,교차로운행방법위반,건조,맑음,교차로 - 교차로안,승용,남,40세,상해없음,승용,남,48세,상해없음
2017022700100305,2017년 2월 27일 14시,월요일,제주특별자치도 제주시 노형동,경상사고,0,0,1,0,차대차 - 추돌,안전거리미확보,건조,맑음,교차로 - 교차로안,승용,남,55세,상해없음,승용,남,55세,경상
2017022700100337,2017년 2월 27일 15시,월요일,제주특별자치도 제주시 한림읍,중상사고,0,1,0,0,차대사람 - 횡단중,안전운전불이행,건조,맑음,교차로 - 교차로부근,승용,여,56세,상해없음,보행자,남,5세,중상
2017022700100338,2017년 2월 27일 15시,월요일,제주특별자치도 제주시 도두일동,경상사고,0,0,1,0,차대차 - 측면충돌,교차로운행방법위반,건조,맑음,교차로 - 교차로부근,승용,남,66세,상해없음,승용,남,23세,경상
2017022700100405,2017년 2월 27일 17시,월요일,제주특별자치도 제주시 외도일동,중상사고,0,1,0,0,차대차 - 측면충돌,교차로운행방법위반,건조,맑음,교차로 - 교차로안,승용,남,34세,상해없음,자전거,남,17세,중상
2017022700100435,2017년 2월 27일 18시,월요일,제주특별자치도 서귀포시 서귀동,경상사고,0,0,1,0,차대사람 - 차도통행중,안전운전불이행,건조,맑음,교차로 - 교차로부근,승용,남,54세,상해없음,보행자,남,34세,경상
2017022700100469,2017년 2월 27일 19시,월요일,제주특별자치도 제주시 구좌읍,중상사고,0,1,1,0,차대차 - 추돌,안전운전불이행,건조,맑음,단일로 - 기타,승용,남,22세,상해없음,농기계,남,63세,중상
2017022700100470,2017년 2월 27일 19시,월요일,제주특별자치도 서귀포시 동홍동,경상사고,0,0,1,0,차대차 - 기타,안전운전불이행,건조,맑음,단일로 - 기타,이륜,남,23세,경상,승용,남,19세,상해없음
2017022700100471,2017년 2월 27일 19시,월요일,제주특별자치도 제주시 연동,경상사고,0,0,1,0,차대사람 - 차도통행중,안전운전불이행,건조,맑음,기타 - 기타,자전거,남,26세,상해없음,보행자,여,66세,경상
2017022700100472,2017년 2월 27일 19시,월요일,제주특별자치도 제주시 연동,경상사고,0,0,1,0,차대사람 - 횡단중,안전운전불이행,건조,맑음,교차로 - 교차로안,승용,남,29세,상해없음,보행자,남,64세,경상
2017022700100502,2017년 2월 27일 20시,월요일,제주특별자치도 제주시 연동,경상사고,0,0,1,0,차대차 - 기타,안전운전불이행,건조,맑음,기타 - 기타,승용,남,27세,상해없음,이륜,남,41세,경상
2017022700100550,2017년 2월 27일 22시,월요일,제주특별자치도 제주시 조천읍,중상사고,0,1,0,0,차대차 - 측면충돌,신호위반,건조,맑음,교차로 - 교차로안,승용,여,30세,상해없음,승용,남,23세,중상
2017022800100039,2017년 2월 28일 01시,화요일,제주특별자치도 제주시 연동,경상사고,0,0,1,0,차대차 - 기타,직진우회전진행방해,젖음/습기,흐림,교차로 - 교차로안,승용,남,65세,상해없음,승용,남,62세,상해없음
2017022800100169,2017년 2월 28일 10시,화요일,제주특별자치도 서귀포시 서홍동,중상사고,0,1,4,0,차대차 - 기타,안전거리미확보,건조,맑음,단일로 - 기타,화물,남,48세,중상,화물,여,49세,상해없음
2017022800100224,2017년 2월 28일 12시,화요일,제주특별자치도 제주시 화북일동,사망사고,1,1,0,0,차대차 - 측면충돌,교차로운행방법위반,건조,맑음,교차로 - 교차로안,이륜,남,73세,사망,승용,여,53세,중상
2017022800100255,2017년 2월 28일 13시,화요일,제주특별자치도 서귀포시 표선면,경상사고,0,0,2,0,차대차 - 측면충돌,신호위반,건조,맑음,교차로 - 교차로안,화물,남,72세,경상,승용,남,20세,경상
2017022800100289,2017년 2월 28일 14시,화요일,제주특별자치도 제주시 일도이동,중상사고,0,1,0,0,차대사람 - 횡단중,보행자보호의무위반,건조,맑음,교차로 - 교차로부근,승용,여,38세,상해없음,보행자,남,50세,중상
2017022800100317,2017년 2월 28일 15시,화요일,제주특별자치도 제주시 용담일동,경상사고,0,0,1,0,차대사람 - 기타,안전운전불이행,건조,맑음,단일로 - 기타,승합,남,55세,상해없음,보행자,여,77세,경상
2017022800100318,2017년 2월 28일 15시,화요일,제주특별자치도 서귀포시 서귀동,경상사고,0,0,1,0,차대사람 - 횡단중,안전운전불이행,건조,맑음,단일로 - 기타,승용,남,37세,상해없음,보행자,남,15세,경상
2017022800100460,2017년 2월 28일 19시,화요일,제주특별자치도 제주시 회천동,경상사고,0,0,3,0,차대차 - 기타,차로위반,건조,기타,단일로 - 기타,승용,여,39세,상해없음,승용,남,52세,경상
2017022800100461,2017년 2월 28일 19시,화요일,제주특별자치도 서귀포시 서귀동,경상사고,0,0,3,0,차대차 - 측면충돌,중앙선침범,건조,맑음,교차로 - 교차로부근,승용,남,47세,상해없음,승용,남,60세,경상
2017022800100502,2017년 2월 28일 20시,화요일,제주특별자치도 서귀포시 중문동,중상사고,0,1,0,0,차대사람 - 횡단중,보행자보호의무위반,건조,맑음,단일로 - 기타,승용,남,63세,상해없음,보행자,남,46세,중상
2017022800100503,2017년 2월 28일 20시,화요일,제주특별자치도 제주시 연동,경상사고,0,0,2,0,차대차 - 기타,안전운전불이행,건조,맑음,교차로 - 교차로안,승용,남,28세,경상,승용,남,42세,상해없음
2017022800100581,2017년 2월 28일 23시,화요일,제주특별자치도 제주시 아라일동,경상사고,0,0,1,0,차대차 - 추돌,안전운전불이행,건조,맑음,교차로 - 교차로부근,승용,여,42세,상해없음,이륜,남,33세,경상
2017030100100095,2017년 3월 1일 06시,수요일,제주특별자치도 서귀포시 안덕면,경상사고,0,0,1,0,차대사람 - 횡단중,안전운전불이행,건조,맑음,단일로 - 기타,승용,남,55세,상해없음,보행자,여,76세,경상
2017030100100270,2017년 3월 1일 16시,수요일,제주특별자치도 서귀포시 서귀동,경상사고,0,0,1,0,차대차 - 기타,교차로운행방법위반,건조,맑음,교차로 - 교차로안,자전거,기타불명,미분류,기타불명,자전거,남,56세,경상
2017030100100296,2017년 3월 1일 17시,수요일,제주특별자치도 서귀포시 강정동,경상사고,0,0,2,0,차대차 - 추돌,안전거리미확보,건조,맑음,교차로 - 교차로부근,화물,남,54세,상해없음,승용,남,31세,경상
2017030200100139,2017년 3월 2일 08시,목요일,제주특별자치도 제주시 구좌읍,중상사고,0,1,0,0,차대차 - 측면충돌,안전거리미확보,건조,맑음,단일로 - 기타,이륜,여,74세,중상,화물,남,30세,상해없음
2017030200100140,2017년 3월 2일 08시,목요일,제주특별자치도 서귀포시 남원읍,경상사고,0,0,1,0,차대차 - 측면충돌,안전운전불이행,서리/결빙,흐림,단일로 - 기타,승용,남,26세,상해없음,승용,남,49세,상해없음
2017030200100219,2017년 3월 2일 12시,목요일,제주특별자치도 서귀포시 성산읍,부상신고사고,0,0,0,1,차대차 - 측면충돌,안전운전불이행,건조,맑음,단일로 - 기타,승용,남,27세,상해없음,승용,남,59세,부상신고
2017030200100253,2017년 3월 2일 13시,목요일,제주특별자치도 제주시 외도일동,경상사고,0,0,1,0,차대차 - 측면충돌,안전운전불이행,기타,맑음,교차로 - 교차로안,승용,여,44세,상해없음,승용,여,62세,경상
2017030200100333,2017년 3월 2일 16시,목요일,제주특별자치도 제주시 이도이동,중상사고,0,1,0,0,차대사람 - 횡단중,안전운전불이행,건조,맑음,단일로 - 기타,화물,남,31세,상해없음,보행자,남,54세,중상
2017030200100334,2017년 3월 2일 16시,목요일,제주특별자치도 제주시 용담이동,경상사고,0,0,1,0,차대사람 - 횡단중,안전운전불이행,건조,맑음,교차로 - 교차로부근,기타불명,기타불명,미분류,기타불명,보행자,남,17세,경상
2017030200100366,2017년 3월 2일 17시,목요일,제주특별자치도 제주시 외도일동,중상사고,0,1,0,0,차대차 - 측면충돌,안전운전불이행,건조,맑음,교차로 - 교차로안,승용,남,38세,상해없음,승용,여,67세,중상
2017030200100396,2017년 3월 2일 18시,목요일,제주특별자치도 제주시 영평동,사망사고,1,1,2,0,차대차 - 추돌,안전운전불이행,건조,맑음,단일로 - 기타,화물,남,59세,중상,승용,남,48세,경상