사고번호,사고일시,요일,시군구,사고내용,사망자수,중상자수,경상자수,부상신고자수,사고유형,법규위반,노면상태,기상상태,도로형태,가해운전자 차종,가해운전자 성별,가해운전자 연령,가해운전자 상해정도,피해운전자 차종,피해운전자 성별,피해운전자 연령,피해운전자 상해정도
2017041400100582,2017년 4월 14일 23시,금요일,제주특별자치도 제주시 노형동,중상사고,0,1,0,0,차대사람 - 횡단중,안전운전불이행,건조,맑음,교차로 - 교차로부근,승용,여,48세,상해없음,보행자,남,55세,중상
2017041400100583,2017년 4월 14일 23시,금요일,제주특별자치도 제주시 연동,경상사고,0,0,1,0,차대차 - 측면충돌,안전운전불이행,건조,맑음,단일로 - 기타,승용,남,49세,상해없음,승용,여,35세,경상
2017041400100584,2017년 4월 14일 23시,금요일,제주특별자치도 제주시 애월읍,부상신고사고,0,0,0,1,차량단독 - 공작물충돌,안전운전불이행,건조,맑음,단일로 - 기타,승용,남,42세,부상신고,,,,
2017041500100030,2017년 4월 15일 00시,토요일,제주특별자치도 서귀포시 안덕면,중상사고,0,1,2,0,차대차 - 측면충돌,직진우회전진행방해,건조,맑음,교차로 - 교차로안,승용,남,52세,경상,승용,남,45세,중상
2017041500100069,2017년 4월 15일 03시,토요일,제주특별자치도 제주시 구좌읍,중상사고,0,1,0,0,차대사람 - 횡단중,안전운전불이행,건조,맑음,단일로 - 기타,화물,남,40세,상해없음,보행자,남,23세,중상
2017041500100120,2017년 4월 15일 07시,토요일,제주특별자치도 서귀포시 대정읍,중상사고,0,1,1,0,차대차 - 측면충돌,교차로운행방법위반,건조,흐림,교차로 - 교차로안,화물,남,46세,경상,승용,여,56세,중상
2017041500100121,2017년 4월 15일 07시,토요일,제주특별자치도 제주시 이호이동,경상사고,0,0,1,0,차대차 - 기타,직진우회전진행방해,건조,맑음,교차로 - 교차로안,승용,여,65세,상해없음,승용,남,52세,경상
2017041500100146,2017년 4월 15일 08시,토요일,제주특별자치도 서귀포시 남원읍,경상사고,0,0,3,0,차대차 - 추돌,안전거리미확보,건조,맑음,교차로 - 교차로안,승합,남,59세,경상,승합,여,39세,경상
2017041500100200,2017년 4월 15일 10시,토요일,제주특별자치도 서귀포시 성산읍,부상신고사고,0,0,0,1,차대차 - 후진중충돌,안전운전불이행,건조,맑음,단일로 - 기타,승용,남,55세,상해없음,승용,여,37세,부상신고
2017041500100201,2017년 4월 15일 10시,토요일,제주특별자치도 제주시 한림읍,중상사고,0,1,0,0,차대사람 - 기타,안전운전불이행,건조,맑음,주차장 - 주차장,승용,남,41세,상해없음,보행자,여,90세 이상,중상
2017041500100273,2017년 4월 15일 12시,토요일,제주특별자치도 제주시 애월읍,중상사고,0,1,0,0,차대차 - 추돌,안전운전불이행,건조,맑음,단일로 - 기타,승용,남,49세,상해없음,승용,남,47세,중상
2017041500100318,2017년 4월 15일 13시,토요일,제주특별자치도 제주시 봉개동,경상사고,0,0,1,0,차대차 - 측면충돌,중앙선침범,건조,맑음,단일로 - 기타,승합,남,39세,상해없음,이륜,여,27세,경상
2017041500100319,2017년 4월 15일 13시,토요일,제주특별자치도 서귀포시 안덕면,중상사고,0,1,0,0,차대차 - 측면충돌,직진우회전진행방해,건조,맑음,교차로 - 교차로안,승용,여,24세,중상,화물,남,38세,상해없음
2017041500100356,2017년 4월 15일 14시,토요일,제주특별자치도 제주시 이도이동,중상사고,0,1,0,0,차대차 - 측면충돌,교차로운행방법위반,건조,맑음,교차로 - 교차로부근,화물,남,34세,상해없음,자전거,남,10세,중상
2017041500100474,2017년 4월 15일 17시,토요일,제주특별자치도 서귀포시 남원읍,경상사고,0,0,2,0,차대차 - 측면충돌,직진우회전진행방해,건조,맑음,교차로 - 교차로안,화물,여,69세,경상,승용,남,28세,상해없음
2017041500100475,2017년 4월 15일 17시,토요일,제주특별자치도 서귀포시 서귀동,중상사고,0,1,0,0,차대사람 - 보도통행중,불법유턴,건조,맑음,단일로 - 기타,승용,남,43세,상해없음,보행자,여,45세,중상
2017041500100476,2017년 4월 15일 17시,토요일,제주특별자치도 제주시 해안동,중상사고,0,1,3,0,차대차 - 추돌,안전운전불이행,건조,맑음,교차로 - 교차로부근,승용,남,51세,상해없음,승용,남,37세,중상
2017041500100513,2017년 4월 15일 18시,토요일,제주특별자치도 제주시 노형동,경상사고,0,0,1,0,차대사람 - 차도통행중,안전운전불이행,기타,맑음,교차로 - 교차로부근,승용,여,47세,상해없음,보행자,남,미분류,경상
2017041500100576,2017년 4월 15일 20시,토요일,제주특별자치도 제주시 구좌읍,경상사고,0,0,1,0,차대사람 - 횡단중,안전운전불이행,건조,기타,단일로 - 기타,승용,여,25세,상해없음,보행자,여,45세,경상
2017041500100600,2017년 4월 15일 21시,토요일,제주특별자치도 제주시 노형동,경상사고,0,0,2,0,차대차 - 측면충돌,교차로운행방법위반,건조,맑음,교차로 - 교차로안,승용,남,37세,경상,승용,남,24세,경상
2017041500100620,2017년 4월 15일 22시,토요일,제주특별자치도 제주시 도남동,경상사고,0,0,1,0,차대사람 - 횡단중,안전운전불이행,건조,맑음,단일로 - 기타,승용,여,48세,상해없음,보행자,남,44세,경상
2017041500100621,2017년 4월 15일 22시,토요일,제주특별자치도 제주시 외도이동,경상사고,0,0,1,0,차대사람 - 횡단중,안전운전불이행,기타,안개,기타 - 기타,기타불명,기타불명,미분류,기타불명,보행자,여,43세,경상
2017041600100111,2017년 4월 16일 08시,일요일,제주특별자치도 서귀포시 법환동,중상사고,0,1,0,0,차대차 - 측면충돌,차로위반,건조,맑음,단일로 - 기타,승용,남,38세,상해없음,승용,여,52세,중상
2017041600100112,2017년 4월 16일 08시,일요일,제주특별자치도 서귀포시 대정읍,경상사고,0,0,1,0,차대차 - 정면충돌,중앙선침범,젖음/습기,안개,교차로 - 교차로부근,이륜,남,34세,경상,화물,남,66세,상해없음
2017041600100268,2017년 4월 16일 14시,일요일,제주특별자치도 제주시 애월읍,경상사고,0,0,2,0,차대차 - 기타,중앙선침범,건조,맑음,단일로 - 기타,승합,남,42세,상해없음,승용,남,22세,경상
2017041600100315,2017년 4월 16일 15시,일요일,제주특별자치도 제주시 아라일동,경상사고,0,0,4,0,차대차 - 측면충돌,신호위반,건조,맑음,교차로 - 교차로안,승합,여,47세,경상,승용,남,35세,경상
2017041600100389,2017년 4월 16일 17시,일요일,제주특별자치도 제주시 일도이동,경상사고,0,0,1,0,차대차 - 정면충돌,안전운전불이행,건조,맑음,교차로 - 교차로부근,승용,남,48세,상해없음,자전거,남,14세,경상
2017041600100440,2017년 4월 16일 19시,일요일,제주특별자치도 제주시 구좌읍,중상사고,0,1,0,0,차대차 - 추돌,중앙선침범,건조,맑음,교차로 - 교차로부근,승용,여,22세,상해없음,이륜,여,72세,중상
2017041600100441,2017년 4월 16일 19시,일요일,제주특별자치도 제주시 애월읍,부상신고사고,0,0,0,1,차량단독 - 공작물충돌,안전운전불이행,건조,맑음,단일로 - 기타,승용,남,38세,부상신고,,,,
2017041600100467,2017년 4월 16일 20시,일요일,제주특별자치도 서귀포시 안덕면,경상사고,0,0,2,0,차대차 - 측면충돌,교차로운행방법위반,건조,맑음,교차로 - 교차로부근,승용,남,30세,상해없음,승용,여,41세,경상
2017041700100078,2017년 4월 17일 07시,월요일,제주특별자치도 제주시 화북일동,경상사고,0,0,1,1,차대차 - 측면충돌,직진우회전진행방해,젖음/습기,비,교차로 - 교차로안,화물,남,39세,부상신고,승합,여,67세,경상
2017041700100170,2017년 4월 17일 10시,월요일,제주특별자치도 제주시 도평동,경상사고,0,0,1,0,차대차 - 기타,안전운전불이행,젖음/습기,비,단일로 - 기타,승용,남,35세,상해없음,승용,남,42세,상해없음
2017041700100237,2017년 4월 17일 12시,월요일,제주특별자치도 제주시 삼도일동,경상사고,0,0,1,0,차대사람 - 횡단중,안전운전불이행,젖음/습기,흐림,단일로 - 기타,승용,남,42세,기타불명,보행자,남,41세,경상
2017041700100265,2017년 4월 17일 13시,월요일,제주특별자치도 서귀포시 색달동,경상사고,0,0,1,0,차대차 - 측면충돌,안전운전불이행,젖음/습기,흐림,교차로 - 교차로안,승용,남,34세,상해없음,승용,남,34세,경상
2017041700100266,2017년 4월 17일 13시,월요일,제주특별자치도 제주시 노형동,중상사고,0,1,0,0,차대차 - 추돌,신호위반,젖음/습기,비,교차로 - 교차로안,승용,남,61세,상해없음,승용,여,21세,중상
2017041700100298,2017년 4월 17일 14시,월요일,제주특별자치도 제주시 조천읍,경상사고,0,0,1,1,차대차 - 정면충돌,중앙선침범,젖음/습기,비,단일로 - 기타,승용,남,19세,부상신고,화물,남,67세,경상
2017041700100335,2017년 4월 17일 15시,월요일,제주특별자치도 제주시 오라일동,중상사고,0,1,0,0,차대사람 - 횡단중,기타,기타,맑음,기타 - 기타,특수,남,61세,상해없음,보행자,여,80세,중상
2017041700100336,2017년 4월 17일 15시,월요일,제주특별자치도 제주시 조천읍,경상사고,0,0,1,0,차대차 - 추돌,안전거리미확보,젖음/습기,비,단일로 - 기타,승용,남,29세,상해없음,승용,여,62세,경상
2017041700100337,2017년 4월 17일 15시,월요일,제주특별자치도 서귀포시 대정읍,경상사고,0,0,1,0,차대차 - 추돌,안전거리미확보,젖음/습기,흐림,교차로 - 교차로부근,승용,남,61세,상해없음,승용,남,64세,경상
2017041700100364,2017년 4월 17일 16시,월요일,제주특별자치도 제주시 노형동,중상사고,0,1,1,0,차대차 - 정면충돌,신호위반,건조,맑음,교차로 - 교차로안,승용,여,56세,상해없음,승용,남,22세,중상
2017041700100542,2017년 4월 17일 21시,월요일,제주특별자치도 제주시 연동,부상신고사고,0,0,0,1,차대사람 - 길가장자리구역통행중,안전운전불이행,건조,맑음,단일로 - 기타,승용,여,53세,상해없음,보행자,남,53세,부상신고
2017041700100570,2017년 4월 17일 22시,월요일,제주특별자치도 제주시 노형동,경상사고,0,0,1,0,차대사람 - 길가장자리구역통행중,안전운전불이행,건조,맑음,단일로 - 기타,승용,여,21세,상해없음,보행자,남,49세,경상
2017041800100025,2017년 4월 18일 00시,화요일,제주특별자치도 제주시 한림읍,경상사고,0,0,5,0,차대차 - 추돌,안전거리미확보,건조,맑음,교차로 - 교차로안,승용,남,32세,상해없음,승용,남,34세,경상
2017041800100041,2017년 4월 18일 01시,화요일,제주특별자치도 제주시 도남동,경상사고,0,0,1,0,차대사람 - 횡단중,안전운전불이행,건조,맑음,단일로 - 기타,승용,여,28세,상해없음,보행자,남,39세,경상
2017041800100046,2017년 4월 18일 02시,화요일,제주특별자치도 제주시 이도이동,경상사고,0,0,2,0,차대차 - 측면충돌,교차로운행방법위반,건조,맑음,교차로 - 교차로안,승용,남,54세,상해없음,승용,여,22세,경상
2017041800100047,2017년 4월 18일 02시,화요일,제주특별자치도 제주시 한림읍,부상신고사고,0,0,0,1,차대사람 - 횡단중,안전운전불이행,건조,맑음,교차로 - 교차로안,승용,남,52세,상해없음,보행자,남,46세,부상신고
2017041800100060,2017년 4월 18일 05시,화요일,제주특별자치도 서귀포시 법환동,경상사고,0,0,1,0,차대차 - 추돌,안전운전불이행,건조,맑음,교차로 - 교차로부근,화물,남,55세,상해없음,승용,남,54세,경상
2017041800100216,2017년 4월 18일 11시,화요일,제주특별자치도 제주시 조천읍,경상사고,0,0,1,0,차대차 - 측면충돌,차로위반,건조,맑음,단일로 - 기타,승용,남,51세,상해없음,승용,여,35세,경상
2017041800100217,2017년 4월 18일 11시,화요일,제주특별자치도 제주시 용담이동,경상사고,0,0,4,0,차대차 - 기타,안전운전불이행,건조,맑음,교차로 - 교차로안,승용,여,61세,상해없음,승용,여,52세,경상
2017041800100281,2017년 4월 18일 13시,화요일,제주특별자치도 제주시 한림읍,경상사고,0,0,1,0,차대차 - 기타,안전운전불이행,건조,맑음,교차로 - 교차로부근,승용,남,80세,상해없음,승용,여,33세,경상
2017041800100345,2017년 4월 18일 15시,화요일,제주특별자치도 제주시 조천읍,중상사고,0,1,0,0,차대차 - 측면충돌,안전거리미확보,건조,맑음,단일로 - 기타,화물,남,59세,상해없음,승용,남,26세,중상
2017041800100346,2017년 4월 18일 15시,화요일,제주특별자치도 제주시 건입동,중상사고,0,3,0,0,차대차 - 측면충돌,기타,건조,맑음,교차로 - 교차로안,승용,남,57세,중상,화물,남,56세,상해없음
2017041800100385,2017년 4월 18일 16시,화요일,제주특별자치도 서귀포시 성산읍,중상사고,0,3,0,0,차대차 - 추돌,안전거리미확보,건조,맑음,교차로 - 교차로부근,화물,남,57세,상해없음,화물,여,73세,중상
2017041800100416,2017년 4월 18일 17시,화요일,제주특별자치도 서귀포시 표선면,부상신고사고,0,0,0,1,차대사람 - 보도통행중,안전운전불이행,기타,맑음,단일로 - 기타,기타불명,기타불명,미분류,기타불명,보행자,남,12세,부상신고
2017041800100463,2017년 4월 18일 18시,화요일,제주특별자치도 서귀포시 도순동,경상사고,0,0,4,0,차대차 - 정면충돌,안전운전불이행,건조,맑음,단일로 - 기타,승용,남,37세,경상,승용,남,39세,경상
2017041800100502,2017년 4월 18일 19시,화요일,제주특별자치도 제주시 애월읍,부상신고사고,0,0,0,1,차대차 - 기타,안전운전불이행,건조,맑음,교차로 - 교차로안,승용,여,48세,기타불명,승용,여,51세,부상신고
2017041800100534,2017년 4월 18일 20시,화요일,제주특별자치도 제주시 화북이동,중상사고,0,1,0,0,차대사람 - 횡단중,보행자보호의무위반,건조,맑음,교차로 - 교차로안,승합,남,48세,상해없음,보행자,여,34세,중상
2017041800100535,2017년 4월 18일 20시,화요일,제주특별자치도 제주시 일도이동,경상사고,0,0,1,0,차대차 - 기타,안전운전불이행,건조,맑음,단일로 - 기타,승용,여,23세,상해없음,화물,남,30세,경상
2017041800100563,2017년 4월 18일 21시,화요일,제주특별자치도 제주시 구좌읍,중상사고,0,1,0,0,차대사람 - 횡단중,안전운전불이행,건조,맑음,단일로 - 기타,승용,남,28세,상해없음,보행자,남,51세,중상
2017041900100033,2017년 4월 19일 00시,수요일,제주특별자치도 제주시 일도이동,경상사고,0,0,1,0,차대차 - 측면충돌,신호위반,기타,맑음,교차로 - 교차로안,승용,남,22세,상해없음,승용,남,47세,경상
2017041900100034,2017년 4월 19일 00시,수요일,제주특별자치도 제주시 노형동,중상사고,0,1,0,0,차대차 - 측면충돌,교차로운행방법위반,건조,맑음,교차로 - 교차로안,승용,여,55세,상해없음,이륜,남,22세,중상
2017041900100077,2017년 4월 19일 06시,수요일,제주특별자치도 제주시 연동,경상사고,0,0,2,0,차대차 - 추돌,안전거리미확보,건조,맑음,단일로 - 기타,승용,남,24세,상해없음,승용,남,71세,상해없음
2017041900100109,2017년 4월 19일 07시,수요일,제주특별자치도 제주시 영평동,중상사고,0,1,0,0,차대사람 - 횡단중,보행자보호의무위반,건조,맑음,단일로 - 기타,화물,남,43세,상해없음,보행자,여,44세,중상
2017041900100110,2017년 4월 19일 07시,수요일,제주특별자치도 서귀포시 안덕면,중상사고,0,1,0,0,차대차 - 측면충돌,직진우회전진행방해,건조,맑음,교차로 - 교차로안,화물,남,72세,상해없음,승용,남,36세,중상
2017041900100156,2017년 4월 19일 08시,수요일,제주특별자치도 제주시 아라이동,경상사고,0,0,1,0,차대차 - 측면충돌,직진우회전진행방해,건조,맑음,교차로 - 교차로안,화물,여,58세,상해없음,이륜,남,36세,경상
2017041900100200,2017년 4월 19일 09시,수요일,제주특별자치도 제주시 조천읍,경상사고,0,0,1,0,차대차 - 추돌,안전거리미확보,건조,맑음,단일로 - 기타,승용,남,33세,상해없음,화물,남,66세,경상
2017041900100201,2017년 4월 19일 09시,수요일,제주특별자치도 제주시 건입동,경상사고,0,0,1,0,차대차 - 추돌,안전거리미확보,건조,맑음,단일로 - 기타,승용,남,30세,상해없음,승용,남,42세,경상
2017041900100292,2017년 4월 19일 12시,수요일,제주특별자치도 제주시 한경면,경상사고,0,0,1,0,차대차 - 측면충돌,직진우회전진행방해,건조,맑음,교차로 - 교차로안,승용,여,39세,상해없음,농기계,남,78세,경상
2017041900100316,2017년 4월 19일 13시,수요일,제주특별자치도 제주시 이도일동,중상사고,0,1,0,0,차대사람 - 횡단중,보행자보호의무위반,건조,맑음,단일로 - 기타,승용,여,74세,상해없음,보행자,여,59세,중상
2017041900100317,2017년 4월 19일 13시,수요일,제주특별자치도 서귀포시 남원읍,경상사고,0,0,1,0,차대차 - 기타,안전운전불이행,건조,맑음,단일로 - 기타,건설기계,남,49세,상해없음,승용,남,49세,경상
2017041900100355,2017년 4월 19일 14시,수요일,제주특별자치도 서귀포시 남원읍,중상사고,0,1,0,0,차대차 - 추돌,안전거리미확보,건조,맑음,단일로 - 기타,이륜,여,74세,중상,승용,여,33세,상해없음
2017041900100356,2017년 4월 19일 14시,수요일,제주특별자치도 제주시 노형동,경상사고,0,0,1,0,차대차 - 정면충돌,기타,건조,맑음,교차로 - 교차로안,승용,남,59세,상해없음,자전거,남,8세,경상
2017041900100474,2017년 4월 19일 17시,수요일,제주특별자치도 제주시 조천읍,경상사고,0,0,4,0,차대차 - 추돌,신호위반,건조,맑음,교차로 - 교차로안,승용,남,61세,상해없음,승용,남,46세,경상
2017041900100475,2017년 4월 19일 17시,수요일,제주특별자치도 제주시 일도일동,경상사고,0,0,1,0,차량단독 - 기타,기타,건조,맑음,단일로 - 기타,승합,남,50세,상해없음,,,,
2017041900100476,2017년 4월 19일 17시,수요일,제주특별자치도 제주시 도남동,경상사고,0,0,1,0,차대차 - 추돌,안전거리미확보,건조,맑음,단일로 - 기타,승용,여,62세,상해없음,승용,여,46세,경상
2017041900100477,2017년 4월 19일 17시,수요일,제주특별자치도 서귀포시 대정읍,부상신고사고,0,0,0,1,차대차 - 정면충돌,안전거리미확보,건조,맑음,교차로 - 교차로부근,승용,여,27세,상해없음,화물,남,22세,부상신고
2017041900100553,2017년 4월 19일 19시,수요일,제주특별자치도 제주시 한림읍,중상사고,0,1,1,1,차량단독 - 전도전복 - 전도,안전운전불이행,건조,맑음,기타 - 기타,승용,남,28세,부상신고,,,,
2017041900100580,2017년 4월 19일 20시,수요일,제주특별자치도 제주시 일도이동,중상사고,0,1,0,0,차대사람 - 횡단중,안전운전불이행,건조,맑음,교차로 - 교차로안,승용,여,27세,상해없음,보행자,여,52세,중상
2017041900100612,2017년 4월 19일 21시,수요일,제주특별자치도 제주시 삼도이동,중상사고,0,1,0,0,차대차 - 측면충돌,중앙선침범,건조,맑음,단일로 - 기타,이륜,남,80세,상해없음,이륜,남,24세,중상
2017041900100613,2017년 4월 19일 21시,수요일,제주특별자치도 서귀포시 서귀동,경상사고,0,0,2,1,차대차 - 측면충돌,안전운전불이행,건조,맑음,교차로 - 교차로안,승용,남,49세,상해없음,승용,남,63세,부상신고
2017042000100027,2017년 4월 20일 00시,목요일,제주특별자치도 제주시 이도이동,중상사고,0,1,0,0,차대차 - 추돌,안전운전불이행,건조,흐림,단일로 - 기타,이륜,남,26세,중상,승용,남,33세,기타불명
2017042000100126,2017년 4월 20일 08시,목요일,제주특별자치도 서귀포시 상효동,경상사고,0,0,1,0,차대차 - 측면충돌,직진우회전진행방해,건조,맑음,교차로 - 교차로안,화물,남,72세,상해없음,승용,여,29세,경상
2017042000100156,2017년 4월 20일 09시,목요일,제주특별자치도 제주시 조천읍,경상사고,0,0,1,1,차대차 - 측면충돌,안전운전불이행,건조,맑음,단일로 - 기타,화물,남,56세,부상신고,화물,남,52세,상해없음
2017042000100179,2017년 4월 20일 10시,목요일,제주특별자치도 서귀포시 법환동,경상사고,0,0,1,0,차대차 - 측면충돌,안전운전불이행,건조,맑음,단일로 - 기타,원동기,남,73세,경상,승용,남,55세,상해없음
2017042000100221,2017년 4월 20일 12시,목요일,제주특별자치도 제주시 노형동,경상사고,0,0,1,1,차대차 - 측면충돌,안전운전불이행,건조,맑음,단일로 - 기타,승용,남,54세,부상신고,건설기계,남,26세,경상
2017042000100245,2017년 4월 20일 13시,목요일,제주특별자치도 제주시 노형동,부상신고사고,0,0,0,1,차대차 - 추돌,교차로운행방법위반,건조,맑음,교차로 - 교차로안,승용,여,41세,상해없음,승용,여,35세,부상신고
2017042000100272,2017년 4월 20일 14시,목요일,제주특별자치도 서귀포시 안덕면,경상사고,0,0,1,0,차대차 - 정면충돌,안전운전불이행,건조,맑음,단일로 - 기타,승용,남,59세,경상,승합,남,65세,상해없음
2017042000100327,2017년 4월 20일 16시,목요일,제주특별자치도 서귀포시 안덕면,경상사고,0,0,1,0,차량단독 - 전도전복 - 전도,안전운전불이행,건조,맑음,단일로 - 기타,승용,여,26세,경상,,,,
2017042000100429,2017년 4월 20일 19시,목요일,제주특별자치도 제주시 노형동,경상사고,0,0,1,0,차대사람 - 횡단중,안전운전불이행,건조,맑음,교차로 - 교차로부근,승용,남,33세,상해없음,보행자,남,11세,경상
2017042000100461,2017년 4월 20일 20시,목요일,제주특별자치도 제주시 아라일동,경상사고,0,0,1,0,차대사람 - 횡단중,기타,건조,맑음,기타 - 기타,승용,남,25세,상해없음,보행자,여,42세,경상
2017042000100462,2017년 4월 20일 20시,목요일,제주특별자치도 제주시 애월읍,중상사고,0,1,0,0,차대사람 - 횡단중,안전운전불이행,건조,맑음,단일로 - 기타,승용,남,64세,상해없음,보행자,남,44세,중상
2017042100100082,2017년 4월 21일 06시,금요일,제주특별자치도 제주시 용담이동,중상사고,0,1,1,0,차대차 - 측면충돌,교차로운행방법위반,건조,맑음,교차로 - 교차로안,승용,여,55세,경상,승용,남,59세,중상
2017042100100153,2017년 4월 21일 08시,금요일,제주특별자치도 제주시 삼도일동,경상사고,0,0,1,0,차대차 - 측면충돌,안전운전불이행,건조,맑음,단일로 - 기타,이륜,남,42세,경상,승용,남,43세,상해없음
2017042100100154,2017년 4월 21일 08시,금요일,제주특별자치도 제주시 노형동,경상사고,0,0,2,0,차대차 - 기타,직진우회전진행방해,건조,흐림,교차로 - 교차로안,승용,남,30세,경상,승용,여,35세,경상
2017042100100256,2017년 4월 21일 11시,금요일,제주특별자치도 제주시 용담이동,경상사고,0,0,1,0,차대차 - 기타,안전운전불이행,건조,맑음,단일로 - 기타,화물,남,54세,상해없음,승용,남,76세,경상
2017042100100311,2017년 4월 21일 13시,금요일,제주특별자치도 서귀포시 표선면,중상사고,0,1,0,0,차량단독 - 기타,안전운전불이행,건조,맑음,교차로 - 교차로안,화물,남,49세,상해없음,,,,
2017042100100375,2017년 4월 21일 15시,금요일,제주특별자치도 제주시 용담이동,경상사고,0,0,1,0,차대차 - 정면충돌,안전운전불이행,건조,맑음,단일로 - 기타,화물,남,41세,상해없음,자전거,남,9세,경상
2017042100100416,2017년 4월 21일 16시,금요일,제주특별자치도 서귀포시 남원읍,경상사고,0,0,1,0,차량단독 - 전도전복,안전운전불이행,건조,맑음,단일로 - 기타,승합,남,31세,상해없음,미분류,미분류,미분류,미분류
2017042100100417,2017년 4월 21일 16시,금요일,제주특별자치도 서귀포시 성산읍,경상사고,0,0,1,0,차대차 - 추돌,안전운전불이행,건조,맑음,단일로 - 기타,승용,남,44세,상해없음,승용,남,50세,상해없음
2017042100100585,2017년 4월 21일 21시,금요일,제주특별자치도 제주시 아라일동,경상사고,0,0,1,0,차대차 - 기타,안전거리미확보,건조,맑음,단일로 - 기타,화물,남,51세,상해없음,승용,남,34세,경상
2017042100100608,2017년 4월 21일 22시,금요일,제주특별자치도 제주시 이도이동,중상사고,0,1,0,0,차대차 - 추돌,안전운전불이행,건조,맑음,교차로 - 교차로안,화물,남,66세,상해없음,승용,여,36세,중상
2017042100100609,2017년 4월 21일 22시,금요일,제주특별자치도 제주시 한림읍,부상신고사고,0,0,0,1,차대차 - 측면충돌,중앙선침범,건조,맑음,단일로 - 기타,화물,남,34세,상해없음,자전거,남,16세,부상신고
2017042100100610,2017년 4월 21일 22시,금요일,제주특별자치도 제주시 노형동,경상사고,0,0,2,0,차대차 - 측면충돌,신호위반,건조,맑음,교차로 - 교차로안,승합,남,41세,상해없음,승용,남,28세,경상
2017042200100042,2017년 4월 22일 01시,토요일,제주특별자치도 서귀포시 동홍동,부상신고사고,0,0,0,1,차대사람 - 기타,안전운전불이행,건조,기타,단일로 - 기타,기타불명,기타불명,미분류,기타불명,보행자,여,32세,부상신고
2017042200100084,2017년 4월 22일 04시,토요일,제주특별자치도 제주시 이도일동,중상사고,0,1,1,0,차대차 - 정면충돌,안전운전불이행,건조,맑음,단일로 - 기타,승용,남,27세,상해없음,화물,여,67세,경상
2017042200100141,2017년 4월 22일 08시,토요일,제주특별자치도 제주시 일도이동,중상사고,0,1,0,0,차대사람 - 횡단중,보행자보호의무위반,기타,맑음,교차로 - 교차로횡단보도내,승용,남,48세,상해없음,보행자,여,72세,중상
2017042200100142,2017년 4월 22일 08시,토요일,제주특별자치도 제주시 오라이동,경상사고,0,0,1,0,차대사람 - 기타,안전운전불이행,건조,맑음,기타 - 기타,승용,남,52세,상해없음,보행자,남,26세,경상
2017042200100270,2017년 4월 22일 12시,토요일,제주특별자치도 서귀포시 남원읍,중상사고,0,1,0,0,차대차 - 측면충돌,직진우회전진행방해,젖음/습기,비,교차로 - 교차로안,화물,남,71세,상해없음,승용,남,22세,상해없음
2017042200100343,2017년 4월 22일 14시,토요일,제주특별자치도 제주시 애월읍,경상사고,0,0,1,3,차대차 - 기타,안전운전불이행,건조,맑음,단일로 - 기타,승용,남,62세,경상,승용,남,47세,부상신고
2017042200100376,2017년 4월 22일 15시,토요일,제주특별자치도 제주시 영평동,경상사고,0,0,1,0,차대차 - 추돌,안전거리미확보,건조,맑음,단일로 - 기타,승용,남,41세,상해없음,화물,남,38세,경상
2017042200100377,2017년 4월 22일 15시,토요일,제주특별자치도 제주시 노형동,경상사고,0,0,1,0,차대차 - 측면충돌,안전운전불이행,건조,맑음,단일로 - 기타,화물,남,61세,상해없음,승용,여,47세,경상
2017042200100411,2017년 4월 22일 16시,토요일,제주특별자치도 서귀포시 동홍동,중상사고,0,1,0,0,차대차 - 기타,직진우회전진행방해,건조,맑음,교차로 - 교차로안,승용,여,43세,상해없음,이륜,남,54세,중상
2017042200100412,2017년 4월 22일 16시,토요일,제주특별자치도 제주시 애월읍,중상사고,0,1,2,1,차대차 - 측면충돌,신호위반,건조,맑음,교차로 - 교차로안,승용,남,44세,상해없음,승용,여,36세,경상
2017042200100443,2017년 4월 22일 17시,토요일,제주특별자치도 서귀포시 호근동,경상사고,0,0,1,0,차대차 - 추돌,안전운전불이행,건조,맑음,단일로 - 기타,승용,남,46세,상해없음,승용,여,48세,경상
2017042200100476,2017년 4월 22일 18시,토요일,제주특별자치도 서귀포시 안덕면,경상사고,0,0,3,0,차대차 - 추돌,안전거리미확보,건조,맑음,교차로 - 교차로안,화물,남,47세,상해없음,승용,남,28세,경상
2017042200100576,2017년 4월 22일 21시,토요일,제주특별자치도 제주시 도남동,경상사고,0,0,1,0,차대차 - 측면충돌,안전운전불이행,건조,기타,교차로 - 교차로부근,자전거,남,38세,경상,승용,여,49세,상해없음
2017042300100084,2017년 4월 23일 05시,일요일,제주특별자치도 서귀포시 남원읍,중상사고,0,3,1,0,차대차 - 측면충돌,신호위반,건조,맑음,교차로 - 교차로안,화물,남,45세,기타불명,승용,여,40세,중상
2017042300100188,2017년 4월 23일 11시,일요일,제주특별자치도 제주시 연동,경상사고,0,0,1,0,차대차 - 추돌,안전운전불이행,건조,맑음,교차로 - 교차로부근,승용,여,52세,상해없음,승용,여,37세,경상