사고번호,사고일시,요일,시군구,사고내용,사망자수,중상자수,경상자수,부상신고자수,사고유형,법규위반,노면상태,기상상태,도로형태,가해운전자 차종,가해운전자 성별,가해운전자 연령,가해운전자 상해정도,피해운전자 차종,피해운전자 성별,피해운전자 연령,피해운전자 상해정도
2017050200100314,2017년 5월 2일 14시,화요일,제주특별자치도 제주시 용강동,중상사고,0,1,0,0,차대차 - 정면충돌,안전운전불이행,건조,맑음,교차로 - 교차로안,자전거,여,17세,중상,화물,남,58세,상해없음
2017050200100340,2017년 5월 2일 15시,화요일,제주특별자치도 제주시 우도면,경상사고,0,0,1,0,차대사람 - 기타,안전운전불이행,건조,맑음,단일로 - 기타,이륜,남,38세,상해없음,보행자,남,8세,경상
2017050200100385,2017년 5월 2일 16시,화요일,제주특별자치도 제주시 노형동,경상사고,0,0,2,0,차대차 - 측면충돌,안전운전불이행,건조,맑음,단일로 - 기타,승용,여,46세,상해없음,승용,남,73세,경상
2017050200100435,2017년 5월 2일 17시,화요일,제주특별자치도 제주시 조천읍,경상사고,0,0,2,0,차대차 - 기타,교차로운행방법위반,건조,맑음,교차로 - 교차로부근,승합,남,52세,상해없음,승용,여,35세,경상
2017050200100482,2017년 5월 2일 18시,화요일,제주특별자치도 서귀포시 성산읍,중상사고,0,1,0,0,차대차 - 기타,안전운전불이행,건조,맑음,교차로 - 교차로안,승용,여,43세,상해없음,이륜,여,69세,중상
2017050200100483,2017년 5월 2일 18시,화요일,제주특별자치도 서귀포시 표선면,경상사고,0,0,1,0,차대차 - 측면충돌,안전운전불이행,건조,흐림,교차로 - 교차로부근,승합,남,63세,상해없음,승용,남,42세,상해없음
2017050200100516,2017년 5월 2일 19시,화요일,제주특별자치도 서귀포시 호근동,경상사고,0,0,3,0,차대차 - 추돌,안전거리미확보,건조,맑음,교차로 - 교차로안,승용,여,47세,상해없음,승용,남,40세,경상
2017050200100517,2017년 5월 2일 19시,화요일,제주특별자치도 제주시 도두일동,중상사고,0,1,0,0,차대사람 - 횡단중,안전운전불이행,건조,맑음,단일로 - 기타,승용,남,36세,상해없음,보행자,여,48세,중상
2017050200100554,2017년 5월 2일 20시,화요일,제주특별자치도 서귀포시 성산읍,중상사고,0,1,0,0,차대사람 - 횡단중,안전운전불이행,건조,맑음,단일로 - 기타,승용,여,45세,상해없음,보행자,남,58세,중상
2017050200100581,2017년 5월 2일 21시,화요일,제주특별자치도 제주시 이도일동,경상사고,0,0,1,0,차대사람 - 횡단중,보행자보호의무위반,건조,맑음,단일로 - 기타,자전거,남,15세,상해없음,보행자,여,63세,경상
2017050300100154,2017년 5월 3일 09시,수요일,제주특별자치도 서귀포시 성산읍,중상사고,0,1,0,0,차대차 - 측면충돌,안전운전불이행,건조,맑음,교차로 - 교차로안,승용,남,32세,상해없음,화물,남,66세,중상
2017050300100233,2017년 5월 3일 12시,수요일,제주특별자치도 제주시 조천읍,경상사고,0,0,2,0,차대차 - 측면충돌,안전운전불이행,건조,맑음,단일로 - 기타,화물,남,43세,상해없음,승용,남,38세,상해없음
2017050300100269,2017년 5월 3일 13시,수요일,제주특별자치도 제주시 우도면,부상신고사고,0,0,0,1,차대차 - 측면충돌,안전운전불이행,건조,맑음,단일로 - 기타,이륜,남,20세,부상신고,승용,남,26세,상해없음
2017050300100371,2017년 5월 3일 16시,수요일,제주특별자치도 제주시 이도일동,경상사고,0,0,1,0,차대사람 - 횡단중,보행자보호의무위반,건조,맑음,교차로 - 교차로부근,승용,남,37세,상해없음,보행자,남,35세,경상
2017050300100441,2017년 5월 3일 18시,수요일,제주특별자치도 서귀포시 서홍동,경상사고,0,0,1,0,차대차 - 측면충돌,안전운전불이행,건조,맑음,교차로 - 교차로부근,이륜,남,24세,경상,승용,남,51세,상해없음
2017050300100442,2017년 5월 3일 18시,수요일,제주특별자치도 서귀포시 서귀동,중상사고,0,1,0,0,차대사람 - 횡단중,보행자보호의무위반,건조,맑음,단일로 - 기타,승용,남,39세,상해없음,보행자,여,70세,중상
2017050300100471,2017년 5월 3일 19시,수요일,제주특별자치도 제주시 삼양이동,중상사고,0,1,0,0,차대사람 - 횡단중,보행자보호의무위반,건조,맑음,단일로 - 기타,승용,남,57세,상해없음,보행자,남,5세,중상
2017050300100549,2017년 5월 3일 22시,수요일,제주특별자치도 제주시 일도이동,중상사고,0,1,0,0,차량단독 - 기타,안전운전불이행,건조,맑음,교차로 - 교차로안,승용,남,66세,상해없음,,,,
2017050400100023,2017년 5월 4일 00시,목요일,제주특별자치도 제주시 아라이동,중상사고,0,1,2,0,차대차 - 측면충돌,교차로운행방법위반,건조,맑음,교차로 - 교차로안,승용,남,66세,상해없음,승용,남,52세,상해없음
2017050400100132,2017년 5월 4일 08시,목요일,제주특별자치도 제주시 아라일동,부상신고사고,0,0,0,1,차대차 - 기타,신호위반,건조,맑음,교차로 - 교차로안,승용,남,28세,부상신고,화물,남,56세,상해없음
2017050400100133,2017년 5월 4일 08시,목요일,제주특별자치도 제주시 이도이동,경상사고,0,0,2,0,차대차 - 기타,안전거리미확보,건조,맑음,교차로 - 교차로횡단보도내,건설기계,남,49세,상해없음,승용,남,46세,경상
2017050400100206,2017년 5월 4일 10시,목요일,제주특별자치도 제주시 조천읍,부상신고사고,0,0,0,1,차대사람 - 횡단중,안전운전불이행,건조,맑음,단일로 - 기타,승용,여,31세,상해없음,보행자,남,3세,부상신고
2017050400100207,2017년 5월 4일 10시,목요일,제주특별자치도 제주시 용담이동,경상사고,0,0,1,0,차대차 - 추돌,안전거리미확보,건조,맑음,단일로 - 기타,화물,남,55세,상해없음,승용,남,60세,상해없음
2017050400100208,2017년 5월 4일 10시,목요일,제주특별자치도 제주시 노형동,경상사고,0,0,1,1,차대차 - 추돌,안전거리미확보,건조,맑음,단일로 - 기타,승용,남,55세,상해없음,승용,여,42세,상해없음
2017050400100238,2017년 5월 4일 11시,목요일,제주특별자치도 제주시 연동,중상사고,0,1,0,0,차대차 - 기타,교차로운행방법위반,건조,맑음,단일로 - 기타,승용,여,25세,기타불명,승용,남,41세,중상
2017050400100276,2017년 5월 4일 12시,목요일,제주특별자치도 제주시 노형동,경상사고,0,0,3,0,차대차 - 추돌,교차로운행방법위반,건조,맑음,단일로 - 기타,승용,남,53세,상해없음,승용,여,38세,경상
2017050400100304,2017년 5월 4일 13시,목요일,제주특별자치도 서귀포시 법환동,부상신고사고,0,0,0,1,차대사람 - 차도통행중,안전운전불이행,기타,맑음,기타 - 기타,기타불명,기타불명,미분류,기타불명,보행자,여,16세,부상신고
2017050400100346,2017년 5월 4일 14시,목요일,제주특별자치도 제주시 화북이동,경상사고,0,0,4,0,차대차 - 추돌,안전운전불이행,건조,흐림,단일로 - 기타,승용,여,50세,상해없음,승용,남,43세,경상
2017050400100381,2017년 5월 4일 15시,목요일,제주특별자치도 제주시 일도이동,경상사고,0,0,1,0,차대차 - 측면충돌,교차로운행방법위반,건조,맑음,교차로 - 교차로안,승용,여,34세,상해없음,승용,여,55세,경상
2017050400100382,2017년 5월 4일 15시,목요일,제주특별자치도 제주시 한경면,중상사고,0,1,1,2,차대차 - 측면충돌,직진우회전진행방해,건조,흐림,교차로 - 교차로안,승용,남,44세,부상신고,승용,여,53세,중상
2017050400100458,2017년 5월 4일 17시,목요일,제주특별자치도 제주시 용담이동,경상사고,0,0,1,0,차대사람 - 기타,안전운전불이행,건조,맑음,미분류 - 미분류,기타불명,기타불명,미분류,기타불명,보행자,남,54세,경상
2017050400100493,2017년 5월 4일 18시,목요일,제주특별자치도 제주시 한림읍,경상사고,0,0,1,0,차대차 - 측면충돌,안전거리미확보,젖음/습기,흐림,단일로 - 기타,승용,여,43세,상해없음,이륜,여,26세,경상
2017050400100593,2017년 5월 4일 21시,목요일,제주특별자치도 제주시 이도이동,중상사고,0,1,0,0,차대차 - 측면충돌,교차로운행방법위반,젖음/습기,비,교차로 - 교차로안,승용,남,65세,상해없음,승용,남,25세,상해없음
2017050500100286,2017년 5월 5일 14시,금요일,제주특별자치도 제주시 한림읍,경상사고,0,0,1,0,차대차 - 측면충돌,안전운전불이행,건조,맑음,교차로 - 교차로안,승용,여,65세,상해없음,승용,남,73세,경상
2017050500100319,2017년 5월 5일 15시,금요일,제주특별자치도 제주시 일도이동,경상사고,0,0,1,0,차량단독 - 전도전복,안전운전불이행,건조,맑음,교차로 - 교차로부근,원동기,남,31세,경상,미분류,미분류,미분류,미분류
2017050600100058,2017년 5월 6일 05시,토요일,제주특별자치도 제주시 한림읍,부상신고사고,0,0,0,1,차량단독 - 기타,안전운전불이행,건조,맑음,단일로 - 기타,화물,남,61세,부상신고,,,,
2017050600100135,2017년 5월 6일 09시,토요일,제주특별자치도 제주시 조천읍,중상사고,0,1,0,0,차대차 - 측면충돌,안전운전불이행,건조,흐림,단일로 - 기타,승용,여,58세,상해없음,이륜,여,72세,중상
2017050600100136,2017년 5월 6일 09시,토요일,제주특별자치도 서귀포시 성산읍,경상사고,0,0,1,0,차대차 - 기타,안전운전불이행,건조,맑음,교차로 - 교차로횡단보도내,승용,남,71세,상해없음,자전거,남,13세,경상
2017050600100162,2017년 5월 6일 10시,토요일,제주특별자치도 서귀포시 서귀동,경상사고,0,0,1,0,차대차 - 추돌,안전운전불이행,건조,맑음,단일로 - 기타,승용,남,39세,상해없음,승용,여,47세,경상
2017050600100195,2017년 5월 6일 11시,토요일,제주특별자치도 제주시 용담이동,경상사고,0,0,1,0,차대차 - 기타,안전거리미확보,건조,맑음,교차로 - 교차로부근,승용,남,53세,상해없음,승합,남,40세,경상
2017050600100248,2017년 5월 6일 13시,토요일,제주특별자치도 서귀포시 서호동,경상사고,0,0,1,0,차대차 - 측면충돌,직진우회전진행방해,건조,맑음,교차로 - 교차로안,승용,남,45세,상해없음,화물,남,50세,상해없음
2017050600100292,2017년 5월 6일 14시,토요일,제주특별자치도 서귀포시 안덕면,중상사고,0,1,0,0,차대차 - 후진중충돌,안전운전불이행,건조,맑음,단일로 - 기타,화물,남,67세,상해없음,이륜,여,44세,중상
2017050600100293,2017년 5월 6일 14시,토요일,제주특별자치도 서귀포시 도순동,경상사고,0,0,1,0,차량단독 - 전도전복 - 전도,안전운전불이행,건조,맑음,단일로 - 기타,화물,여,37세,경상,,,,
2017050600100294,2017년 5월 6일 14시,토요일,제주특별자치도 서귀포시 안덕면,경상사고,0,0,4,0,차대차 - 측면충돌,직진우회전진행방해,건조,맑음,교차로 - 교차로안,승용,여,41세,경상,승용,남,31세,경상
2017050600100295,2017년 5월 6일 14시,토요일,제주특별자치도 제주시 용담이동,부상신고사고,0,0,0,1,차대차 - 측면충돌,직진우회전진행방해,건조,맑음,교차로 - 교차로안,승용,여,72세,부상신고,승합,여,52세,상해없음
2017050600100326,2017년 5월 6일 15시,토요일,제주특별자치도 서귀포시 안덕면,경상사고,0,0,1,0,차대차 - 측면충돌,직진우회전진행방해,건조,맑음,교차로 - 교차로안,승용,여,64세,상해없음,승용,여,41세,경상
2017050600100396,2017년 5월 6일 17시,토요일,제주특별자치도 제주시 오등동,중상사고,0,2,1,0,차대차 - 측면충돌,교차로운행방법위반,건조,맑음,교차로 - 교차로안,승용,남,69세,경상,승용,남,25세,상해없음
2017050600100397,2017년 5월 6일 17시,토요일,제주특별자치도 서귀포시 동홍동,경상사고,0,0,1,0,차대차 - 측면충돌,직진우회전진행방해,건조,맑음,교차로 - 교차로안,승용,남,20세,상해없음,승용,여,56세,경상
2017050600100426,2017년 5월 6일 18시,토요일,제주특별자치도 제주시 오라일동,사망사고,1,0,2,0,차대차 - 기타,중앙선침범,건조,맑음,단일로 - 기타,승용,남,57세,사망,승용,남,55세,상해없음
2017050600100427,2017년 5월 6일 18시,토요일,제주특별자치도 제주시 이도이동,경상사고,0,0,1,0,차대차 - 기타,안전운전불이행,건조,맑음,단일로 - 기타,승용,남,27세,상해없음,승용,남,39세,경상
2017050600100458,2017년 5월 6일 19시,토요일,제주특별자치도 제주시 조천읍,경상사고,0,0,2,0,차대차 - 측면충돌,기타,건조,흐림,단일로 - 기타,화물,남,48세,상해없음,승용,남,27세,경상
2017050600100538,2017년 5월 6일 22시,토요일,제주특별자치도 제주시 연동,경상사고,0,0,1,0,차대사람 - 횡단중,안전운전불이행,건조,맑음,단일로 - 기타,승용,남,44세,상해없음,보행자,남,31세,경상
2017050700100041,2017년 5월 7일 02시,일요일,제주특별자치도 제주시 건입동,경상사고,0,0,1,0,차대차 - 추돌,안전거리미확보,건조,맑음,교차로 - 교차로부근,승용,남,48세,상해없음,승용,남,47세,경상
2017050700100065,2017년 5월 7일 04시,일요일,제주특별자치도 제주시 화북일동,중상사고,0,1,0,0,차대사람 - 횡단중,보행자보호의무위반,건조,맑음,단일로 - 기타,승용,여,25세,상해없음,보행자,여,23세,중상
2017050700100127,2017년 5월 7일 10시,일요일,제주특별자치도 제주시 오라일동,경상사고,0,0,1,0,차대사람 - 횡단중,보행자보호의무위반,건조,맑음,단일로 - 기타,승용,남,23세,상해없음,보행자,남,74세,경상
2017050700100309,2017년 5월 7일 17시,일요일,제주특별자치도 서귀포시 서홍동,중상사고,0,1,0,0,차대차 - 측면충돌,안전운전불이행,건조,맑음,교차로 - 교차로부근,승용,남,61세,상해없음,이륜,남,55세,중상
2017050700100334,2017년 5월 7일 18시,일요일,제주특별자치도 제주시 이도이동,경상사고,0,0,1,0,차대차 - 추돌,안전운전불이행,건조,흐림,단일로 - 기타,승용,여,47세,상해없음,승용,남,41세,경상
2017050700100335,2017년 5월 7일 18시,일요일,제주특별자치도 제주시 해안동,경상사고,0,0,1,0,차대차 - 기타,안전거리미확보,건조,맑음,단일로 - 기타,승용,여,49세,상해없음,승용,여,53세,경상
2017050800100026,2017년 5월 8일 00시,월요일,제주특별자치도 제주시 애월읍,사망사고,1,0,0,0,차량단독 - 전도전복 - 전도,안전운전불이행,기타,맑음,교차로 - 교차로부근,이륜,남,21세,사망,,,,
2017050800100027,2017년 5월 8일 00시,월요일,제주특별자치도 제주시 한림읍,경상사고,0,0,1,0,차량단독 - 전도전복 - 전도,안전운전불이행,건조,맑음,단일로 - 기타,이륜,남,31세,경상,,,,
2017050800100037,2017년 5월 8일 01시,월요일,제주특별자치도 제주시 애월읍,중상사고,0,1,0,0,차대사람 - 차도통행중,안전운전불이행,건조,맑음,단일로 - 기타,승용,남,59세,상해없음,보행자,남,68세,중상
2017050800100266,2017년 5월 8일 12시,월요일,제주특별자치도 제주시 이도일동,중상사고,0,1,0,0,차대사람 - 횡단중,안전운전불이행,건조,맑음,단일로 - 기타,이륜,남,35세,상해없음,보행자,여,75세,중상
2017050800100367,2017년 5월 8일 15시,월요일,제주특별자치도 제주시 화북일동,중상사고,0,1,1,0,차대차 - 측면충돌,차로위반,건조,맑음,단일로 - 기타,건설기계,남,49세,상해없음,승용,남,32세,중상
2017050800100410,2017년 5월 8일 16시,월요일,제주특별자치도 제주시 노형동,중상사고,0,1,0,0,차대사람 - 횡단중,안전운전불이행,건조,맑음,교차로 - 교차로부근,화물,남,61세,상해없음,보행자,여,82세,중상
2017050800100451,2017년 5월 8일 17시,월요일,제주특별자치도 제주시 구좌읍,부상신고사고,0,0,0,1,차량단독 - 전도전복,안전운전불이행,건조,맑음,단일로 - 기타,승용,남,21세,상해없음,미분류,미분류,미분류,미분류
2017050800100524,2017년 5월 8일 19시,월요일,제주특별자치도 제주시 삼도이동,중상사고,0,1,5,0,차대차 - 정면충돌,중앙선침범,건조,맑음,단일로 - 기타,승용,여,19세,상해없음,화물,여,62세,상해없음
2017050800100595,2017년 5월 8일 21시,월요일,제주특별자치도 제주시 오라일동,중상사고,0,1,1,0,차대차 - 기타,중앙선침범,젖음/습기,흐림,교차로 - 교차로부근,승용,여,52세,상해없음,승용,여,35세,경상
2017050800100622,2017년 5월 8일 22시,월요일,제주특별자치도 제주시 도련일동,경상사고,0,0,1,0,차대차 - 기타,교차로운행방법위반,건조,맑음,교차로 - 교차로안,승용,남,53세,상해없음,이륜,남,19세,경상
2017050800100623,2017년 5월 8일 22시,월요일,제주특별자치도 서귀포시 성산읍,경상사고,0,0,1,0,차대차 - 측면충돌,신호위반,건조,맑음,교차로 - 교차로안,승용,남,44세,상해없음,승용,남,28세,상해없음
2017050800100635,2017년 5월 8일 23시,월요일,제주특별자치도 서귀포시 동홍동,경상사고,0,0,1,0,차대차 - 측면충돌,안전운전불이행,젖음/습기,흐림,교차로 - 교차로부근,승용,여,40세,상해없음,승용,남,36세,경상
2017050900100041,2017년 5월 9일 01시,화요일,제주특별자치도 제주시 이호이동,경상사고,0,0,1,0,차대차 - 추돌,안전운전불이행,젖음/습기,흐림,교차로 - 교차로부근,승용,남,27세,상해없음,승용,남,57세,경상
2017050900100062,2017년 5월 9일 03시,화요일,제주특별자치도 제주시 오라일동,경상사고,0,0,3,0,차대차 - 측면충돌,신호위반,젖음/습기,비,교차로 - 교차로안,이륜,남,17세,경상,승용,남,44세,상해없음
2017050900100133,2017년 5월 9일 08시,화요일,제주특별자치도 제주시 조천읍,경상사고,0,0,1,0,차대차 - 기타,차로위반,건조,맑음,단일로 - 기타,승용,남,59세,상해없음,승용,남,43세,경상
2017050900100312,2017년 5월 9일 15시,화요일,제주특별자치도 제주시 연동,경상사고,0,0,2,0,차대차 - 추돌,안전거리미확보,건조,맑음,교차로 - 교차로안,승용,남,31세,상해없음,승용,여,38세,경상
2017050900100405,2017년 5월 9일 18시,화요일,제주특별자치도 제주시 조천읍,중상사고,0,1,0,0,차대사람 - 길가장자리구역통행중,안전운전불이행,건조,흐림,단일로 - 기타,승용,여,28세,상해없음,보행자,여,76세,중상
2017050900100406,2017년 5월 9일 18시,화요일,제주특별자치도 제주시 한림읍,경상사고,0,0,1,0,차대차 - 측면충돌,안전운전불이행,건조,맑음,단일로 - 기타,승용,남,78세,상해없음,승용,여,25세,경상
2017050900100481,2017년 5월 9일 20시,화요일,제주특별자치도 제주시 일도이동,경상사고,0,0,2,0,차대차 - 측면충돌,신호위반,건조,흐림,교차로 - 교차로안,승용,남,34세,경상,승용,남,52세,경상
2017051000100079,2017년 5월 10일 07시,수요일,제주특별자치도 제주시 노형동,중상사고,0,1,0,0,차대차 - 측면충돌,교차로운행방법위반,젖음/습기,흐림,교차로 - 교차로안,승용,남,47세,상해없음,승용,남,34세,상해없음
2017051000100115,2017년 5월 10일 08시,수요일,제주특별자치도 제주시 화북이동,경상사고,0,0,1,0,차대차 - 기타,안전운전불이행,젖음/습기,흐림,교차로 - 교차로횡단보도내,승용,여,52세,상해없음,자전거,남,45세,경상
2017051000100152,2017년 5월 10일 09시,수요일,제주특별자치도 제주시 연동,경상사고,0,0,3,0,차대차 - 측면충돌,직진우회전진행방해,건조,맑음,교차로 - 교차로안,승용,남,49세,경상,승용,남,60세,경상
2017051000100188,2017년 5월 10일 10시,수요일,제주특별자치도 제주시 조천읍,경상사고,0,0,1,1,차량단독 - 전도전복 - 전도,안전운전불이행,건조,맑음,단일로 - 기타,승용,남,78세,경상,,,,
2017051000100215,2017년 5월 10일 11시,수요일,제주특별자치도 제주시 도련일동,경상사고,0,0,1,0,차대차 - 기타,안전운전불이행,건조,맑음,단일로 - 기타,승용,남,21세,상해없음,승합,남,54세,상해없음
2017051000100244,2017년 5월 10일 12시,수요일,제주특별자치도 제주시 화북일동,중상사고,0,1,1,0,차대차 - 기타,안전운전불이행,건조,맑음,단일로 - 기타,승용,남,19세,경상,승용,남,54세,상해없음
2017051000100363,2017년 5월 10일 17시,수요일,제주특별자치도 제주시 조천읍,경상사고,0,0,2,0,차대사람 - 횡단중,신호위반,건조,맑음,단일로 - 기타,승용,남,56세,상해없음,보행자,남,13세,경상
2017051000100404,2017년 5월 10일 18시,수요일,제주특별자치도 서귀포시 대정읍,중상사고,0,1,0,0,차대차 - 측면충돌,교차로운행방법위반,건조,맑음,교차로 - 교차로안,이륜,여,76세,중상,승용,여,50세,상해없음
2017051000100435,2017년 5월 10일 19시,수요일,제주특별자치도 제주시 연동,경상사고,0,0,1,1,차대차 - 측면충돌,안전운전불이행,건조,맑음,기타 - 기타,승용,여,23세,부상신고,승용,남,23세,상해없음
2017051100100025,2017년 5월 11일 00시,목요일,제주특별자치도 서귀포시 대정읍,중상사고,0,1,0,0,차대차 - 측면충돌,직진우회전진행방해,건조,맑음,교차로 - 교차로안,승용,여,34세,상해없음,승용,남,35세,중상
2017051100100077,2017년 5월 11일 05시,목요일,제주특별자치도 제주시 연동,경상사고,0,0,1,0,차대사람 - 보도통행중,안전운전불이행,건조,맑음,교차로 - 교차로부근,화물,남,34세,상해없음,보행자,남,34세,경상
2017051100100097,2017년 5월 11일 06시,목요일,제주특별자치도 제주시 연동,경상사고,0,0,2,0,차대차 - 측면충돌,교차로운행방법위반,건조,맑음,교차로 - 교차로안,승용,남,45세,경상,승용,남,47세,경상
2017051100100098,2017년 5월 11일 06시,목요일,제주특별자치도 제주시 외도일동,경상사고,0,0,1,0,차대차 - 추돌,직진우회전진행방해,건조,맑음,교차로 - 교차로안,승용,남,54세,상해없음,승용,여,51세,경상
2017051100100154,2017년 5월 11일 08시,목요일,제주특별자치도 서귀포시 대정읍,경상사고,0,0,1,0,차대차 - 측면충돌,안전운전불이행,기타,맑음,단일로 - 기타,승용,남,49세,상해없음,승용,남,31세,경상
2017051100100252,2017년 5월 11일 12시,목요일,제주특별자치도 제주시 일도이동,경상사고,0,0,1,0,차대차 - 기타,안전운전불이행,건조,맑음,단일로 - 기타,승용,여,72세,경상,이륜,여,46세,상해없음
2017051100100318,2017년 5월 11일 14시,목요일,제주특별자치도 서귀포시 안덕면,중상사고,0,1,0,0,차량단독 - 전도전복,안전운전불이행,건조,맑음,단일로 - 기타,이륜,남,52세,중상,미분류,미분류,미분류,미분류
2017051100100341,2017년 5월 11일 15시,목요일,제주특별자치도 제주시 노형동,중상사고,0,1,2,0,차대차 - 추돌,신호위반,건조,맑음,교차로 - 교차로부근,승합,남,68세,경상,승용,남,38세,경상
2017051100100406,2017년 5월 11일 17시,목요일,제주특별자치도 제주시 이도이동,경상사고,0,0,1,0,차대사람 - 횡단중,안전운전불이행,건조,맑음,교차로 - 교차로안,승용,남,53세,상해없음,보행자,여,54세,경상
2017051100100407,2017년 5월 11일 17시,목요일,제주특별자치도 서귀포시 성산읍,경상사고,0,0,1,0,차대차 - 기타,안전운전불이행,건조,맑음,교차로 - 교차로안,화물,남,58세,상해없음,승용,남,31세,경상
2017051100100544,2017년 5월 11일 21시,목요일,제주특별자치도 제주시 오라일동,중상사고,0,1,0,0,차대차 - 기타,교차로운행방법위반,건조,맑음,교차로 - 교차로안,승용,남,31세,상해없음,승용,남,25세,상해없음
2017051100100603,2017년 5월 11일 23시,목요일,제주특별자치도 서귀포시 안덕면,경상사고,0,0,1,0,차대사람 - 차도통행중,안전운전불이행,건조,맑음,단일로 - 기타,화물,남,47세,상해없음,보행자,남,54세,경상
2017051200100048,2017년 5월 12일 01시,금요일,제주특별자치도 제주시 애월읍,경상사고,0,0,1,0,차대차 - 추돌,안전운전불이행,건조,맑음,교차로 - 교차로부근,승용,남,34세,상해없음,승용,여,58세,경상
2017051200100062,2017년 5월 12일 02시,금요일,제주특별자치도 제주시 한경면,부상신고사고,0,0,0,1,차량단독 - 기타,기타,건조,맑음,단일로 - 기타,화물,남,21세,부상신고,,,,
2017051200100115,2017년 5월 12일 07시,금요일,제주특별자치도 제주시 봉개동,경상사고,0,0,2,0,차대차 - 기타,직진우회전진행방해,젖음/습기,비,교차로 - 교차로부근,승용,여,22세,경상,건설기계,남,39세,경상
2017051200100176,2017년 5월 12일 09시,금요일,제주특별자치도 서귀포시 표선면,중상사고,0,1,0,0,차대사람 - 차도통행중,안전운전불이행,젖음/습기,비,단일로 - 기타,승용,여,23세,상해없음,보행자,여,73세,중상
2017051200100254,2017년 5월 12일 12시,금요일,제주특별자치도 제주시 연동,경상사고,0,0,1,0,차대차 - 기타,안전운전불이행,젖음/습기,비,교차로 - 교차로안,승용,남,57세,상해없음,승용,여,33세,경상
2017051200100286,2017년 5월 12일 13시,금요일,제주특별자치도 제주시 연동,경상사고,0,0,1,0,차대차 - 추돌,안전운전불이행,젖음/습기,비,단일로 - 기타,승용,여,25세,상해없음,승용,남,29세,경상
2017051200100429,2017년 5월 12일 17시,금요일,제주특별자치도 제주시 노형동,경상사고,0,0,1,0,차대사람 - 보도통행중,안전운전불이행,기타,비,교차로 - 교차로횡단보도내,기타불명,기타불명,미분류,기타불명,보행자,여,11세,경상
2017051200100531,2017년 5월 12일 20시,금요일,제주특별자치도 서귀포시 동홍동,중상사고,0,1,0,0,차대사람 - 횡단중,보행자보호의무위반,젖음/습기,비,단일로 - 기타,승용,남,44세,상해없음,보행자,여,65세,중상
2017051300100035,2017년 5월 13일 00시,토요일,제주특별자치도 제주시 이도일동,경상사고,0,0,1,0,차대차 - 측면충돌,차로위반,건조,맑음,단일로 - 기타,승용,남,30세,상해없음,승용,남,44세,경상
2017051300100060,2017년 5월 13일 01시,토요일,제주특별자치도 제주시 화북일동,사망사고,1,0,0,0,차대사람 - 횡단중,보행자보호의무위반,건조,맑음,단일로 - 기타,승용,여,32세,상해없음,보행자,여,63세,사망
2017051300100237,2017년 5월 13일 10시,토요일,제주특별자치도 제주시 이호이동,경상사고,0,0,1,0,차대차 - 기타,안전운전불이행,건조,맑음,교차로 - 교차로부근,화물,남,56세,상해없음,화물,남,39세,경상
2017051300100269,2017년 5월 13일 11시,토요일,제주특별자치도 제주시 삼양일동,중상사고,0,1,0,0,차대차 - 측면충돌,기타,건조,흐림,교차로 - 교차로부근,이륜,남,58세,중상,화물,남,54세,상해없음
2017051300100373,2017년 5월 13일 14시,토요일,제주특별자치도 제주시 도남동,경상사고,0,0,1,0,차대사람 - 기타,안전운전불이행,건조,맑음,주차장 - 주차장,승용,남,43세,상해없음,보행자,여,17세,경상
2017051300100411,2017년 5월 13일 15시,토요일,제주특별자치도 제주시 삼도일동,경상사고,0,0,2,0,차대차 - 기타,신호위반,건조,맑음,교차로 - 교차로안,승용,남,62세,상해없음,승용,남,27세,경상
2017051300100449,2017년 5월 13일 16시,토요일,제주특별자치도 제주시 우도면,중상사고,0,1,0,0,차대사람 - 기타,안전운전불이행,건조,맑음,단일로 - 기타,이륜,남,22세,상해없음,보행자,여,65세,중상
2017051400100104,2017년 5월 14일 07시,일요일,제주특별자치도 제주시 애월읍,경상사고,0,0,1,0,차대차 - 기타,직진우회전진행방해,건조,맑음,교차로 - 교차로안,승합,남,49세,상해없음,승용,남,33세,경상
2017051400100185,2017년 5월 14일 11시,일요일,제주특별자치도 서귀포시 색달동,경상사고,0,0,2,0,차대차 - 추돌,안전운전불이행,건조,맑음,단일로 - 기타,승용,여,33세,상해없음,승용,남,60세,경상
2017051400100186,2017년 5월 14일 11시,일요일,제주특별자치도 제주시 애월읍,중상사고,0,1,0,0,차대차 - 측면충돌,안전운전불이행,건조,맑음,단일로 - 기타,승용,여,31세,상해없음,원동기,남,73세,중상
2017051400100235,2017년 5월 14일 13시,일요일,제주특별자치도 제주시 우도면,중상사고,0,1,0,0,차량단독 - 전도전복,안전운전불이행,건조,맑음,단일로 - 기타,이륜,남,33세,중상,미분류,미분류,미분류,미분류
2017051400100461,2017년 5월 14일 21시,일요일,제주특별자치도 제주시 애월읍,경상사고,0,0,1,0,차대차 - 기타,안전거리미확보,건조,맑음,단일로 - 기타,승용,남,45세,상해없음,승용,남,59세,상해없음