사고번호,사고일시,요일,시군구,사고내용,사망자수,중상자수,경상자수,부상신고자수,사고유형,법규위반,노면상태,기상상태,도로형태,가해운전자 차종,가해운전자 성별,가해운전자 연령,가해운전자 상해정도,피해운전자 차종,피해운전자 성별,피해운전자 연령,피해운전자 상해정도
2017051500100050,2017년 5월 15일 02시,월요일,제주특별자치도 제주시 구좌읍,중상사고,0,1,0,0,차대사람 - 횡단중,안전운전불이행,건조,맑음,단일로 - 기타,승용,여,38세,상해없음,보행자,남,55세,중상
2017051500100055,2017년 5월 15일 03시,월요일,제주특별자치도 서귀포시 표선면,중상사고,0,1,0,0,차대차 - 추돌,안전운전불이행,젖음/습기,흐림,교차로 - 교차로부근,승용,여,29세,상해없음,화물,남,58세,중상
2017051500100066,2017년 5월 15일 04시,월요일,제주특별자치도 제주시 일도이동,중상사고,0,2,2,0,차대차 - 측면충돌,신호위반,건조,맑음,교차로 - 교차로안,승합,남,60세,상해없음,승용,남,43세,중상
2017051500100098,2017년 5월 15일 07시,월요일,제주특별자치도 제주시 연동,중상사고,0,1,0,0,차대차 - 추돌,신호위반,건조,맑음,기타 - 기타,화물,남,74세,상해없음,이륜,남,28세,중상
2017051500100136,2017년 5월 15일 08시,월요일,제주특별자치도 제주시 봉개동,부상신고사고,0,0,0,1,차대차 - 추돌,안전운전불이행,건조,맑음,교차로 - 교차로안,화물,남,44세,부상신고,승용,남,30세,상해없음
2017051500100240,2017년 5월 15일 11시,월요일,제주특별자치도 제주시 이도이동,경상사고,0,0,1,0,차대차 - 후진중충돌,안전운전불이행,건조,맑음,교차로 - 교차로안,승용,남,37세,상해없음,승용,여,27세,경상
2017051500100241,2017년 5월 15일 11시,월요일,제주특별자치도 제주시 애월읍,경상사고,0,0,1,0,차대사람 - 횡단중,안전운전불이행,건조,맑음,단일로 - 기타,기타불명,기타불명,미분류,기타불명,보행자,남,58세,경상
2017051500100347,2017년 5월 15일 14시,월요일,제주특별자치도 제주시 일도일동,경상사고,0,0,1,0,차대차 - 기타,안전운전불이행,건조,맑음,교차로 - 교차로안,승용,남,55세,상해없음,이륜,남,51세,경상
2017051500100380,2017년 5월 15일 15시,월요일,제주특별자치도 제주시 애월읍,경상사고,0,0,1,0,차대차 - 기타,안전운전불이행,건조,맑음,단일로 - 기타,승용,남,48세,상해없음,승합,남,57세,상해없음
2017051500100419,2017년 5월 15일 16시,월요일,제주특별자치도 서귀포시 표선면,경상사고,0,0,2,0,차대차 - 측면충돌,직진우회전진행방해,건조,맑음,교차로 - 교차로안,농기계,남,51세,상해없음,승용,여,37세,상해없음
2017051500100465,2017년 5월 15일 17시,월요일,제주특별자치도 제주시 아라일동,경상사고,0,0,3,0,차대차 - 기타,안전운전불이행,건조,맑음,단일로 - 기타,화물,남,43세,상해없음,승용,여,36세,경상
2017051500100509,2017년 5월 15일 18시,월요일,제주특별자치도 제주시 외도일동,경상사고,0,0,1,0,차대차 - 측면충돌,안전운전불이행,건조,맑음,단일로 - 기타,이륜,남,18세,경상,승용,여,41세,상해없음
2017051500100537,2017년 5월 15일 19시,월요일,제주특별자치도 제주시 이도이동,경상사고,0,0,1,0,차대사람 - 횡단중,안전운전불이행,건조,맑음,단일로 - 기타,승용,남,35세,상해없음,보행자,남,46세,경상
2017051500100592,2017년 5월 15일 21시,월요일,제주특별자치도 제주시 외도이동,부상신고사고,0,0,0,1,차대차 - 측면충돌,신호위반,건조,맑음,교차로 - 교차로안,이륜,남,45세,부상신고,승용,남,31세,상해없음
2017051500100647,2017년 5월 15일 23시,월요일,제주특별자치도 제주시 연동,경상사고,0,0,1,0,차대차 - 추돌,안전운전불이행,건조,흐림,기타 - 기타,승용,남,28세,상해없음,승용,남,47세,상해없음
2017051600100057,2017년 5월 16일 03시,화요일,제주특별자치도 제주시 용담이동,중상사고,0,1,0,0,차대사람 - 길가장자리구역통행중,안전운전불이행,건조,맑음,기타 - 기타,승용,남,42세,상해없음,보행자,여,35세,중상
2017051600100073,2017년 5월 16일 05시,화요일,제주특별자치도 제주시 한림읍,중상사고,0,1,0,0,차대차 - 기타,안전운전불이행,건조,맑음,교차로 - 교차로부근,화물,남,84세,상해없음,원동기,남,73세,중상
2017051600100110,2017년 5월 16일 07시,화요일,제주특별자치도 제주시 애월읍,경상사고,0,0,1,0,차대차 - 측면충돌,교차로운행방법위반,건조,맑음,교차로 - 교차로부근,승용,남,28세,상해없음,화물,여,46세,상해없음
2017051600100151,2017년 5월 16일 08시,화요일,제주특별자치도 제주시 노형동,경상사고,0,0,1,0,차대사람 - 횡단중,보행자보호의무위반,건조,맑음,교차로 - 교차로횡단보도내,승용,여,51세,상해없음,보행자,남,19세,경상
2017051600100190,2017년 5월 16일 09시,화요일,제주특별자치도 제주시 일도이동,중상사고,0,1,0,0,차대사람 - 횡단중,보행자보호의무위반,건조,맑음,단일로 - 기타,승용,남,39세,상해없음,보행자,여,67세,중상
2017051600100191,2017년 5월 16일 09시,화요일,제주특별자치도 제주시 노형동,중상사고,0,1,0,0,차대사람 - 횡단중,안전운전불이행,건조,맑음,단일로 - 기타,승합,여,38세,상해없음,보행자,여,70세,중상
2017051600100248,2017년 5월 16일 11시,화요일,제주특별자치도 서귀포시 안덕면,중상사고,0,1,1,0,차대차 - 측면충돌,직진우회전진행방해,건조,맑음,교차로 - 교차로안,승용,여,56세,상해없음,승용,여,29세,중상
2017051600100249,2017년 5월 16일 11시,화요일,제주특별자치도 서귀포시 서귀동,경상사고,0,0,2,0,차대차 - 기타,직진우회전진행방해,건조,맑음,교차로 - 교차로안,승용,남,24세,경상,화물,남,49세,경상
2017051600100270,2017년 5월 16일 12시,화요일,제주특별자치도 서귀포시 남원읍,경상사고,0,0,1,0,차량단독 - 전도전복,안전운전불이행,건조,맑음,단일로 - 기타,화물,남,80세,상해없음,미분류,미분류,미분류,미분류
2017051600100298,2017년 5월 16일 13시,화요일,제주특별자치도 제주시 아라일동,경상사고,0,0,1,0,차대사람 - 횡단중,안전운전불이행,건조,맑음,주차장 - 주차장,승용,남,19세,상해없음,보행자,여,20세,경상
2017051600100299,2017년 5월 16일 13시,화요일,제주특별자치도 제주시 용담이동,경상사고,0,0,1,0,차대차 - 추돌,안전거리미확보,건조,맑음,단일로 - 기타,승용,남,63세,상해없음,승용,여,27세,경상
2017051600100300,2017년 5월 16일 13시,화요일,제주특별자치도 제주시 애월읍,경상사고,0,0,1,0,차대차 - 기타,안전운전불이행,건조,맑음,단일로 - 기타,승용,남,69세,상해없음,승용,여,22세,경상
2017051600100329,2017년 5월 16일 14시,화요일,제주특별자치도 제주시 연동,경상사고,0,0,5,0,차대차 - 추돌,안전운전불이행,건조,맑음,단일로 - 기타,승용,여,24세,상해없음,승용,남,53세,경상
2017051600100359,2017년 5월 16일 15시,화요일,제주특별자치도 제주시 노형동,부상신고사고,0,0,0,3,차대차 - 기타,안전거리미확보,건조,맑음,단일로 - 기타,건설기계,남,54세,부상신고,승용,남,34세,부상신고
2017051600100473,2017년 5월 16일 18시,화요일,제주특별자치도 서귀포시 대포동,중상사고,0,1,0,0,차량단독 - 전도전복,안전운전불이행,건조,맑음,교차로 - 교차로부근,승용,여,29세,상해없음,미분류,미분류,미분류,미분류
2017051700100072,2017년 5월 17일 06시,수요일,제주특별자치도 제주시 한림읍,경상사고,0,0,1,0,차대사람 - 횡단중,안전운전불이행,건조,맑음,단일로 - 기타,이륜,남,51세,상해없음,보행자,남,69세,경상
2017051700100097,2017년 5월 17일 07시,수요일,제주특별자치도 제주시 용담일동,경상사고,0,0,2,0,차대차 - 기타,신호위반,건조,맑음,교차로 - 교차로안,승용,남,45세,상해없음,승용,남,38세,경상
2017051700100432,2017년 5월 17일 17시,수요일,제주특별자치도 제주시 구좌읍,경상사고,0,0,1,0,차대차 - 측면충돌,중앙선침범,건조,맑음,단일로 - 기타,화물,남,60세,상해없음,이륜,여,75세,경상
2017051700100487,2017년 5월 17일 18시,수요일,제주특별자치도 제주시 일도이동,경상사고,0,0,1,0,차대차 - 추돌,안전운전불이행,건조,맑음,단일로 - 기타,승용,여,43세,상해없음,승용,남,43세,상해없음
2017051800100108,2017년 5월 18일 07시,목요일,제주특별자치도 제주시 아라일동,경상사고,0,0,1,0,차대차 - 기타,안전거리미확보,건조,맑음,교차로 - 교차로부근,기타불명,기타불명,미분류,기타불명,승합,남,49세,상해없음
2017051800100109,2017년 5월 18일 07시,목요일,제주특별자치도 제주시 조천읍,중상사고,0,2,1,0,차대차 - 기타,중앙선침범,건조,맑음,단일로 - 기타,승용,남,30세,상해없음,화물,남,36세,중상
2017051800100154,2017년 5월 18일 08시,목요일,제주특별자치도 제주시 아라이동,경상사고,0,0,1,0,차대차 - 기타,안전운전불이행,건조,맑음,단일로 - 기타,승용,남,23세,상해없음,승용,남,44세,경상
2017051800100155,2017년 5월 18일 08시,목요일,제주특별자치도 제주시 조천읍,경상사고,0,0,1,0,차대차 - 정면충돌,안전운전불이행,건조,맑음,교차로 - 교차로안,화물,남,61세,상해없음,승용,여,51세,상해없음
2017051800100244,2017년 5월 18일 11시,목요일,제주특별자치도 서귀포시 서호동,중상사고,0,1,0,0,차대차 - 정면충돌,직진우회전진행방해,건조,맑음,교차로 - 교차로안,승용,남,58세,상해없음,승용,여,61세,상해없음
2017051800100302,2017년 5월 18일 13시,목요일,제주특별자치도 제주시 삼도이동,경상사고,0,0,1,0,차대차 - 측면충돌,교차로운행방법위반,건조,맑음,교차로 - 교차로안,승합,남,36세,상해없음,이륜,남,46세,경상
2017051800100367,2017년 5월 18일 15시,목요일,제주특별자치도 제주시 구좌읍,경상사고,0,0,1,0,차대차 - 측면충돌,안전운전불이행,기타,맑음,교차로 - 교차로안,원동기,남,55세,경상,승용,남,62세,상해없음
2017051800100443,2017년 5월 18일 17시,목요일,제주특별자치도 제주시 용담이동,경상사고,0,0,1,0,차대사람 - 횡단중,안전운전불이행,건조,맑음,기타 - 기타,승용,남,60세,상해없음,보행자,여,29세,경상
2017051800100493,2017년 5월 18일 18시,목요일,제주특별자치도 서귀포시 서귀동,중상사고,0,1,0,0,차대차 - 측면충돌,직진우회전진행방해,건조,맑음,교차로 - 교차로안,승용,남,30세,상해없음,이륜,남,26세,중상
2017051800100596,2017년 5월 18일 21시,목요일,제주특별자치도 제주시 한림읍,경상사고,0,0,1,0,차량단독 - 전도전복,안전운전불이행,건조,맑음,기타 - 기타,이륜,남,18세,경상,미분류,미분류,미분류,미분류
2017051800100660,2017년 5월 18일 23시,목요일,제주특별자치도 제주시 노형동,부상신고사고,0,0,0,1,차대차 - 측면충돌,직진우회전진행방해,건조,맑음,교차로 - 교차로안,승용,남,33세,상해없음,이륜,남,25세,부상신고
2017051900100162,2017년 5월 19일 08시,금요일,제주특별자치도 서귀포시 표선면,중상사고,0,1,0,0,차대차 - 측면충돌,신호위반,건조,맑음,교차로 - 교차로안,화물,남,35세,상해없음,승용,남,45세,중상
2017051900100163,2017년 5월 19일 08시,금요일,제주특별자치도 제주시 노형동,중상사고,0,1,0,0,차대차 - 측면충돌,교차로운행방법위반,건조,맑음,교차로 - 교차로안,승용,여,43세,상해없음,이륜,남,37세,중상
2017051900100164,2017년 5월 19일 08시,금요일,제주특별자치도 제주시 오라삼동,경상사고,0,0,1,0,차대차 - 측면충돌,안전운전불이행,건조,맑음,단일로 - 기타,화물,남,24세,경상,승용,남,26세,상해없음
2017051900100245,2017년 5월 19일 10시,금요일,제주특별자치도 제주시 조천읍,경상사고,0,0,4,0,차대차 - 후진중충돌,안전운전불이행,건조,맑음,단일로 - 기타,승용,여,48세,상해없음,승용,남,25세,경상
2017051900100246,2017년 5월 19일 10시,금요일,제주특별자치도 제주시 연동,경상사고,0,0,1,0,차대차 - 측면충돌,교차로운행방법위반,건조,맑음,교차로 - 교차로안,승용,남,72세,상해없음,승용,여,30세,경상
2017051900100282,2017년 5월 19일 11시,금요일,제주특별자치도 제주시 용담일동,경상사고,0,0,1,0,차대차 - 측면충돌,안전거리미확보,건조,흐림,단일로 - 기타,승용,여,39세,상해없음,이륜,남,77세,경상
2017051900100283,2017년 5월 19일 11시,금요일,제주특별자치도 제주시 조천읍,경상사고,0,0,1,0,차대차 - 측면충돌,신호위반,건조,맑음,교차로 - 교차로안,승용,여,47세,상해없음,화물,남,66세,경상
2017051900100284,2017년 5월 19일 11시,금요일,제주특별자치도 서귀포시 동홍동,중상사고,0,1,0,0,차대차 - 추돌,안전거리미확보,건조,맑음,교차로 - 교차로부근,화물,남,36세,상해없음,승용,여,68세,중상
2017051900100285,2017년 5월 19일 11시,금요일,제주특별자치도 서귀포시 대정읍,경상사고,0,0,1,0,차대차 - 측면충돌,안전운전불이행,건조,맑음,단일로 - 기타,승용,남,53세,상해없음,이륜,남,72세,경상
2017051900100315,2017년 5월 19일 12시,금요일,제주특별자치도 서귀포시 성산읍,중상사고,0,1,0,0,차대사람 - 길가장자리구역통행중,안전운전불이행,건조,맑음,단일로 - 기타,승용,여,26세,상해없음,보행자,남,24세,중상
2017051900100356,2017년 5월 19일 13시,금요일,제주특별자치도 서귀포시 상효동,사망사고,1,1,0,0,차량단독 - 전도전복 - 전도,안전운전불이행,건조,맑음,단일로 - 기타,사륜오토바이(ATV),남,65세,중상,,,,
2017051900100386,2017년 5월 19일 14시,금요일,제주특별자치도 서귀포시 대정읍,중상사고,0,1,0,0,차대사람 - 횡단중,기타,건조,맑음,단일로 - 기타,승용,여,52세,상해없음,보행자,남,6세,중상
2017051900100548,2017년 5월 19일 18시,금요일,제주특별자치도 제주시 건입동,경상사고,0,0,1,0,차대차 - 기타,차로위반,건조,맑음,교차로 - 교차로부근,승용,여,34세,상해없음,이륜,남,56세,경상
2017051900100549,2017년 5월 19일 18시,금요일,제주특별자치도 서귀포시 대정읍,경상사고,0,0,1,0,차대차 - 측면충돌,안전거리미확보,건조,맑음,교차로 - 교차로안,승용,남,52세,상해없음,화물,여,53세,경상
2017051900100635,2017년 5월 19일 20시,금요일,제주특별자치도 제주시 이도일동,경상사고,0,0,1,0,차대사람 - 횡단중,안전운전불이행,건조,맑음,단일로 - 기타,승용,남,56세,상해없음,보행자,여,54세,경상
2017051900100678,2017년 5월 19일 21시,금요일,제주특별자치도 서귀포시 강정동,중상사고,0,1,0,0,차대차 - 추돌,안전운전불이행,건조,맑음,단일로 - 기타,이륜,남,17세,중상,승용,남,38세,상해없음
2017051900100679,2017년 5월 19일 21시,금요일,제주특별자치도 제주시 애월읍,중상사고,0,1,2,0,차대차 - 측면충돌,신호위반,건조,맑음,교차로 - 교차로안,승합,남,50세,상해없음,화물,여,52세,중상
2017052000100111,2017년 5월 20일 05시,토요일,제주특별자치도 제주시 용담이동,중상사고,0,1,0,0,차대차 - 측면충돌,안전운전불이행,건조,맑음,기타 - 기타,이륜,남,49세,중상,화물,남,46세,상해없음
2017052000100140,2017년 5월 20일 07시,토요일,제주특별자치도 제주시 연동,중상사고,0,1,0,0,차대사람 - 횡단중,안전운전불이행,건조,맑음,단일로 - 기타,승합,남,52세,상해없음,보행자,여,20세,중상
2017052000100158,2017년 5월 20일 08시,토요일,제주특별자치도 제주시 일도일동,중상사고,0,2,0,0,차대차 - 측면충돌,신호위반,건조,맑음,교차로 - 교차로안,승용,남,56세,상해없음,승용,남,79세,중상
2017052000100183,2017년 5월 20일 09시,토요일,제주특별자치도 제주시 일도이동,경상사고,0,0,1,0,차대사람 - 횡단중,신호위반,건조,맑음,단일로 - 기타,화물,남,61세,상해없음,보행자,남,10세,경상
2017052000100304,2017년 5월 20일 13시,토요일,제주특별자치도 제주시 조천읍,중상사고,0,1,1,0,차대차 - 측면충돌,직진우회전진행방해,건조,맑음,교차로 - 교차로안,이륜,남,24세,경상,화물,남,61세,상해없음
2017052000100305,2017년 5월 20일 13시,토요일,제주특별자치도 제주시 이도이동,경상사고,0,0,2,0,차대차 - 측면충돌,신호위반,건조,흐림,교차로 - 교차로안,승용,여,35세,상해없음,승용,남,55세,경상
2017052000100344,2017년 5월 20일 14시,토요일,제주특별자치도 제주시 외도일동,경상사고,0,0,1,0,차대차 - 추돌,교차로운행방법위반,건조,맑음,교차로 - 교차로안,승용,남,66세,상해없음,승용,여,44세,경상
2017052000100421,2017년 5월 20일 16시,토요일,제주특별자치도 제주시 노형동,경상사고,0,0,1,0,차대차 - 측면충돌,안전운전불이행,건조,맑음,교차로 - 교차로안,이륜,남,21세,경상,승용,남,71세,상해없음
2017052100100026,2017년 5월 21일 00시,일요일,제주특별자치도 서귀포시 안덕면,중상사고,0,1,1,0,차대차 - 정면충돌,기타,건조,맑음,교차로 - 교차로안,승용,남,24세,중상,승용,남,53세,경상
2017052100100095,2017년 5월 21일 05시,일요일,제주특별자치도 서귀포시 대정읍,경상사고,0,0,2,0,차대차 - 측면충돌,직진우회전진행방해,건조,맑음,교차로 - 교차로안,승용,여,55세,경상,화물,여,63세,경상
2017052100100096,2017년 5월 21일 05시,일요일,제주특별자치도 서귀포시 성산읍,부상신고사고,0,0,0,1,차량단독 - 전도전복,안전운전불이행,건조,맑음,교차로 - 교차로부근,승용,남,34세,부상신고,미분류,미분류,미분류,미분류
2017052100100126,2017년 5월 21일 07시,일요일,제주특별자치도 제주시 조천읍,사망사고,1,0,0,0,차량단독 - 전도전복,안전운전불이행,건조,흐림,단일로 - 기타,자전거,여,62세,사망,미분류,미분류,미분류,미분류
2017052100100160,2017년 5월 21일 09시,일요일,제주특별자치도 제주시 연동,경상사고,0,0,2,0,차대차 - 기타,교차로운행방법위반,건조,맑음,교차로 - 교차로안,승용,남,67세,경상,승용,남,30세,경상
2017052100100178,2017년 5월 21일 10시,일요일,제주특별자치도 제주시 구좌읍,중상사고,0,1,0,0,차대사람 - 횡단중,안전운전불이행,건조,맑음,교차로 - 교차로부근,화물,남,64세,상해없음,보행자,남,19세,중상
2017052100100204,2017년 5월 21일 11시,일요일,제주특별자치도 서귀포시 남원읍,경상사고,0,0,1,0,차대차 - 측면충돌,중앙선침범,건조,맑음,단일로 - 기타,승용,남,34세,상해없음,화물,남,53세,경상
2017052100100393,2017년 5월 21일 17시,일요일,제주특별자치도 서귀포시 중문동,중상사고,0,1,0,0,차량단독 - 전도전복,안전운전불이행,건조,맑음,교차로 - 교차로부근,이륜,남,76세,중상,미분류,미분류,미분류,미분류
2017052100100394,2017년 5월 21일 17시,일요일,제주특별자치도 제주시 한림읍,경상사고,0,0,1,0,차대차 - 기타,안전운전불이행,건조,맑음,교차로 - 교차로안,승용,여,39세,경상,승용,남,45세,상해없음
2017052100100423,2017년 5월 21일 18시,일요일,제주특별자치도 제주시 삼도이동,중상사고,0,1,0,0,차대차 - 정면충돌,교차로운행방법위반,건조,맑음,교차로 - 교차로안,승용,여,51세,상해없음,자전거,남,31세,중상
2017052100100424,2017년 5월 21일 18시,일요일,제주특별자치도 제주시 연동,중상사고,0,1,0,0,차대사람 - 횡단중,안전운전불이행,건조,맑음,단일로 - 기타,승용,여,58세,상해없음,보행자,여,59세,중상
2017052100100511,2017년 5월 21일 22시,일요일,제주특별자치도 제주시 아라일동,중상사고,0,1,0,0,차대차 - 측면충돌,교차로운행방법위반,건조,흐림,교차로 - 교차로안,이륜,남,23세,중상,승용,남,29세,상해없음
2017052100100512,2017년 5월 21일 22시,일요일,제주특별자치도 서귀포시 동홍동,중상사고,0,1,0,0,차대차 - 추돌,안전운전불이행,건조,맑음,단일로 - 기타,승용,여,25세,상해없음,승용,남,26세,중상
2017052100100538,2017년 5월 21일 23시,일요일,제주특별자치도 제주시 용담일동,경상사고,0,0,1,0,차대차 - 측면충돌,교차로운행방법위반,건조,맑음,교차로 - 교차로안,승용,남,52세,상해없음,승용,남,50세,경상
2017052200100022,2017년 5월 22일 00시,월요일,제주특별자치도 제주시 한림읍,중상사고,0,1,0,1,차대차 - 측면충돌,신호위반,건조,맑음,교차로 - 교차로안,승용,여,48세,부상신고,승용,남,34세,상해없음
2017052200100031,2017년 5월 22일 01시,월요일,제주특별자치도 제주시 조천읍,경상사고,0,0,2,0,차대차 - 정면충돌,중앙선침범,건조,맑음,단일로 - 기타,승용,남,32세,상해없음,승용,남,37세,경상
2017052200100042,2017년 5월 22일 02시,월요일,제주특별자치도 제주시 애월읍,경상사고,0,0,2,0,차대차 - 추돌,안전운전불이행,건조,맑음,교차로 - 교차로부근,승용,남,32세,상해없음,승합,남,28세,경상
2017052200100074,2017년 5월 22일 06시,월요일,제주특별자치도 제주시 삼양이동,중상사고,0,1,0,0,차대사람 - 횡단중,보행자보호의무위반,건조,맑음,교차로 - 교차로안,화물,남,29세,상해없음,보행자,여,60세,중상
2017052200100113,2017년 5월 22일 07시,월요일,제주특별자치도 제주시 연동,경상사고,0,0,2,0,차대차 - 측면충돌,기타,건조,맑음,교차로 - 교차로안,승용,남,44세,경상,승용,남,28세,경상
2017052200100158,2017년 5월 22일 08시,월요일,제주특별자치도 제주시 아라일동,중상사고,0,1,1,0,차대차 - 기타,신호위반,건조,맑음,교차로 - 교차로안,승용,남,64세,상해없음,승용,여,75세,중상
2017052200100251,2017년 5월 22일 11시,월요일,제주특별자치도 제주시 조천읍,경상사고,0,0,1,0,차량단독 - 전도전복,안전운전불이행,건조,맑음,단일로 - 기타,이륜,남,30세,상해없음,미분류,미분류,미분류,미분류
2017052200100252,2017년 5월 22일 11시,월요일,제주특별자치도 제주시 오라일동,경상사고,0,0,1,0,차대차 - 측면충돌,교차로운행방법위반,건조,맑음,교차로 - 교차로안,화물,남,36세,상해없음,승용,남,34세,경상
2017052200100278,2017년 5월 22일 12시,월요일,제주특별자치도 제주시 일도일동,경상사고,0,0,1,0,차대차 - 추돌,안전운전불이행,건조,맑음,단일로 - 기타,화물,남,33세,상해없음,승용,남,59세,경상
2017052200100279,2017년 5월 22일 12시,월요일,제주특별자치도 서귀포시 호근동,경상사고,0,0,1,0,차대차 - 추돌,안전거리미확보,건조,맑음,교차로 - 교차로부근,승용,남,65세,상해없음,승용,여,42세,경상
2017052300100073,2017년 5월 23일 05시,화요일,제주특별자치도 서귀포시 안덕면,중상사고,0,3,1,0,차대차 - 측면충돌,신호위반,건조,맑음,교차로 - 교차로안,승합,여,62세,상해없음,승용,여,67세,중상
2017052300100114,2017년 5월 23일 07시,화요일,제주특별자치도 제주시 아라일동,중상사고,0,1,0,0,차대차 - 기타,교차로운행방법위반,건조,맑음,교차로 - 교차로부근,화물,남,57세,상해없음,승용,남,58세,중상
2017052300100153,2017년 5월 23일 08시,화요일,제주특별자치도 서귀포시 남원읍,경상사고,0,0,4,0,차대차 - 측면충돌,안전거리미확보,건조,맑음,교차로 - 교차로안,화물,여,60세,상해없음,승용,남,40세,경상
2017052300100189,2017년 5월 23일 09시,화요일,제주특별자치도 서귀포시 서귀동,중상사고,0,2,0,0,차대차 - 정면충돌,안전운전불이행,건조,맑음,교차로 - 교차로부근,승용,여,41세,상해없음,이륜,남,67세,중상
2017052300100248,2017년 5월 23일 11시,화요일,제주특별자치도 제주시 오라일동,경상사고,0,0,3,0,차대차 - 측면충돌,교차로운행방법위반,건조,맑음,교차로 - 교차로안,승용,여,62세,경상,승용,남,48세,경상
2017052300100275,2017년 5월 23일 12시,화요일,제주특별자치도 제주시 용담이동,중상사고,0,1,0,0,차대사람 - 횡단중,신호위반,건조,맑음,단일로 - 기타,승용,남,47세,상해없음,보행자,남,51세,중상
2017052300100310,2017년 5월 23일 13시,화요일,제주특별자치도 제주시 도남동,경상사고,0,0,1,0,차대차 - 추돌,안전운전불이행,건조,맑음,단일로 - 기타,승용,남,63세,상해없음,승용,남,45세,경상
2017052300100337,2017년 5월 23일 14시,화요일,제주특별자치도 제주시 연동,경상사고,0,0,1,0,차대차 - 측면충돌,안전거리미확보,건조,맑음,단일로 - 기타,승용,남,42세,상해없음,승용,여,66세,경상
2017052300100406,2017년 5월 23일 16시,화요일,제주특별자치도 제주시 노형동,경상사고,0,0,1,0,차대사람 - 횡단중,안전운전불이행,건조,맑음,교차로 - 교차로안,승합,남,56세,상해없음,보행자,남,6세,경상
2017052300100482,2017년 5월 23일 18시,화요일,제주특별자치도 제주시 삼도일동,경상사고,0,0,1,0,차대차 - 측면충돌,안전운전불이행,건조,맑음,단일로 - 기타,승합,여,50세,상해없음,이륜,남,30세,경상
2017052300100613,2017년 5월 23일 22시,화요일,제주특별자치도 제주시 조천읍,부상신고사고,0,0,0,1,차대차 - 기타,안전운전불이행,건조,맑음,단일로 - 기타,승용,여,21세,상해없음,승용,남,23세,상해없음
2017052400100053,2017년 5월 24일 01시,수요일,제주특별자치도 제주시 오등동,경상사고,0,0,1,0,차대차 - 기타,안전운전불이행,건조,흐림,단일로 - 기타,승용,남,44세,상해없음,이륜,남,17세,경상
2017052400100122,2017년 5월 24일 07시,수요일,제주특별자치도 제주시 노형동,중상사고,0,1,0,0,차대차 - 추돌,신호위반,건조,맑음,교차로 - 교차로부근,승용,여,44세,상해없음,승용,여,23세,중상
2017052400100158,2017년 5월 24일 08시,수요일,제주특별자치도 제주시 애월읍,중상사고,0,1,2,1,차대차 - 측면충돌,교차로운행방법위반,젖음/습기,흐림,교차로 - 교차로안,승용,여,63세,경상,승용,남,33세,경상
2017052400100192,2017년 5월 24일 09시,수요일,제주특별자치도 제주시 노형동,경상사고,0,0,2,0,차대차 - 추돌,안전거리미확보,건조,맑음,단일로 - 기타,승용,여,60세,상해없음,승용,남,43세,경상
2017052400100279,2017년 5월 24일 12시,수요일,제주특별자치도 제주시 도남동,경상사고,0,0,1,0,차대차 - 측면충돌,교차로운행방법위반,건조,맑음,교차로 - 교차로안,승용,남,38세,상해없음,승용,여,33세,경상
2017052400100280,2017년 5월 24일 12시,수요일,제주특별자치도 제주시 한림읍,중상사고,0,1,2,0,차대차 - 측면충돌,안전운전불이행,건조,흐림,교차로 - 교차로안,승용,여,23세,경상,승용,남,30세,경상
2017052400100281,2017년 5월 24일 12시,수요일,제주특별자치도 제주시 연동,경상사고,0,0,2,0,차대차 - 측면충돌,안전운전불이행,건조,맑음,교차로 - 교차로안,승용,남,51세,상해없음,승용,여,31세,경상
2017052400100311,2017년 5월 24일 13시,수요일,제주특별자치도 제주시 노형동,중상사고,0,1,0,0,차대사람 - 보도통행중,중앙선침범,건조,맑음,단일로 - 기타,이륜,남,41세,상해없음,보행자,여,4세,중상
2017052400100410,2017년 5월 24일 16시,수요일,제주특별자치도 제주시 연동,부상신고사고,0,0,0,1,차대사람 - 횡단중,안전운전불이행,건조,맑음,교차로 - 교차로부근,승용,여,34세,상해없음,보행자,남,7세,부상신고
2017052400100571,2017년 5월 24일 20시,수요일,제주특별자치도 제주시 일도이동,경상사고,0,0,1,0,차대차 - 측면충돌,안전운전불이행,건조,맑음,교차로 - 교차로안,승합,남,35세,상해없음,승용,여,41세,상해없음
2017052400100622,2017년 5월 24일 22시,수요일,제주특별자치도 서귀포시 색달동,중상사고,0,1,0,0,차대사람 - 차도통행중,안전운전불이행,건조,맑음,교차로 - 교차로부근,화물,남,34세,상해없음,보행자,여,52세,중상
2017052500100053,2017년 5월 25일 01시,목요일,제주특별자치도 제주시 용담일동,경상사고,0,0,1,0,차대사람 - 횡단중,안전운전불이행,건조,맑음,교차로 - 교차로횡단보도내,승용,남,69세,상해없음,보행자,여,51세,경상
2017052500100153,2017년 5월 25일 08시,목요일,제주특별자치도 제주시 화북일동,중상사고,0,1,0,0,차대사람 - 횡단중,보행자보호의무위반,건조,맑음,단일로 - 기타,승용,여,43세,상해없음,보행자,여,47세,중상