사고번호,사고일시,요일,시군구,사고내용,사망자수,중상자수,경상자수,부상신고자수,사고유형,법규위반,노면상태,기상상태,도로형태,가해운전자 차종,가해운전자 성별,가해운전자 연령,가해운전자 상해정도,피해운전자 차종,피해운전자 성별,피해운전자 연령,피해운전자 상해정도
2017062400100111,2017년 6월 24일 06시,토요일,제주특별자치도 제주시 이도이동,경상사고,0,0,1,0,차대차 - 추돌,안전거리미확보,건조,맑음,교차로 - 교차로부근,승용,여,43세,상해없음,승합,남,55세,상해없음
2017062400100233,2017년 6월 24일 11시,토요일,제주특별자치도 제주시 노형동,경상사고,0,0,2,0,차대차 - 추돌,안전운전불이행,건조,맑음,교차로 - 교차로안,승용,남,72세,기타불명,승용,남,37세,경상
2017062400100265,2017년 6월 24일 12시,토요일,제주특별자치도 제주시 한림읍,중상사고,0,1,0,0,차대사람 - 횡단중,안전운전불이행,건조,맑음,단일로 - 기타,승용,남,78세,상해없음,보행자,여,66세,중상
2017062400100296,2017년 6월 24일 13시,토요일,제주특별자치도 서귀포시 동홍동,중상사고,0,2,0,1,차대차 - 정면충돌,중앙선침범,건조,흐림,단일로 - 기타,승용,남,45세,부상신고,승용,남,51세,중상
2017062400100329,2017년 6월 24일 14시,토요일,제주특별자치도 제주시 조천읍,중상사고,0,1,1,0,차대차 - 추돌,안전운전불이행,젖음/습기,흐림,단일로 - 기타,승용,남,62세,상해없음,승합,남,37세,중상
2017062400100371,2017년 6월 24일 15시,토요일,제주특별자치도 서귀포시 안덕면,경상사고,0,0,1,0,차대차 - 측면충돌,직진우회전진행방해,건조,맑음,교차로 - 교차로안,승용,남,49세,상해없음,승용,남,69세,경상
2017062400100538,2017년 6월 24일 21시,토요일,제주특별자치도 제주시 일도일동,중상사고,0,1,0,0,차대사람 - 횡단중,보행자보호의무위반,건조,맑음,단일로 - 기타,승용,남,22세,상해없음,보행자,여,24세,중상
2017062500100076,2017년 6월 25일 04시,일요일,제주특별자치도 제주시 연동,경상사고,0,0,4,0,차대차 - 측면충돌,신호위반,건조,맑음,교차로 - 교차로안,승용,남,35세,경상,승용,남,62세,경상
2017062500100086,2017년 6월 25일 05시,일요일,제주특별자치도 서귀포시 서귀동,경상사고,0,0,1,0,차대사람 - 기타,보행자보호의무위반,건조,맑음,단일로 - 기타,승용,남,52세,상해없음,보행자,남,47세,경상
2017062500100257,2017년 6월 25일 15시,일요일,제주특별자치도 서귀포시 강정동,중상사고,0,2,1,0,차대차 - 측면충돌,직진우회전진행방해,건조,맑음,교차로 - 교차로안,승합,남,60세,상해없음,승용,남,28세,중상
2017062500100345,2017년 6월 25일 18시,일요일,제주특별자치도 서귀포시 신효동,경상사고,0,0,1,0,차대차 - 기타,안전운전불이행,건조,맑음,단일로 - 기타,승용,남,21세,상해없음,화물,남,49세,기타불명
2017062500100346,2017년 6월 25일 18시,일요일,제주특별자치도 제주시 외도일동,부상신고사고,0,0,0,1,차대차 - 기타,중앙선침범,건조,맑음,교차로 - 교차로부근,승용,여,54세,상해없음,이륜,남,22세,부상신고
2017062500100372,2017년 6월 25일 19시,일요일,제주특별자치도 제주시 이호이동,경상사고,0,0,3,0,차대차 - 측면충돌,안전운전불이행,건조,맑음,교차로 - 교차로안,승용,여,22세,경상,승용,남,57세,경상
2017062500100373,2017년 6월 25일 19시,일요일,제주특별자치도 제주시 연동,중상사고,0,2,0,0,차량단독 - 전도전복,안전운전불이행,젖음/습기,비,단일로 - 기타,승용,남,59세,상해없음,미분류,미분류,미분류,미분류
2017062500100374,2017년 6월 25일 19시,일요일,제주특별자치도 제주시 노형동,경상사고,0,0,2,0,차대차 - 측면충돌,안전거리미확보,건조,맑음,단일로 - 기타,승용,여,19세,기타불명,화물,남,26세,경상
2017062600100173,2017년 6월 26일 09시,월요일,제주특별자치도 제주시 노형동,부상신고사고,0,0,0,1,차대사람 - 길가장자리구역통행중,안전운전불이행,건조,맑음,단일로 - 기타,기타불명,기타불명,미분류,기타불명,보행자,여,82세,부상신고
2017062600100201,2017년 6월 26일 10시,월요일,제주특별자치도 제주시 삼도일동,경상사고,0,0,1,0,차대차 - 추돌,안전운전불이행,건조,맑음,교차로 - 교차로부근,승용,여,45세,상해없음,승용,여,51세,경상
2017062600100487,2017년 6월 26일 18시,월요일,제주특별자치도 제주시 화북이동,경상사고,0,0,5,0,차대차 - 추돌,안전거리미확보,건조,맑음,단일로 - 기타,화물,남,27세,상해없음,승용,남,25세,경상
2017062600100514,2017년 6월 26일 19시,월요일,제주특별자치도 제주시 연동,부상신고사고,0,0,0,1,차대사람 - 횡단중,안전운전불이행,건조,맑음,단일로 - 기타,승용,여,51세,상해없음,보행자,남,6세,부상신고
2017062600100592,2017년 6월 26일 22시,월요일,제주특별자치도 제주시 연동,경상사고,0,0,2,0,차대차 - 기타,안전거리미확보,건조,맑음,단일로 - 기타,승용,남,65세,경상,승용,남,47세,경상
2017062600100617,2017년 6월 26일 23시,월요일,제주특별자치도 제주시 이도이동,경상사고,0,0,1,0,차대사람 - 보도통행중,안전운전불이행,건조,맑음,단일로 - 기타,승용,남,39세,상해없음,보행자,남,37세,경상
2017062700100041,2017년 6월 27일 00시,화요일,제주특별자치도 제주시 도련이동,경상사고,0,0,3,0,차대차 - 측면충돌,신호위반,건조,맑음,교차로 - 교차로안,화물,남,29세,경상,승용,여,34세,경상
2017062700100058,2017년 6월 27일 01시,화요일,제주특별자치도 제주시 용담삼동,경상사고,0,0,1,0,차대사람 - 길가장자리구역통행중,안전운전불이행,건조,맑음,교차로 - 교차로부근,승용,남,71세,상해없음,보행자,남,64세,경상
2017062700100066,2017년 6월 27일 03시,화요일,제주특별자치도 제주시 이도이동,부상신고사고,0,0,0,1,차대차 - 기타,직진우회전진행방해,건조,맑음,교차로 - 교차로안,승용,남,23세,상해없음,승용,남,72세,상해없음
2017062700100077,2017년 6월 27일 05시,화요일,제주특별자치도 제주시 이호이동,중상사고,0,1,0,0,차대차 - 측면충돌,신호위반,건조,맑음,교차로 - 교차로안,화물,남,55세,상해없음,승용,여,59세,중상
2017062700100087,2017년 6월 27일 06시,화요일,제주특별자치도 제주시 일도이동,부상신고사고,0,0,0,1,차대차 - 측면충돌,안전거리미확보,건조,맑음,교차로 - 교차로안,승용,남,37세,상해없음,이륜,남,22세,부상신고
2017062700100187,2017년 6월 27일 09시,화요일,제주특별자치도 서귀포시 표선면,중상사고,0,1,0,0,차대차 - 측면충돌,안전운전불이행,건조,맑음,단일로 - 기타,화물,남,55세,상해없음,원동기,남,41세,중상
2017062700100240,2017년 6월 27일 11시,화요일,제주특별자치도 제주시 애월읍,경상사고,0,0,3,0,차대차 - 추돌,안전거리미확보,건조,맑음,단일로 - 기타,화물,남,42세,상해없음,승용,남,29세,경상
2017062700100309,2017년 6월 27일 13시,화요일,제주특별자치도 제주시 용담이동,경상사고,0,0,4,1,차대차 - 추돌,안전거리미확보,건조,흐림,교차로 - 교차로안,승용,남,56세,상해없음,승용,남,49세,부상신고
2017062700100336,2017년 6월 27일 14시,화요일,제주특별자치도 제주시 구좌읍,경상사고,0,0,1,0,차대사람 - 횡단중,안전운전불이행,건조,맑음,단일로 - 기타,승용,여,30세,상해없음,보행자,남,45세,경상
2017062700100337,2017년 6월 27일 14시,화요일,제주특별자치도 서귀포시 서귀동,중상사고,0,1,0,0,차대차 - 측면충돌,직진우회전진행방해,건조,맑음,교차로 - 교차로안,승용,여,54세,상해없음,화물,남,40세,상해없음
2017062700100338,2017년 6월 27일 14시,화요일,제주특별자치도 서귀포시 남원읍,중상사고,0,1,0,0,차대차 - 측면충돌,중앙선침범,건조,맑음,교차로 - 교차로안,승용,여,22세,상해없음,화물,남,46세,중상
2017062700100369,2017년 6월 27일 15시,화요일,제주특별자치도 서귀포시 성산읍,경상사고,0,0,1,0,차대차 - 측면충돌,중앙선침범,건조,맑음,단일로 - 기타,승용,여,55세,상해없음,승용,남,67세,경상
2017062700100370,2017년 6월 27일 15시,화요일,제주특별자치도 서귀포시 성산읍,경상사고,0,0,2,0,차대차 - 측면충돌,직진우회전진행방해,건조,맑음,교차로 - 교차로안,승용,여,42세,상해없음,이륜,남,20세,경상
2017062700100371,2017년 6월 27일 15시,화요일,제주특별자치도 제주시 연동,경상사고,0,0,1,0,차대차 - 기타,안전운전불이행,건조,맑음,교차로 - 교차로안,승합,여,65세,상해없음,이륜,남,30세,경상
2017062700100372,2017년 6월 27일 15시,화요일,제주특별자치도 제주시 애월읍,중상사고,0,1,0,0,차량단독 - 기타,안전운전불이행,건조,맑음,단일로 - 기타,승용,여,21세,중상,,,,
2017062700100407,2017년 6월 27일 16시,화요일,제주특별자치도 제주시 건입동,중상사고,0,1,1,0,차량단독 - 전도전복,안전운전불이행,건조,맑음,단일로 - 기타,승용,여,56세,경상,미분류,미분류,미분류,미분류
2017062700100447,2017년 6월 27일 17시,화요일,제주특별자치도 제주시 삼양이동,경상사고,0,0,1,0,차대차 - 추돌,안전거리미확보,건조,맑음,단일로 - 기타,승용,남,50세,상해없음,승용,여,46세,경상
2017062800100029,2017년 6월 28일 00시,수요일,제주특별자치도 제주시 화북이동,중상사고,0,1,0,0,차대차 - 측면충돌,신호위반,건조,맑음,교차로 - 교차로안,승용,남,30세,상해없음,이륜,남,39세,중상
2017062800100030,2017년 6월 28일 00시,수요일,제주특별자치도 서귀포시 남원읍,경상사고,0,0,1,0,차대사람 - 기타,안전운전불이행,건조,맑음,단일로 - 기타,승용,남,51세,상해없음,보행자,남,47세,경상
2017062800100071,2017년 6월 28일 04시,수요일,제주특별자치도 서귀포시 남원읍,중상사고,0,1,0,0,차대사람 - 횡단중,안전운전불이행,건조,맑음,단일로 - 기타,승합,여,68세,상해없음,보행자,남,29세,중상
2017062800100141,2017년 6월 28일 08시,수요일,제주특별자치도 서귀포시 서귀동,중상사고,0,1,0,0,차대차 - 정면충돌,안전거리미확보,건조,맑음,교차로 - 교차로부근,이륜,여,78세,중상,승용,남,65세,상해없음
2017062800100142,2017년 6월 28일 08시,수요일,제주특별자치도 제주시 오라삼동,경상사고,0,0,1,0,차대차 - 측면충돌,안전운전불이행,건조,맑음,단일로 - 기타,승합,남,45세,상해없음,승용,남,48세,경상
2017062800100143,2017년 6월 28일 08시,수요일,제주특별자치도 제주시 노형동,경상사고,0,0,1,0,차대사람 - 길가장자리구역통행중,안전운전불이행,건조,맑음,단일로 - 기타,승용,남,62세,상해없음,보행자,남,16세,경상
2017062800100225,2017년 6월 28일 11시,수요일,제주특별자치도 서귀포시 남원읍,중상사고,0,1,0,0,차대차 - 측면충돌,직진우회전진행방해,건조,맑음,교차로 - 교차로안,승용,남,37세,상해없음,이륜,남,77세,중상
2017062800100246,2017년 6월 28일 12시,수요일,제주특별자치도 제주시 일도이동,경상사고,0,0,3,0,차대차 - 추돌,안전거리미확보,건조,맑음,단일로 - 기타,승용,여,63세,상해없음,승용,남,32세,경상
2017062800100247,2017년 6월 28일 12시,수요일,제주특별자치도 제주시 일도이동,경상사고,0,0,1,0,차대차 - 측면충돌,교차로운행방법위반,건조,맑음,교차로 - 교차로안,승용,남,83세,상해없음,이륜,남,39세,경상
2017062800100350,2017년 6월 28일 16시,수요일,제주특별자치도 제주시 애월읍,경상사고,0,0,1,0,차대차 - 기타,안전운전불이행,건조,맑음,단일로 - 기타,승용,여,22세,상해없음,자전거,남,45세,경상
2017062800100487,2017년 6월 28일 19시,수요일,제주특별자치도 서귀포시 남원읍,부상신고사고,0,0,0,1,차대사람 - 횡단중,안전운전불이행,건조,맑음,단일로 - 기타,화물,남,57세,상해없음,보행자,남,79세,부상신고
2017062800100572,2017년 6월 28일 22시,수요일,제주특별자치도 제주시 삼도이동,부상신고사고,0,0,0,1,차대사람 - 횡단중,보행자보호의무위반,건조,기타,교차로 - 교차로부근,승용,남,22세,상해없음,보행자,남,28세,부상신고
2017062800100573,2017년 6월 28일 22시,수요일,제주특별자치도 제주시 애월읍,중상사고,0,1,3,0,차대차 - 기타,안전거리미확보,건조,맑음,교차로 - 교차로안,승합,남,64세,상해없음,승용,남,58세,경상
2017062800100592,2017년 6월 28일 23시,수요일,제주특별자치도 서귀포시 서귀동,중상사고,0,1,0,0,차대사람 - 횡단중,보행자보호의무위반,건조,맑음,교차로 - 교차로부근,이륜,남,20세,상해없음,보행자,여,47세,중상
2017062900100030,2017년 6월 29일 00시,목요일,제주특별자치도 제주시 조천읍,중상사고,0,5,2,0,차대차 - 측면충돌,교차로운행방법위반,기타,맑음,교차로 - 교차로안,승용,남,49세,경상,승용,여,24세,중상
2017062900100052,2017년 6월 29일 03시,목요일,제주특별자치도 서귀포시 토평동,중상사고,0,1,0,0,차량단독 - 전도전복 - 전도,안전운전불이행,젖음/습기,비,단일로 - 기타,승용,남,36세,중상,,,,
2017062900100159,2017년 6월 29일 09시,목요일,제주특별자치도 서귀포시 강정동,경상사고,0,0,1,0,차대차 - 측면충돌,중앙선침범,젖음/습기,비,단일로 - 기타,승합,여,74세,상해없음,승용,여,35세,경상
2017062900100210,2017년 6월 29일 11시,목요일,제주특별자치도 제주시 도련일동,경상사고,0,0,1,0,차대차 - 기타,교차로운행방법위반,젖음/습기,비,교차로 - 교차로안,화물,남,25세,상해없음,승용,남,23세,경상
2017062900100211,2017년 6월 29일 11시,목요일,제주특별자치도 서귀포시 남원읍,경상사고,0,0,1,0,차대차 - 기타,안전운전불이행,젖음/습기,비,단일로 - 기타,화물,남,58세,상해없음,특수,남,39세,경상
2017062900100212,2017년 6월 29일 11시,목요일,제주특별자치도 제주시 용담삼동,중상사고,0,1,0,1,차대차 - 측면충돌,안전운전불이행,젖음/습기,비,교차로 - 교차로안,승용,여,28세,부상신고,승용,여,34세,상해없음
2017062900100239,2017년 6월 29일 12시,목요일,제주특별자치도 서귀포시 동홍동,경상사고,0,0,1,0,차대사람 - 차도통행중,안전운전불이행,건조,맑음,단일로 - 기타,승용,여,57세,상해없음,보행자,여,23세,경상
2017062900100240,2017년 6월 29일 12시,목요일,제주특별자치도 서귀포시 남원읍,중상사고,0,1,0,0,차대차 - 추돌,안전거리미확보,젖음/습기,맑음,단일로 - 기타,승합,남,58세,상해없음,승용,여,32세,중상
2017062900100241,2017년 6월 29일 12시,목요일,제주특별자치도 제주시 애월읍,경상사고,0,0,1,0,차대사람 - 기타,안전운전불이행,젖음/습기,비,단일로 - 기타,승합,남,39세,상해없음,보행자,여,21세,경상
2017062900100260,2017년 6월 29일 13시,목요일,제주특별자치도 제주시 구좌읍,중상사고,0,1,4,0,차대차 - 측면충돌,교차로운행방법위반,젖음/습기,비,교차로 - 교차로안,승용,여,21세,중상,승용,여,22세,경상
2017062900100261,2017년 6월 29일 13시,목요일,제주특별자치도 제주시 노형동,경상사고,0,0,1,0,차대사람 - 기타,안전운전불이행,젖음/습기,비,기타 - 기타,승합,남,47세,상해없음,보행자,여,70세,경상
2017062900100320,2017년 6월 29일 15시,목요일,제주특별자치도 제주시 이도일동,경상사고,0,0,1,0,차대차 - 기타,안전거리미확보,젖음/습기,비,단일로 - 기타,승용,남,53세,상해없음,승용,여,26세,경상
2017062900100357,2017년 6월 29일 16시,목요일,제주특별자치도 제주시 일도이동,중상사고,0,1,0,0,차대사람 - 횡단중,보행자보호의무위반,젖음/습기,흐림,단일로 - 기타,승용,여,20세,상해없음,보행자,남,77세,중상
2017062900100552,2017년 6월 29일 21시,목요일,제주특별자치도 제주시 노형동,경상사고,0,0,1,0,차대차 - 측면충돌,안전거리미확보,건조,맑음,단일로 - 기타,승용,여,42세,상해없음,이륜,남,17세,경상
2017062900100600,2017년 6월 29일 23시,목요일,제주특별자치도 제주시 영평동,경상사고,0,0,4,0,차대차 - 정면충돌,중앙선침범,건조,흐림,교차로 - 교차로안,승용,남,28세,상해없음,승용,남,32세,경상
2017063000100159,2017년 6월 30일 08시,금요일,제주특별자치도 제주시 영평동,경상사고,0,0,2,0,차대차 - 기타,안전운전불이행,건조,맑음,교차로 - 교차로부근,승용,남,46세,상해없음,승용,여,53세,경상
2017063000100209,2017년 6월 30일 10시,금요일,제주특별자치도 제주시 일도일동,경상사고,0,0,1,0,차대차 - 기타,교차로운행방법위반,젖음/습기,비,교차로 - 교차로안,화물,남,34세,상해없음,승용,남,59세,경상
2017063000100241,2017년 6월 30일 11시,금요일,제주특별자치도 제주시 구좌읍,경상사고,0,0,1,0,차대차 - 정면충돌,안전운전불이행,건조,맑음,단일로 - 기타,승용,남,30세,상해없음,이륜,여,78세,경상
2017063000100335,2017년 6월 30일 14시,금요일,제주특별자치도 제주시 도남동,경상사고,0,0,2,0,차대차 - 추돌,안전거리미확보,건조,흐림,기타 - 기타,화물,남,79세,경상,화물,남,57세,경상
2017063000100414,2017년 6월 30일 16시,금요일,제주특별자치도 제주시 우도면,경상사고,0,0,1,0,차량단독 - 전도전복,안전운전불이행,건조,맑음,단일로 - 기타,이륜,여,45세,경상,미분류,미분류,미분류,미분류
2017063000100415,2017년 6월 30일 16시,금요일,제주특별자치도 서귀포시 성산읍,중상사고,0,1,1,0,차대차 - 추돌,안전운전불이행,젖음/습기,흐림,교차로 - 교차로부근,승합,여,60세,상해없음,화물,여,47세,경상
2017063000100470,2017년 6월 30일 17시,금요일,제주특별자치도 제주시 한림읍,경상사고,0,0,2,0,차대차 - 정면충돌,중앙선침범,건조,맑음,단일로 - 기타,승용,여,49세,경상,화물,남,54세,경상
2017063000100471,2017년 6월 30일 17시,금요일,제주특별자치도 제주시 애월읍,중상사고,0,1,0,0,차대차 - 기타,직진우회전진행방해,건조,맑음,교차로 - 교차로안,승용,남,46세,중상,승용,남,36세,상해없음
2017063000100617,2017년 6월 30일 21시,금요일,제주특별자치도 제주시 오라삼동,부상신고사고,0,0,0,1,차대차 - 측면충돌,직진우회전진행방해,건조,맑음,교차로 - 교차로안,승용,남,30세,부상신고,승용,여,39세,상해없음
2017063000100618,2017년 6월 30일 21시,금요일,제주특별자치도 제주시 한림읍,경상사고,0,0,2,0,차대차 - 기타,교차로운행방법위반,건조,흐림,교차로 - 교차로안,승용,남,48세,상해없음,승용,여,33세,경상
2017070100100058,2017년 7월 1일 01시,토요일,제주특별자치도 제주시 구좌읍,경상사고,0,0,1,0,차량단독 - 공작물충돌,안전운전불이행,건조,흐림,단일로 - 기타,승용,남,32세,상해없음,,,,
2017070100100266,2017년 7월 1일 12시,토요일,제주특별자치도 제주시 연동,중상사고,0,1,0,0,차대사람 - 차도통행중,안전운전불이행,건조,맑음,단일로 - 기타,승용,여,43세,상해없음,보행자,남,11세,중상
2017070100100326,2017년 7월 1일 14시,토요일,제주특별자치도 서귀포시 표선면,경상사고,0,0,1,0,차대차 - 측면충돌,중앙선침범,건조,맑음,단일로 - 기타,승용,여,40세,상해없음,화물,남,54세,경상
2017070100100327,2017년 7월 1일 14시,토요일,제주특별자치도 제주시 용담이동,경상사고,0,0,1,0,차대차 - 측면충돌,안전운전불이행,건조,맑음,단일로 - 기타,승용,여,47세,상해없음,승용,남,35세,경상
2017070100100387,2017년 7월 1일 16시,토요일,제주특별자치도 서귀포시 성산읍,경상사고,0,0,1,0,차대차 - 측면충돌,기타,건조,맑음,단일로 - 기타,건설기계,남,53세,상해없음,화물,남,33세,경상
2017070100100437,2017년 7월 1일 17시,토요일,제주특별자치도 서귀포시 성산읍,부상신고사고,0,0,0,1,차대차 - 측면충돌,안전운전불이행,건조,맑음,단일로 - 기타,자전거,남,37세,부상신고,승용,남,38세,상해없음
2017070100100573,2017년 7월 1일 21시,토요일,제주특별자치도 서귀포시 남원읍,중상사고,0,1,0,0,차대사람 - 횡단중,안전운전불이행,건조,맑음,단일로 - 기타,승용,남,55세,상해없음,보행자,여,51세,중상
2017070100100574,2017년 7월 1일 21시,토요일,제주특별자치도 제주시 용담이동,중상사고,0,1,0,0,차량단독 - 기타,기타,젖음/습기,흐림,단일로 - 기타,승합,남,51세,상해없음,,,,
2017070100100601,2017년 7월 1일 22시,토요일,제주특별자치도 제주시 이도이동,경상사고,0,0,1,0,차대사람 - 횡단중,보행자보호의무위반,건조,맑음,교차로 - 교차로횡단보도내,승용,남,20세,상해없음,보행자,남,28세,경상
2017070100100602,2017년 7월 1일 22시,토요일,제주특별자치도 서귀포시 서홍동,경상사고,0,0,1,0,차량단독 - 기타,안전운전불이행,건조,맑음,단일로 - 기타,이륜,남,20세,경상,,,,
2017070200100086,2017년 7월 2일 02시,일요일,제주특별자치도 제주시 연동,경상사고,0,0,1,1,차대차 - 측면충돌,신호위반,건조,맑음,교차로 - 교차로안,승용,남,39세,상해없음,승용,남,51세,경상
2017070200100126,2017년 7월 2일 04시,일요일,제주특별자치도 제주시 아라일동,중상사고,0,2,0,0,차대차 - 추돌,안전거리미확보,건조,맑음,단일로 - 기타,승용,남,59세,상해없음,승용,여,23세,중상
2017070200100154,2017년 7월 2일 07시,일요일,제주특별자치도 제주시 일도일동,중상사고,0,1,0,0,차대사람 - 기타,안전운전불이행,건조,맑음,기타 - 기타,화물,남,67세,상해없음,보행자,여,81세,중상
2017070200100155,2017년 7월 2일 07시,일요일,제주특별자치도 제주시 도두일동,경상사고,0,0,1,0,차대차 - 측면충돌,중앙선침범,건조,맑음,단일로 - 기타,화물,남,76세,상해없음,화물,남,39세,상해없음
2017070200100203,2017년 7월 2일 10시,일요일,제주특별자치도 서귀포시 서호동,중상사고,0,1,0,0,차대차 - 추돌,안전운전불이행,건조,맑음,교차로 - 교차로부근,화물,남,52세,중상,승합,남,37세,기타불명
2017070200100204,2017년 7월 2일 10시,일요일,제주특별자치도 제주시 용담이동,중상사고,0,1,0,0,차대사람 - 차도통행중,안전운전불이행,건조,맑음,단일로 - 기타,승용,남,65세,상해없음,보행자,남,52세,중상
2017070200100256,2017년 7월 2일 13시,일요일,제주특별자치도 제주시 이도일동,경상사고,0,0,1,0,차대사람 - 기타,안전운전불이행,건조,맑음,주차장 - 주차장,승용,여,24세,상해없음,보행자,여,39세,경상
2017070200100257,2017년 7월 2일 13시,일요일,제주특별자치도 서귀포시 남원읍,경상사고,0,0,4,0,차대차 - 추돌,안전운전불이행,건조,맑음,교차로 - 교차로안,승용,남,24세,상해없음,승용,여,44세,경상
2017070200100279,2017년 7월 2일 14시,일요일,제주특별자치도 제주시 일도이동,경상사고,0,0,1,0,차대사람 - 횡단중,안전운전불이행,건조,맑음,단일로 - 기타,승용,여,59세,상해없음,보행자,여,5세,경상
2017070200100300,2017년 7월 2일 15시,일요일,제주특별자치도 제주시 일도이동,경상사고,0,0,1,0,차대차 - 추돌,안전운전불이행,건조,맑음,단일로 - 기타,승용,남,31세,상해없음,승용,여,34세,경상
2017070200100301,2017년 7월 2일 15시,일요일,제주특별자치도 서귀포시 대정읍,중상사고,0,1,1,0,차량단독 - 공작물충돌,안전운전불이행,건조,맑음,단일로 - 기타,승용,남,26세,경상,,,,
2017070200100379,2017년 7월 2일 18시,일요일,제주특별자치도 서귀포시 중문동,중상사고,0,1,0,0,차대차 - 측면충돌,안전운전불이행,건조,맑음,교차로 - 교차로부근,승용,여,41세,상해없음,승용,여,45세,중상
2017070200100398,2017년 7월 2일 19시,일요일,제주특별자치도 제주시 한림읍,중상사고,0,1,0,0,차대차 - 측면충돌,교차로운행방법위반,건조,맑음,교차로 - 교차로부근,승용,여,45세,상해없음,이륜,남,42세,중상
2017070200100425,2017년 7월 2일 20시,일요일,제주특별자치도 제주시 애월읍,중상사고,0,1,4,1,차대차 - 정면충돌,신호위반,건조,맑음,교차로 - 교차로안,승용,남,55세,중상,승용,여,22세,경상
2017070300100177,2017년 7월 3일 09시,월요일,제주특별자치도 서귀포시 대정읍,사망사고,1,0,0,0,차대사람 - 횡단중,기타,건조,맑음,기타 - 기타,승용,남,63세,상해없음,보행자,남,55세,사망
2017070300100178,2017년 7월 3일 09시,월요일,제주특별자치도 서귀포시 상효동,경상사고,0,0,1,0,차대차 - 측면충돌,신호위반,건조,흐림,교차로 - 교차로안,승용,남,29세,상해없음,승용,여,49세,경상
2017070300100209,2017년 7월 3일 10시,월요일,제주특별자치도 제주시 삼도일동,경상사고,0,0,2,0,차대차 - 기타,교차로운행방법위반,건조,맑음,교차로 - 교차로안,승용,남,61세,상해없음,승용,여,43세,경상
2017070300100210,2017년 7월 3일 10시,월요일,제주특별자치도 제주시 용담이동,중상사고,0,1,0,1,차대차 - 추돌,안전운전불이행,건조,맑음,기타 - 기타,승용,남,74세,상해없음,승용,남,48세,중상
2017070300100211,2017년 7월 3일 10시,월요일,제주특별자치도 제주시 애월읍,경상사고,0,0,1,0,차대차 - 추돌,안전운전불이행,건조,맑음,교차로 - 교차로부근,승용,여,44세,상해없음,승용,남,43세,경상
2017070300100212,2017년 7월 3일 10시,월요일,제주특별자치도 제주시 외도일동,경상사고,0,0,1,0,차대차 - 기타,교차로운행방법위반,건조,맑음,교차로 - 교차로안,승용,남,40세,상해없음,승용,여,68세,경상
2017070300100240,2017년 7월 3일 11시,월요일,제주특별자치도 서귀포시 강정동,중상사고,0,1,0,1,차대차 - 측면충돌,직진우회전진행방해,건조,맑음,교차로 - 교차로안,승용,남,25세,부상신고,승용,남,72세,중상
2017070300100241,2017년 7월 3일 11시,월요일,제주특별자치도 제주시 노형동,중상사고,0,1,2,0,차대차 - 측면충돌,교차로운행방법위반,건조,맑음,단일로 - 기타,건설기계,남,44세,상해없음,승용,여,62세,경상
2017070300100373,2017년 7월 3일 15시,월요일,제주특별자치도 제주시 이도일동,중상사고,0,2,0,0,차대차 - 측면충돌,직진우회전진행방해,건조,맑음,교차로 - 교차로안,승용,여,64세,상해없음,이륜,남,18세,중상
2017070300100413,2017년 7월 3일 16시,월요일,제주특별자치도 제주시 연동,경상사고,0,0,1,0,차대차 - 기타,안전운전불이행,건조,맑음,교차로 - 교차로부근,화물,남,65세,상해없음,자전거,남,13세,경상
2017070300100555,2017년 7월 3일 20시,월요일,제주특별자치도 제주시 노형동,경상사고,0,0,1,0,차대차 - 측면충돌,직진우회전진행방해,건조,맑음,교차로 - 교차로안,승용,남,27세,상해없음,승용,남,27세,경상
2017070300100586,2017년 7월 3일 21시,월요일,제주특별자치도 제주시 아라일동,경상사고,0,0,1,0,차대사람 - 횡단중,보행자보호의무위반,건조,맑음,단일로 - 기타,승용,남,63세,상해없음,보행자,남,57세,경상
2017070400100131,2017년 7월 4일 08시,화요일,제주특별자치도 제주시 조천읍,중상사고,0,1,0,0,차대차 - 측면충돌,중앙선침범,젖음/습기,맑음,단일로 - 기타,승용,남,45세,상해없음,승용,남,38세,중상
2017070400100156,2017년 7월 4일 09시,화요일,제주특별자치도 서귀포시 남원읍,경상사고,0,0,1,0,차대차 - 측면충돌,교차로운행방법위반,건조,맑음,교차로 - 교차로안,승용,여,35세,경상,화물,남,25세,상해없음
2017070400100238,2017년 7월 4일 12시,화요일,제주특별자치도 제주시 삼도일동,경상사고,0,0,1,0,차대차 - 기타,기타,건조,맑음,교차로 - 교차로안,승용,여,37세,상해없음,승용,여,36세,경상
2017070400100239,2017년 7월 4일 12시,화요일,제주특별자치도 제주시 일도이동,경상사고,0,0,1,0,차대차 - 추돌,교차로운행방법위반,건조,맑음,교차로 - 교차로안,화물,남,34세,상해없음,승용,남,35세,경상
2017070400100359,2017년 7월 4일 16시,화요일,제주특별자치도 제주시 일도이동,경상사고,0,0,1,0,차대사람 - 기타,보행자보호의무위반,건조,맑음,교차로 - 교차로횡단보도내,기타불명,기타불명,미분류,기타불명,보행자,여,14세,경상