사고번호,사고일시,요일,시군구,사고내용,사망자수,중상자수,경상자수,부상신고자수,사고유형,법규위반,노면상태,기상상태,도로형태,가해운전자 차종,가해운전자 성별,가해운전자 연령,가해운전자 상해정도,피해운전자 차종,피해운전자 성별,피해운전자 연령,피해운전자 상해정도
2017072200100334,2017년 7월 22일 13시,토요일,제주특별자치도 서귀포시 안덕면,중상사고,0,1,1,0,차대차 - 측면충돌,직진우회전진행방해,건조,맑음,교차로 - 교차로안,승용,남,62세,상해없음,승용,남,38세,경상
2017072200100476,2017년 7월 22일 17시,토요일,제주특별자치도 제주시 조천읍,중상사고,0,1,0,0,차량단독 - 공작물충돌,안전운전불이행,건조,맑음,교차로 - 교차로안,화물,남,56세,중상,,,,
2017072200100477,2017년 7월 22일 17시,토요일,제주특별자치도 제주시 연동,부상신고사고,0,0,0,1,차대차 - 추돌,안전운전불이행,건조,맑음,단일로 - 기타,승용,남,48세,상해없음,승용,남,40세,부상신고
2017072200100478,2017년 7월 22일 17시,토요일,제주특별자치도 제주시 애월읍,경상사고,0,0,1,3,차대차 - 기타,직진우회전진행방해,건조,맑음,교차로 - 교차로안,승용,여,64세,상해없음,화물,남,23세,경상
2017072200100595,2017년 7월 22일 20시,토요일,제주특별자치도 제주시 한림읍,중상사고,0,1,5,0,차대차 - 측면충돌,신호위반,건조,맑음,교차로 - 교차로안,승용,남,41세,상해없음,승용,남,27세,경상
2017072200100658,2017년 7월 22일 23시,토요일,제주특별자치도 제주시 삼도일동,경상사고,0,0,1,0,차대사람 - 횡단중,안전운전불이행,건조,맑음,단일로 - 기타,승용,여,56세,상해없음,보행자,남,33세,경상
2017072300100026,2017년 7월 23일 00시,일요일,제주특별자치도 서귀포시 성산읍,사망사고,1,0,0,0,차대사람 - 횡단중,안전운전불이행,건조,맑음,교차로 - 교차로안,승용,여,30세,상해없음,보행자,남,55세,사망
2017072300100046,2017년 7월 23일 01시,일요일,제주특별자치도 제주시 봉개동,경상사고,0,0,1,0,차대차 - 측면충돌,안전운전불이행,건조,기타,단일로 - 기타,승용,남,43세,상해없음,화물,여,61세,경상
2017072300100157,2017년 7월 23일 10시,일요일,제주특별자치도 서귀포시 색달동,경상사고,0,0,1,0,차대차 - 추돌,안전운전불이행,건조,맑음,단일로 - 기타,승용,남,40세,상해없음,사륜오토바이(ATV),남,28세,경상
2017072300100158,2017년 7월 23일 10시,일요일,제주특별자치도 제주시 애월읍,부상신고사고,0,0,0,5,차대차 - 측면충돌,기타,건조,맑음,교차로 - 교차로안,승용,여,40세,상해없음,승용,남,43세,부상신고
2017072300100233,2017년 7월 23일 13시,일요일,제주특별자치도 서귀포시 서귀동,경상사고,0,0,1,0,차대차 - 측면충돌,차로위반,건조,맑음,단일로 - 기타,승용,남,65세,상해없음,승용,여,30세,경상
2017072300100274,2017년 7월 23일 15시,일요일,제주특별자치도 제주시 도남동,중상사고,0,1,2,0,차대차 - 측면충돌,신호위반,건조,맑음,교차로 - 교차로안,승용,남,73세,상해없음,승용,남,62세,경상
2017072300100275,2017년 7월 23일 15시,일요일,제주특별자치도 제주시 노형동,경상사고,0,0,1,0,차대차 - 기타,안전운전불이행,건조,맑음,교차로 - 교차로안,화물,남,48세,상해없음,승용,여,35세,경상
2017072300100354,2017년 7월 23일 18시,일요일,제주특별자치도 제주시 조천읍,경상사고,0,0,1,0,차대차 - 측면충돌,중앙선침범,건조,흐림,단일로 - 기타,승용,남,26세,상해없음,승용,남,38세,경상
2017072300100355,2017년 7월 23일 18시,일요일,제주특별자치도 제주시 애월읍,중상사고,0,1,0,0,차대차 - 기타,안전운전불이행,건조,맑음,단일로 - 기타,화물,남,63세,중상,승용,여,36세,상해없음
2017072300100394,2017년 7월 23일 19시,일요일,제주특별자치도 제주시 삼도일동,경상사고,0,0,1,0,차대차 - 기타,교차로운행방법위반,건조,맑음,교차로 - 교차로안,이륜,남,34세,경상,승합,여,25세,상해없음
2017072300100414,2017년 7월 23일 20시,일요일,제주특별자치도 제주시 도두일동,경상사고,0,0,2,0,차대차 - 추돌,안전운전불이행,건조,맑음,단일로 - 기타,화물,남,44세,상해없음,승용,남,23세,경상
2017072400100100,2017년 7월 24일 07시,월요일,제주특별자치도 제주시 도남동,경상사고,0,0,1,0,차대차 - 추돌,안전운전불이행,건조,맑음,단일로 - 기타,화물,남,44세,상해없음,승용,남,37세,경상
2017072400100137,2017년 7월 24일 08시,월요일,제주특별자치도 제주시 노형동,경상사고,0,0,2,0,차대차 - 기타,직진우회전진행방해,건조,맑음,교차로 - 교차로안,승용,남,57세,경상,승용,남,47세,경상
2017072400100172,2017년 7월 24일 09시,월요일,제주특별자치도 제주시 조천읍,경상사고,0,0,1,0,차대차 - 기타,안전운전불이행,건조,맑음,단일로 - 기타,승용,여,54세,상해없음,승합,남,55세,상해없음
2017072400100173,2017년 7월 24일 09시,월요일,제주특별자치도 제주시 조천읍,경상사고,0,0,2,0,차대차 - 측면충돌,신호위반,건조,맑음,교차로 - 교차로안,승용,남,65세,상해없음,승용,남,34세,경상
2017072400100174,2017년 7월 24일 09시,월요일,제주특별자치도 서귀포시 서귀동,중상사고,0,1,0,0,차대사람 - 기타,안전운전불이행,건조,맑음,교차로 - 교차로부근,승용,여,59세,상해없음,보행자,여,52세,중상
2017072400100202,2017년 7월 24일 10시,월요일,제주특별자치도 제주시 아라일동,경상사고,0,0,2,0,차대차 - 추돌,안전운전불이행,건조,맑음,단일로 - 기타,화물,남,28세,상해없음,화물,남,56세,경상
2017072400100203,2017년 7월 24일 10시,월요일,제주특별자치도 서귀포시 남원읍,경상사고,0,0,1,0,차대차 - 추돌,안전거리미확보,건조,맑음,교차로 - 교차로부근,화물,남,52세,상해없음,승용,여,52세,경상
2017072400100261,2017년 7월 24일 12시,월요일,제주특별자치도 제주시 한림읍,경상사고,0,0,1,0,차량단독 - 전도전복,안전운전불이행,건조,맑음,단일로 - 기타,이륜,남,33세,경상,미분류,미분류,미분류,미분류
2017072400100350,2017년 7월 24일 15시,월요일,제주특별자치도 제주시 애월읍,경상사고,0,0,1,0,차대차 - 기타,안전운전불이행,건조,맑음,단일로 - 기타,화물,남,57세,상해없음,승용,남,60세,경상
2017072400100429,2017년 7월 24일 17시,월요일,제주특별자치도 제주시 노형동,경상사고,0,0,1,0,차대차 - 측면충돌,안전운전불이행,건조,맑음,단일로 - 기타,승용,남,37세,상해없음,자전거,남,22세,경상
2017072400100467,2017년 7월 24일 18시,월요일,제주특별자치도 제주시 용담이동,중상사고,0,1,0,0,차대사람 - 횡단중,보행자보호의무위반,건조,맑음,단일로 - 기타,승용,남,49세,상해없음,보행자,남,56세,중상
2017072400100543,2017년 7월 24일 21시,월요일,제주특별자치도 서귀포시 서귀동,경상사고,0,0,1,0,차대차 - 측면충돌,직진우회전진행방해,건조,맑음,교차로 - 교차로안,승용,여,26세,상해없음,자전거,남,14세,경상
2017072400100571,2017년 7월 24일 22시,월요일,제주특별자치도 제주시 오등동,경상사고,0,0,1,0,차대차 - 추돌,안전운전불이행,건조,맑음,단일로 - 기타,승용,여,27세,상해없음,승용,남,57세,경상
2017072500100107,2017년 7월 25일 07시,화요일,제주특별자치도 제주시 이도이동,경상사고,0,0,4,0,차대차 - 기타,안전운전불이행,건조,맑음,교차로 - 교차로부근,승용,남,66세,경상,승용,남,28세,경상
2017072500100108,2017년 7월 25일 07시,화요일,제주특별자치도 서귀포시 하원동,중상사고,0,1,0,0,차대차 - 추돌,안전운전불이행,건조,맑음,단일로 - 기타,승용,여,41세,상해없음,승용,남,41세,중상
2017072500100109,2017년 7월 25일 07시,화요일,제주특별자치도 제주시 노형동,경상사고,0,0,2,0,차대차 - 추돌,안전운전불이행,기타,맑음,교차로 - 교차로부근,승용,남,34세,상해없음,승용,여,44세,경상
2017072500100208,2017년 7월 25일 10시,화요일,제주특별자치도 서귀포시 남원읍,중상사고,0,1,1,0,차대차 - 추돌,안전운전불이행,건조,맑음,교차로 - 교차로부근,승합,남,51세,상해없음,이륜,남,19세,중상
2017072500100237,2017년 7월 25일 11시,화요일,제주특별자치도 서귀포시 강정동,경상사고,0,0,1,0,차대차 - 측면충돌,안전운전불이행,건조,맑음,교차로 - 교차로안,승용,남,40세,상해없음,이륜,남,69세,경상
2017072500100238,2017년 7월 25일 11시,화요일,제주특별자치도 서귀포시 상예동,경상사고,0,0,1,0,차대차 - 측면충돌,신호위반,건조,맑음,교차로 - 교차로부근,승용,남,41세,상해없음,승용,남,26세,경상
2017072500100266,2017년 7월 25일 12시,화요일,제주특별자치도 제주시 이도이동,경상사고,0,0,1,0,차대사람 - 횡단중,안전운전불이행,건조,맑음,단일로 - 기타,승용,여,31세,상해없음,보행자,여,17세,경상
2017072500100267,2017년 7월 25일 12시,화요일,제주특별자치도 제주시 이도일동,경상사고,0,0,1,0,차대차 - 측면충돌,교차로운행방법위반,건조,맑음,교차로 - 교차로안,화물,남,47세,상해없음,이륜,남,28세,경상
2017072500100268,2017년 7월 25일 12시,화요일,제주특별자치도 서귀포시 남원읍,경상사고,0,0,2,0,차대차 - 측면충돌,안전운전불이행,건조,맑음,교차로 - 교차로안,건설기계,남,44세,상해없음,승용,여,52세,경상
2017072500100269,2017년 7월 25일 12시,화요일,제주특별자치도 제주시 연동,경상사고,0,0,1,0,차대차 - 추돌,안전운전불이행,건조,맑음,교차로 - 교차로부근,승용,남,48세,상해없음,승용,여,57세,경상
2017072500100373,2017년 7월 25일 15시,화요일,제주특별자치도 서귀포시 하효동,중상사고,0,1,0,0,차대사람 - 기타,안전운전불이행,건조,맑음,단일로 - 기타,승용,여,48세,상해없음,보행자,여,71세,중상
2017072500100374,2017년 7월 25일 15시,화요일,제주특별자치도 제주시 노형동,중상사고,0,1,0,0,차대사람 - 보도통행중,보행자보호의무위반,건조,맑음,단일로 - 기타,화물,남,52세,상해없음,보행자,여,10세,중상
2017072500100423,2017년 7월 25일 16시,화요일,제주특별자치도 제주시 월평동,중상사고,0,1,0,0,차대차 - 정면충돌,중앙선침범,건조,맑음,단일로 - 기타,승용,여,60세,상해없음,이륜,남,38세,중상
2017072500100459,2017년 7월 25일 17시,화요일,제주특별자치도 제주시 삼도일동,경상사고,0,0,1,0,차대차 - 기타,직진우회전진행방해,건조,맑음,교차로 - 교차로안,화물,남,53세,상해없음,이륜,남,21세,경상
2017072500100562,2017년 7월 25일 20시,화요일,제주특별자치도 제주시 노형동,경상사고,0,0,1,0,차대차 - 측면충돌,안전운전불이행,건조,맑음,교차로 - 교차로안,화물,남,39세,상해없음,원동기,남,44세,경상
2017072500100621,2017년 7월 25일 22시,화요일,제주특별자치도 제주시 아라일동,중상사고,0,1,0,0,차대차 - 측면충돌,중앙선침범,건조,맑음,단일로 - 기타,승용,남,24세,상해없음,승용,남,40세,중상
2017072600100093,2017년 7월 26일 06시,수요일,제주특별자치도 제주시 구좌읍,경상사고,0,0,1,0,차대차 - 측면충돌,신호위반,젖음/습기,비,교차로 - 교차로안,화물,남,47세,상해없음,승용,여,47세,경상
2017072600100146,2017년 7월 26일 08시,수요일,제주특별자치도 서귀포시 남원읍,중상사고,0,1,0,0,차대차 - 측면충돌,중앙선침범,젖음/습기,비,단일로 - 기타,승용,남,29세,상해없음,승용,남,62세,중상
2017072600100147,2017년 7월 26일 08시,수요일,제주특별자치도 서귀포시 안덕면,경상사고,0,0,2,0,차대차 - 측면충돌,안전운전불이행,건조,맑음,교차로 - 교차로안,승용,여,32세,경상,승용,여,40세,경상
2017072600100215,2017년 7월 26일 10시,수요일,제주특별자치도 서귀포시 동홍동,중상사고,0,2,0,0,차대차 - 기타,직진우회전진행방해,건조,맑음,교차로 - 교차로안,승용,남,48세,상해없음,승용,남,65세,상해없음
2017072600100249,2017년 7월 26일 11시,수요일,제주특별자치도 제주시 한림읍,중상사고,0,3,0,0,차대차 - 기타,신호위반,건조,맑음,교차로 - 교차로안,이륜,남,18세,중상,화물,남,30세,상해없음
2017072600100378,2017년 7월 26일 15시,수요일,제주특별자치도 제주시 오등동,경상사고,0,0,1,0,차대차 - 정면충돌,안전운전불이행,건조,맑음,교차로 - 교차로부근,자전거,남,72세,경상,승용,남,72세,상해없음
2017072600100379,2017년 7월 26일 15시,수요일,제주특별자치도 제주시 이도이동,경상사고,0,0,1,0,차대사람 - 횡단중,보행자보호의무위반,건조,맑음,단일로 - 기타,화물,남,50세,상해없음,보행자,남,7세,경상
2017072600100426,2017년 7월 26일 16시,수요일,제주특별자치도 제주시 노형동,부상신고사고,0,0,0,1,차대차 - 측면충돌,안전운전불이행,젖음/습기,맑음,단일로 - 기타,승용,남,31세,상해없음,자전거,남,19세,부상신고
2017072600100470,2017년 7월 26일 17시,수요일,제주특별자치도 서귀포시 남원읍,사망사고,1,1,0,0,차대차 - 측면충돌,안전운전불이행,건조,맑음,단일로 - 기타,화물,남,52세,상해없음,승용,남,55세,사망
2017072600100471,2017년 7월 26일 17시,수요일,제주특별자치도 서귀포시 서귀동,부상신고사고,0,0,0,1,차대사람 - 횡단중,안전운전불이행,건조,맑음,교차로 - 교차로부근,승용,여,54세,상해없음,보행자,남,20세,부상신고
2017072600100513,2017년 7월 26일 18시,수요일,제주특별자치도 제주시 이도이동,경상사고,0,0,3,0,차대차 - 측면충돌,교차로운행방법위반,건조,맑음,교차로 - 교차로안,승용,남,62세,상해없음,승용,남,25세,경상
2017072600100514,2017년 7월 26일 18시,수요일,제주특별자치도 제주시 연동,중상사고,0,1,0,0,차대차 - 기타,직진우회전진행방해,건조,맑음,교차로 - 교차로안,승용,남,42세,상해없음,원동기,남,20세,중상
2017072600100515,2017년 7월 26일 18시,수요일,제주특별자치도 제주시 노형동,경상사고,0,0,1,0,차대차 - 측면충돌,안전운전불이행,기타,맑음,교차로 - 교차로부근,승용,여,48세,상해없음,승용,여,46세,경상
2017072600100648,2017년 7월 26일 22시,수요일,제주특별자치도 제주시 노형동,중상사고,0,1,0,0,차대차 - 측면충돌,신호위반,건조,맑음,교차로 - 교차로부근,이륜,남,44세,중상,승용,남,28세,상해없음
2017072600100674,2017년 7월 26일 23시,수요일,제주특별자치도 제주시 조천읍,경상사고,0,0,1,0,차량단독 - 공작물충돌,안전운전불이행,건조,맑음,단일로 - 기타,승용,여,52세,경상,,,,
2017072700100039,2017년 7월 27일 00시,목요일,제주특별자치도 제주시 구좌읍,중상사고,0,1,0,0,차량단독 - 전도전복 - 전도,안전거리미확보,기타,맑음,단일로 - 기타,건설기계,남,62세,중상,,,,
2017072700100068,2017년 7월 27일 02시,목요일,제주특별자치도 제주시 연동,부상신고사고,0,0,0,1,차대차 - 측면충돌,안전운전불이행,건조,맑음,단일로 - 기타,승용,남,29세,부상신고,승용,여,48세,기타불명
2017072700100097,2017년 7월 27일 06시,목요일,제주특별자치도 제주시 외도일동,중상사고,0,1,0,0,차대차 - 추돌,안전운전불이행,건조,맑음,단일로 - 기타,승용,남,62세,상해없음,이륜,여,60세,중상
2017072700100157,2017년 7월 27일 08시,목요일,제주특별자치도 서귀포시 토평동,경상사고,0,0,1,0,차대차 - 측면충돌,신호위반,건조,맑음,교차로 - 교차로안,승용,남,60세,상해없음,승용,여,37세,경상
2017072700100158,2017년 7월 27일 08시,목요일,제주특별자치도 제주시 용담이동,중상사고,0,1,0,0,차대차 - 기타,교차로운행방법위반,건조,맑음,교차로 - 교차로부근,승용,남,65세,상해없음,승용,여,38세,중상
2017072700100219,2017년 7월 27일 10시,목요일,제주특별자치도 서귀포시 대정읍,중상사고,0,1,0,0,차대차 - 측면충돌,직진우회전진행방해,건조,맑음,교차로 - 교차로안,이륜,여,70세,중상,승용,남,25세,상해없음
2017072700100220,2017년 7월 27일 10시,목요일,제주특별자치도 제주시 해안동,경상사고,0,0,1,0,차대차 - 측면충돌,안전운전불이행,건조,맑음,교차로 - 교차로안,승용,남,50세,상해없음,승용,여,56세,경상
2017072700100241,2017년 7월 27일 11시,목요일,제주특별자치도 서귀포시 동홍동,경상사고,0,0,2,0,차대차 - 측면충돌,중앙선침범,건조,맑음,단일로 - 기타,이륜,남,87세,경상,이륜,남,43세,경상
2017072700100272,2017년 7월 27일 12시,목요일,제주특별자치도 서귀포시 신효동,경상사고,0,0,1,0,차량단독 - 기타,안전운전불이행,건조,맑음,단일로 - 기타,이륜,남,74세,상해없음,,,,
2017072700100310,2017년 7월 27일 13시,목요일,제주특별자치도 제주시 애월읍,부상신고사고,0,0,0,2,차대차 - 추돌,안전운전불이행,건조,맑음,교차로 - 교차로부근,승용,남,52세,상해없음,이륜,남,21세,부상신고
2017072700100340,2017년 7월 27일 14시,목요일,제주특별자치도 서귀포시 대정읍,경상사고,0,0,1,1,차대차 - 측면충돌,직진우회전진행방해,건조,맑음,교차로 - 교차로안,승용,남,53세,부상신고,승용,남,49세,상해없음
2017072700100341,2017년 7월 27일 14시,목요일,제주특별자치도 제주시 한경면,경상사고,0,0,2,0,차대차 - 측면충돌,안전운전불이행,건조,맑음,교차로 - 교차로안,승용,남,25세,상해없음,승용,남,42세,경상
2017072700100420,2017년 7월 27일 16시,목요일,제주특별자치도 서귀포시 표선면,경상사고,0,0,1,0,차대사람 - 횡단중,안전운전불이행,건조,맑음,단일로 - 기타,승용,남,52세,상해없음,보행자,남,8세,경상
2017072700100466,2017년 7월 27일 17시,목요일,제주특별자치도 서귀포시 서귀동,경상사고,0,0,1,0,차대차 - 기타,기타,건조,맑음,교차로 - 교차로부근,승용,남,50세,상해없음,이륜,남,40세,경상
2017072700100467,2017년 7월 27일 17시,목요일,제주특별자치도 서귀포시 안덕면,경상사고,0,0,1,0,차대차 - 측면충돌,안전거리미확보,건조,맑음,교차로 - 교차로안,승용,남,45세,상해없음,승용,여,24세,경상
2017072700100511,2017년 7월 27일 18시,목요일,제주특별자치도 제주시 이도일동,경상사고,0,0,1,0,차대차 - 정면충돌,안전운전불이행,건조,맑음,단일로 - 기타,승용,여,51세,상해없음,개인형이동수단(PM),남,39세,경상
2017072700100512,2017년 7월 27일 18시,목요일,제주특별자치도 제주시 이도이동,경상사고,0,0,1,0,차대차 - 기타,안전거리미확보,건조,흐림,단일로 - 기타,이륜,남,28세,경상,승용,여,30세,상해없음
2017072700100513,2017년 7월 27일 18시,목요일,제주특별자치도 제주시 일도이동,경상사고,0,0,1,0,차대차 - 기타,안전운전불이행,건조,맑음,단일로 - 기타,승용,남,47세,상해없음,승용,남,28세,경상
2017072700100514,2017년 7월 27일 18시,목요일,제주특별자치도 제주시 용담이동,경상사고,0,0,1,0,차대차 - 측면충돌,안전거리미확보,건조,맑음,단일로 - 기타,건설기계,남,55세,상해없음,승용,남,35세,경상
2017072700100590,2017년 7월 27일 21시,목요일,제주특별자치도 제주시 연동,중상사고,0,1,2,0,차대차 - 추돌,안전거리미확보,건조,맑음,단일로 - 기타,승용,남,36세,상해없음,승용,남,27세,경상
2017072700100625,2017년 7월 27일 22시,목요일,제주특별자치도 서귀포시 서귀동,경상사고,0,0,1,0,차대차 - 측면충돌,직진우회전진행방해,건조,맑음,교차로 - 교차로안,승용,여,35세,상해없음,이륜,남,20세,경상
2017072800100103,2017년 7월 28일 05시,금요일,제주특별자치도 제주시 구좌읍,경상사고,0,0,1,0,차대차 - 기타,안전운전불이행,젖음/습기,안개,단일로 - 기타,승용,남,68세,상해없음,농기계,남,78세,경상
2017072800100136,2017년 7월 28일 07시,금요일,제주특별자치도 제주시 아라이동,부상신고사고,0,0,0,2,차대차 - 추돌,안전운전불이행,건조,맑음,단일로 - 기타,승용,남,83세,부상신고,건설기계,남,47세,상해없음
2017072800100198,2017년 7월 28일 09시,금요일,제주특별자치도 제주시 한림읍,경상사고,0,0,1,0,차대사람 - 횡단중,안전운전불이행,건조,맑음,교차로 - 교차로부근,화물,남,45세,상해없음,보행자,여,31세,경상
2017072800100199,2017년 7월 28일 09시,금요일,제주특별자치도 제주시 노형동,경상사고,0,0,1,0,차대차 - 추돌,안전거리미확보,건조,맑음,교차로 - 교차로안,승용,여,47세,상해없음,승용,남,33세,경상
2017072800100228,2017년 7월 28일 10시,금요일,제주특별자치도 제주시 이도이동,중상사고,0,1,0,0,차대사람 - 횡단중,기타,기타,맑음,단일로 - 기타,승용,남,37세,상해없음,보행자,여,42세,중상
2017072800100315,2017년 7월 28일 13시,금요일,제주특별자치도 제주시 아라일동,경상사고,0,0,1,0,차대사람 - 횡단중,안전운전불이행,건조,맑음,단일로 - 기타,승용,남,32세,상해없음,보행자,남,19세,경상
2017072800100316,2017년 7월 28일 13시,금요일,제주특별자치도 제주시 삼도이동,경상사고,0,0,1,0,차대차 - 기타,안전거리미확보,건조,맑음,단일로 - 기타,승용,남,21세,상해없음,승용,여,40세,경상
2017072800100348,2017년 7월 28일 14시,금요일,제주특별자치도 제주시 일도일동,경상사고,0,0,1,0,차대차 - 기타,안전운전불이행,건조,맑음,교차로 - 교차로안,승합,남,48세,상해없음,승용,여,46세,경상
2017072800100384,2017년 7월 28일 15시,금요일,제주특별자치도 제주시 구좌읍,중상사고,0,1,0,0,차량단독 - 전도전복 - 전도,안전운전불이행,건조,맑음,단일로 - 기타,승용,여,51세,상해없음,,,,
2017072800100419,2017년 7월 28일 16시,금요일,제주특별자치도 서귀포시 안덕면,경상사고,0,0,3,0,차대차 - 측면충돌,안전운전불이행,건조,맑음,교차로 - 교차로안,승용,여,60세,경상,승용,남,57세,경상
2017072800100530,2017년 7월 28일 19시,금요일,제주특별자치도 제주시 구좌읍,경상사고,0,0,1,0,차량단독 - 전도전복,중앙선침범,건조,맑음,단일로 - 기타,이륜,여,78세,경상,미분류,미분류,미분류,미분류
2017072900100069,2017년 7월 29일 02시,토요일,제주특별자치도 제주시 조천읍,중상사고,0,2,2,0,차대차 - 기타,신호위반,건조,맑음,교차로 - 교차로안,승용,남,21세,상해없음,승용,남,57세,경상
2017072900100088,2017년 7월 29일 03시,토요일,제주특별자치도 제주시 연동,중상사고,0,1,0,0,차대차 - 측면충돌,신호위반,건조,맑음,교차로 - 교차로안,승용,남,23세,상해없음,승용,남,35세,중상
2017072900100105,2017년 7월 29일 04시,토요일,제주특별자치도 제주시 이도일동,경상사고,0,0,1,0,차대차 - 추돌,안전운전불이행,건조,맑음,교차로 - 교차로부근,기타불명,기타불명,미분류,기타불명,승용,남,64세,경상
2017072900100248,2017년 7월 29일 11시,토요일,제주특별자치도 제주시 도남동,경상사고,0,0,1,0,차대차 - 기타,교차로운행방법위반,건조,맑음,교차로 - 교차로부근,승용,여,49세,상해없음,자전거,남,43세,경상
2017072900100283,2017년 7월 29일 12시,토요일,제주특별자치도 제주시 구좌읍,경상사고,0,0,1,0,차량단독 - 전도전복 - 전도,안전운전불이행,건조,맑음,단일로 - 기타,승용,여,28세,경상,,,,
2017072900100284,2017년 7월 29일 12시,토요일,제주특별자치도 제주시 연동,부상신고사고,0,0,0,1,차대차 - 추돌,안전운전불이행,건조,맑음,교차로 - 교차로부근,승용,남,63세,상해없음,승용,남,56세,상해없음
2017072900100325,2017년 7월 29일 13시,토요일,제주특별자치도 서귀포시 남원읍,중상사고,0,1,4,0,차대차 - 측면충돌,신호위반,건조,맑음,교차로 - 교차로부근,승용,여,49세,상해없음,승용,여,28세,경상
2017072900100357,2017년 7월 29일 14시,토요일,제주특별자치도 서귀포시 동홍동,경상사고,0,0,1,0,차대차 - 측면충돌,안전거리미확보,건조,맑음,교차로 - 교차로부근,승용,남,25세,상해없음,승용,여,34세,상해없음
2017072900100358,2017년 7월 29일 14시,토요일,제주특별자치도 제주시 애월읍,경상사고,0,0,2,3,차대차 - 추돌,안전거리미확보,건조,맑음,단일로 - 기타,승용,여,27세,경상,승용,남,67세,상해없음
2017072900100387,2017년 7월 29일 15시,토요일,제주특별자치도 서귀포시 남원읍,경상사고,0,0,2,0,차대차 - 기타,직진우회전진행방해,건조,맑음,교차로 - 교차로안,화물,남,54세,상해없음,승용,남,29세,경상
2017072900100429,2017년 7월 29일 16시,토요일,제주특별자치도 제주시 노형동,경상사고,0,0,2,0,차대차 - 측면충돌,직진우회전진행방해,건조,흐림,교차로 - 교차로안,승용,남,28세,경상,승용,여,50세,경상
2017072900100583,2017년 7월 29일 21시,토요일,제주특별자치도 서귀포시 강정동,경상사고,0,0,1,0,차대차 - 기타,안전운전불이행,건조,맑음,단일로 - 기타,승용,여,63세,상해없음,승용,여,42세,경상
2017072900100584,2017년 7월 29일 21시,토요일,제주특별자치도 제주시 연동,경상사고,0,0,1,0,차대차 - 기타,안전운전불이행,건조,맑음,교차로 - 교차로안,승용,남,51세,상해없음,이륜,남,26세,경상
2017072900100600,2017년 7월 29일 22시,토요일,제주특별자치도 제주시 이도이동,중상사고,0,1,0,0,차대사람 - 횡단중,안전운전불이행,건조,맑음,단일로 - 기타,승용,남,28세,상해없음,보행자,남,57세,중상
2017072900100601,2017년 7월 29일 22시,토요일,제주특별자치도 제주시 연동,경상사고,0,0,1,0,차대차 - 기타,안전운전불이행,건조,맑음,교차로 - 교차로부근,승용,남,53세,상해없음,원동기,남,52세,경상
2017073000100049,2017년 7월 30일 01시,일요일,제주특별자치도 제주시 일도이동,경상사고,0,0,1,0,차대차 - 기타,교차로운행방법위반,건조,흐림,교차로 - 교차로안,승용,남,63세,상해없음,승용,여,54세,경상
2017073000100061,2017년 7월 30일 02시,일요일,제주특별자치도 제주시 연동,경상사고,0,0,1,0,차대차 - 측면충돌,안전운전불이행,건조,맑음,단일로 - 기타,승용,남,34세,상해없음,승용,남,64세,경상
2017073000100074,2017년 7월 30일 03시,일요일,제주특별자치도 제주시 연동,중상사고,0,1,0,0,차대사람 - 횡단중,안전운전불이행,건조,맑음,단일로 - 기타,승용,남,37세,기타불명,보행자,남,39세,중상
2017073000100099,2017년 7월 30일 06시,일요일,제주특별자치도 제주시 한림읍,사망사고,1,0,0,0,차대사람 - 횡단중,안전운전불이행,건조,맑음,단일로 - 기타,화물,남,74세,상해없음,보행자,여,79세,사망
2017073000100163,2017년 7월 30일 10시,일요일,제주특별자치도 서귀포시 성산읍,경상사고,0,0,2,0,차대차 - 측면충돌,안전거리미확보,건조,맑음,교차로 - 교차로부근,승합,남,60세,상해없음,승용,남,26세,경상
2017073000100179,2017년 7월 30일 11시,일요일,제주특별자치도 제주시 애월읍,경상사고,0,0,5,1,차대차 - 측면충돌,신호위반,건조,맑음,교차로 - 교차로안,승용,여,52세,상해없음,승용,남,45세,경상
2017073000100196,2017년 7월 30일 12시,일요일,제주특별자치도 서귀포시 표선면,부상신고사고,0,0,0,5,차대차 - 측면충돌,직진우회전진행방해,건조,맑음,교차로 - 교차로안,승용,여,22세,부상신고,승용,남,44세,부상신고
2017073000100213,2017년 7월 30일 13시,일요일,제주특별자치도 제주시 이도이동,경상사고,0,0,5,0,차대차 - 측면충돌,교차로운행방법위반,건조,맑음,교차로 - 교차로안,승용,여,44세,경상,승용,남,35세,경상
2017073000100288,2017년 7월 30일 16시,일요일,제주특별자치도 제주시 구좌읍,중상사고,0,1,1,0,차대차 - 추돌,안전운전불이행,건조,맑음,단일로 - 기타,이륜,남,41세,중상,승용,남,52세,경상
2017073000100341,2017년 7월 30일 18시,일요일,제주특별자치도 제주시 도련일동,경상사고,0,0,1,0,차대차 - 측면충돌,차로위반,건조,맑음,단일로 - 기타,승용,여,70세,상해없음,승용,여,36세,경상