사고번호,사고일시,요일,시군구,사고내용,사망자수,중상자수,경상자수,부상신고자수,사고유형,법규위반,노면상태,기상상태,도로형태,가해운전자 차종,가해운전자 성별,가해운전자 연령,가해운전자 상해정도,피해운전자 차종,피해운전자 성별,피해운전자 연령,피해운전자 상해정도
2017080900100281,2017년 8월 9일 12시,수요일,제주특별자치도 제주시 이도이동,경상사고,0,0,1,0,차대차 - 측면충돌,안전운전불이행,건조,맑음,단일로 - 기타,승용,남,70세,상해없음,승합,남,48세,상해없음
2017080900100372,2017년 8월 9일 15시,수요일,제주특별자치도 제주시 조천읍,경상사고,0,0,1,0,차대차 - 기타,신호위반,건조,맑음,교차로 - 교차로안,승용,여,61세,상해없음,승용,여,40세,경상
2017080900100440,2017년 8월 9일 17시,수요일,제주특별자치도 제주시 봉개동,경상사고,0,0,1,0,차대차 - 기타,안전운전불이행,젖음/습기,흐림,교차로 - 교차로부근,화물,남,42세,상해없음,승용,여,61세,경상
2017080900100441,2017년 8월 9일 17시,수요일,제주특별자치도 제주시 용담이동,경상사고,0,0,2,0,차대차 - 추돌,직진우회전진행방해,건조,맑음,교차로 - 교차로안,화물,남,22세,상해없음,승용,여,42세,경상
2017080900100515,2017년 8월 9일 19시,수요일,제주특별자치도 제주시 연동,경상사고,0,0,1,0,차대차 - 추돌,안전운전불이행,건조,맑음,단일로 - 기타,승용,남,61세,상해없음,승용,남,35세,경상
2017080900100585,2017년 8월 9일 21시,수요일,제주특별자치도 제주시 오라일동,경상사고,0,0,2,0,차대차 - 측면충돌,교차로운행방법위반,건조,맑음,교차로 - 교차로안,승용,남,49세,상해없음,승용,남,31세,경상
2017080900100586,2017년 8월 9일 21시,수요일,제주특별자치도 서귀포시 서귀동,경상사고,0,0,1,0,차대차 - 측면충돌,안전운전불이행,건조,맑음,교차로 - 교차로안,이륜,남,17세,상해없음,이륜,남,46세,경상
2017081000100095,2017년 8월 10일 05시,목요일,제주특별자치도 제주시 일도이동,중상사고,0,2,0,0,차대차 - 기타,신호위반,건조,맑음,교차로 - 교차로안,이륜,남,17세,중상,승용,남,59세,상해없음
2017081000100096,2017년 8월 10일 05시,목요일,제주특별자치도 서귀포시 성산읍,경상사고,0,0,3,0,차대차 - 추돌,안전거리미확보,건조,맑음,교차로 - 교차로부근,승용,남,28세,상해없음,승용,남,55세,경상
2017081000100105,2017년 8월 10일 06시,목요일,제주특별자치도 제주시 도남동,중상사고,0,1,0,0,차대차 - 기타,안전운전불이행,건조,맑음,교차로 - 교차로횡단보도내,승용,남,57세,상해없음,자전거,여,49세,중상
2017081000100106,2017년 8월 10일 06시,목요일,제주특별자치도 서귀포시 성산읍,중상사고,0,1,0,0,차대사람 - 횡단중,안전운전불이행,건조,맑음,교차로 - 교차로안,승용,남,52세,상해없음,보행자,여,83세,중상
2017081000100160,2017년 8월 10일 08시,목요일,제주특별자치도 서귀포시 표선면,중상사고,0,1,1,0,차대차 - 측면충돌,신호위반,건조,맑음,교차로 - 교차로안,승용,남,61세,경상,승용,여,24세,중상
2017081000100204,2017년 8월 10일 09시,목요일,제주특별자치도 서귀포시 보목동,경상사고,0,0,1,0,차대사람 - 횡단중,안전운전불이행,건조,맑음,단일로 - 기타,화물,여,60세,상해없음,보행자,여,26세,경상
2017081000100289,2017년 8월 10일 12시,목요일,제주특별자치도 제주시 건입동,경상사고,0,0,1,0,차대차 - 측면충돌,차로위반,건조,맑음,단일로 - 기타,승용,남,60세,상해없음,이륜,남,45세,경상
2017081000100290,2017년 8월 10일 12시,목요일,제주특별자치도 제주시 구좌읍,중상사고,0,1,2,0,차대차 - 추돌,안전거리미확보,기타,맑음,교차로 - 교차로안,승용,남,56세,상해없음,화물,남,61세,경상
2017081000100325,2017년 8월 10일 13시,목요일,제주특별자치도 제주시 일도이동,경상사고,0,0,1,0,차대차 - 측면충돌,신호위반,건조,맑음,교차로 - 교차로안,화물,여,57세,상해없음,승용,여,36세,경상
2017081000100354,2017년 8월 10일 14시,목요일,제주특별자치도 제주시 화북이동,사망사고,1,0,3,0,차대차 - 기타,중앙선침범,건조,맑음,단일로 - 기타,승용,여,63세,사망,화물,남,51세,경상
2017081000100473,2017년 8월 10일 17시,목요일,제주특별자치도 제주시 삼도이동,경상사고,0,0,1,0,차대사람 - 횡단중,보행자보호의무위반,건조,맑음,교차로 - 교차로횡단보도내,승용,남,29세,상해없음,보행자,여,10세,경상
2017081000100605,2017년 8월 10일 21시,목요일,제주특별자치도 제주시 노형동,중상사고,0,1,0,0,차대사람 - 기타,안전운전불이행,건조,맑음,단일로 - 기타,승합,남,22세,상해없음,보행자,남,72세,중상
2017081100100146,2017년 8월 11일 08시,금요일,제주특별자치도 제주시 애월읍,경상사고,0,0,1,0,차대차 - 기타,안전거리미확보,건조,맑음,기타 - 기타,이륜,남,18세,경상,화물,남,61세,상해없음
2017081100100206,2017년 8월 11일 10시,금요일,제주특별자치도 제주시 삼도일동,중상사고,0,1,0,0,차대사람 - 횡단중,기타,기타,맑음,교차로 - 교차로안,승용,남,47세,상해없음,보행자,남,75세,중상
2017081100100207,2017년 8월 11일 10시,금요일,제주특별자치도 서귀포시 서홍동,중상사고,0,1,3,0,차대차 - 추돌,안전운전불이행,건조,맑음,단일로 - 기타,승합,남,49세,중상,화물,남,35세,경상
2017081100100282,2017년 8월 11일 12시,금요일,제주특별자치도 서귀포시 성산읍,중상사고,0,1,0,0,차대차 - 측면충돌,교차로운행방법위반,건조,맑음,교차로 - 교차로안,승용,여,38세,상해없음,이륜,남,24세,중상
2017081100100283,2017년 8월 11일 12시,금요일,제주특별자치도 제주시 한림읍,중상사고,0,1,0,0,차대차 - 기타,불법유턴,건조,맑음,교차로 - 교차로안,원동기,남,66세,중상,화물,남,44세,상해없음
2017081100100316,2017년 8월 11일 13시,금요일,제주특별자치도 제주시 이도이동,중상사고,0,1,0,0,차대사람 - 기타,안전운전불이행,건조,맑음,단일로 - 기타,승용,남,33세,상해없음,보행자,여,55세,중상
2017081100100317,2017년 8월 11일 13시,금요일,제주특별자치도 서귀포시 서호동,경상사고,0,0,1,0,차대차 - 측면충돌,안전운전불이행,건조,맑음,교차로 - 교차로안,승용,남,69세,상해없음,승용,여,45세,경상
2017081100100448,2017년 8월 11일 16시,금요일,제주특별자치도 서귀포시 안덕면,부상신고사고,0,0,0,1,차량단독 - 전도전복 - 전도,안전운전불이행,건조,맑음,교차로 - 교차로안,승용,여,30세,부상신고,,,,
2017081100100537,2017년 8월 11일 18시,금요일,제주특별자치도 서귀포시 상예동,경상사고,0,0,2,0,차대차 - 측면충돌,안전운전불이행,건조,맑음,기타 - 기타,승용,남,48세,상해없음,승용,여,48세,경상
2017081100100628,2017년 8월 11일 20시,금요일,제주특별자치도 제주시 연동,경상사고,0,0,1,0,차대차 - 측면충돌,안전운전불이행,건조,맑음,교차로 - 교차로안,승용,남,43세,경상,승용,여,49세,상해없음
2017081100100686,2017년 8월 11일 22시,금요일,제주특별자치도 제주시 한림읍,경상사고,0,0,1,0,차대사람 - 차도통행중,안전운전불이행,건조,맑음,단일로 - 기타,승용,남,32세,상해없음,보행자,남,8세,경상
2017081200100107,2017년 8월 12일 05시,토요일,제주특별자치도 제주시 이도이동,사망사고,1,0,0,0,차대사람 - 횡단중,안전운전불이행,건조,맑음,단일로 - 기타,승용,남,68세,상해없음,보행자,여,76세,사망
2017081200100108,2017년 8월 12일 05시,토요일,제주특별자치도 제주시 이호이동,중상사고,0,1,1,0,차대차 - 추돌,안전운전불이행,건조,맑음,단일로 - 기타,승용,남,38세,상해없음,승용,남,57세,중상
2017081200100255,2017년 8월 12일 11시,토요일,제주특별자치도 제주시 이도이동,경상사고,0,0,3,0,차대차 - 측면충돌,교차로운행방법위반,건조,맑음,교차로 - 교차로안,승용,여,37세,경상,승용,여,35세,경상
2017081200100329,2017년 8월 12일 13시,토요일,제주특별자치도 서귀포시 안덕면,경상사고,0,0,1,0,차대차 - 기타,안전운전불이행,건조,맑음,교차로 - 교차로부근,승용,남,50세,상해없음,승용,여,25세,기타불명
2017081200100357,2017년 8월 12일 14시,토요일,제주특별자치도 서귀포시 남원읍,경상사고,0,0,1,4,차대차 - 측면충돌,직진우회전진행방해,건조,맑음,교차로 - 교차로안,승용,여,49세,경상,승용,남,42세,부상신고
2017081200100358,2017년 8월 12일 14시,토요일,제주특별자치도 제주시 한경면,중상사고,0,1,0,3,차대차 - 측면충돌,안전운전불이행,건조,맑음,단일로 - 기타,승용,남,41세,부상신고,승용,여,61세,중상
2017081200100472,2017년 8월 12일 18시,토요일,제주특별자치도 제주시 오라이동,경상사고,0,0,1,0,차대차 - 기타,신호위반,건조,맑음,교차로 - 교차로안,승용,남,37세,상해없음,이륜,남,31세,경상
2017081200100525,2017년 8월 12일 20시,토요일,제주특별자치도 서귀포시 동홍동,경상사고,0,0,1,1,차대차 - 측면충돌,직진우회전진행방해,건조,맑음,교차로 - 교차로부근,이륜,남,22세,부상신고,승용,남,60세,상해없음
2017081200100556,2017년 8월 12일 21시,토요일,제주특별자치도 서귀포시 표선면,경상사고,0,0,1,0,차량단독 - 전도전복 - 전도,안전운전불이행,건조,맑음,단일로 - 기타,이륜,여,56세,경상,,,,
2017081200100557,2017년 8월 12일 21시,토요일,제주특별자치도 서귀포시 법환동,경상사고,0,0,2,0,차대차 - 기타,기타,건조,맑음,단일로 - 기타,승용,여,42세,상해없음,승용,남,30세,상해없음
2017081300100023,2017년 8월 13일 00시,일요일,제주특별자치도 제주시 조천읍,중상사고,0,1,0,0,차대차 - 측면충돌,신호위반,건조,맑음,교차로 - 교차로안,승용,남,26세,상해없음,화물,남,41세,상해없음
2017081300100092,2017년 8월 13일 06시,일요일,제주특별자치도 제주시 연동,경상사고,0,0,1,0,차대차 - 정면충돌,신호위반,건조,흐림,교차로 - 교차로안,승용,남,61세,상해없음,승용,여,54세,경상
2017081300100170,2017년 8월 13일 11시,일요일,제주특별자치도 제주시 노형동,경상사고,0,0,2,0,차대차 - 추돌,안전운전불이행,건조,맑음,단일로 - 기타,승용,남,57세,상해없음,승용,남,51세,경상
2017081300100209,2017년 8월 13일 13시,일요일,제주특별자치도 서귀포시 상예동,중상사고,0,1,0,0,차대차 - 기타,안전운전불이행,건조,맑음,단일로 - 기타,승용,남,31세,상해없음,사륜오토바이(ATV),여,74세,중상
2017081300100237,2017년 8월 13일 14시,일요일,제주특별자치도 서귀포시 성산읍,경상사고,0,0,3,0,차대차 - 측면충돌,직진우회전진행방해,건조,맑음,교차로 - 교차로안,승용,여,39세,상해없음,승용,남,40세,상해없음
2017081300100260,2017년 8월 13일 15시,일요일,제주특별자치도 제주시 우도면,경상사고,0,0,1,0,차대차 - 측면충돌,안전운전불이행,건조,맑음,단일로 - 기타,이륜,남,30세,상해없음,승합,남,64세,상해없음
2017081300100282,2017년 8월 13일 16시,일요일,제주특별자치도 제주시 이도이동,경상사고,0,0,1,0,차대차 - 측면충돌,기타,건조,맑음,교차로 - 교차로안,승용,남,45세,상해없음,이륜,남,33세,경상
2017081300100308,2017년 8월 13일 17시,일요일,제주특별자치도 서귀포시 색달동,경상사고,0,0,6,0,차대차 - 추돌,안전거리미확보,건조,맑음,단일로 - 기타,승용,남,27세,상해없음,승용,여,55세,상해없음
2017081300100361,2017년 8월 13일 19시,일요일,제주특별자치도 제주시 애월읍,부상신고사고,0,0,0,1,차량단독 - 전도전복,안전운전불이행,건조,맑음,단일로 - 기타,화물,남,65세,부상신고,미분류,미분류,미분류,미분류
2017081300100424,2017년 8월 13일 21시,일요일,제주특별자치도 제주시 노형동,중상사고,0,1,0,0,차대사람 - 횡단중,안전운전불이행,건조,맑음,교차로 - 교차로횡단보도내,승용,남,43세,상해없음,보행자,남,61세,중상
2017081300100444,2017년 8월 13일 22시,일요일,제주특별자치도 제주시 용담이동,경상사고,0,0,2,0,차대차 - 측면충돌,직진우회전진행방해,건조,맑음,교차로 - 교차로안,승용,남,52세,상해없음,승용,남,55세,경상
2017081300100462,2017년 8월 13일 23시,일요일,제주특별자치도 제주시 일도이동,경상사고,0,0,2,1,차대차 - 기타,신호위반,젖음/습기,비,교차로 - 교차로안,승용,여,23세,경상,승용,남,57세,경상
2017081400100137,2017년 8월 14일 08시,월요일,제주특별자치도 제주시 봉개동,경상사고,0,0,2,0,차대차 - 측면충돌,중앙선침범,기타,비,단일로 - 기타,승용,남,39세,상해없음,승용,남,57세,경상
2017081400100138,2017년 8월 14일 08시,월요일,제주특별자치도 제주시 삼양일동,경상사고,0,0,1,1,차대차 - 기타,직진우회전진행방해,젖음/습기,비,교차로 - 교차로안,승용,여,42세,부상신고,화물,남,35세,상해없음
2017081400100239,2017년 8월 14일 11시,월요일,제주특별자치도 서귀포시 대정읍,경상사고,0,0,1,0,차대차 - 측면충돌,안전운전불이행,건조,맑음,교차로 - 교차로안,승용,남,67세,상해없음,자전거,남,7세,경상
2017081400100329,2017년 8월 14일 13시,월요일,제주특별자치도 서귀포시 토평동,중상사고,0,1,0,0,차대차 - 측면충돌,안전거리미확보,건조,맑음,교차로 - 교차로부근,승용,여,36세,상해없음,이륜,남,51세,중상
2017081400100373,2017년 8월 14일 14시,월요일,제주특별자치도 제주시 오라일동,중상사고,0,1,0,0,차대차 - 기타,기타,건조,맑음,단일로 - 기타,승용,남,62세,상해없음,승합,남,52세,상해없음
2017081400100416,2017년 8월 14일 15시,월요일,제주특별자치도 제주시 연동,경상사고,0,0,2,0,차대차 - 측면충돌,직진우회전진행방해,건조,흐림,교차로 - 교차로안,승용,여,55세,경상,승용,남,26세,경상
2017081400100442,2017년 8월 14일 16시,월요일,제주특별자치도 제주시 한림읍,경상사고,0,0,4,0,차대차 - 추돌,안전운전불이행,건조,맑음,단일로 - 기타,승용,남,46세,상해없음,승용,여,37세,경상
2017081400100525,2017년 8월 14일 18시,월요일,제주특별자치도 제주시 삼도일동,경상사고,0,0,1,0,차대사람 - 횡단중,보행자보호의무위반,건조,맑음,교차로 - 교차로횡단보도내,승용,여,51세,상해없음,보행자,남,4세,경상
2017081400100526,2017년 8월 14일 18시,월요일,제주특별자치도 서귀포시 서호동,중상사고,0,1,0,0,차대차 - 측면충돌,직진우회전진행방해,젖음/습기,비,교차로 - 교차로안,승용,남,35세,상해없음,이륜,남,31세,중상
2017081400100568,2017년 8월 14일 19시,월요일,제주특별자치도 제주시 삼양이동,경상사고,0,0,1,0,차대차 - 기타,안전운전불이행,건조,맑음,교차로 - 교차로부근,승용,남,43세,상해없음,승용,남,25세,경상
2017081400100569,2017년 8월 14일 19시,월요일,제주특별자치도 서귀포시 성산읍,중상사고,0,1,0,0,차대차 - 정면충돌,중앙선침범,젖음/습기,맑음,단일로 - 기타,승용,여,46세,상해없음,이륜,남,32세,중상
2017081400100688,2017년 8월 14일 22시,월요일,제주특별자치도 제주시 용담이동,중상사고,0,1,0,0,차대사람 - 기타,안전운전불이행,건조,맑음,주차장 - 주차장,승용,남,42세,상해없음,보행자,남,36세,중상
2017081500100174,2017년 8월 15일 10시,화요일,제주특별자치도 제주시 노형동,경상사고,0,0,2,2,차대차 - 기타,과속,건조,맑음,단일로 - 기타,승용,남,45세,경상,승용,남,59세,경상
2017081500100212,2017년 8월 15일 12시,화요일,제주특별자치도 제주시 연동,경상사고,0,0,1,0,차대차 - 기타,안전운전불이행,건조,맑음,단일로 - 기타,승용,남,40세,상해없음,이륜,남,34세,경상
2017081500100291,2017년 8월 15일 15시,화요일,제주특별자치도 제주시 조천읍,중상사고,0,1,0,0,차대차 - 측면충돌,안전운전불이행,건조,맑음,단일로 - 기타,승용,남,66세,상해없음,자전거,남,25세,중상
2017081500100315,2017년 8월 15일 16시,화요일,제주특별자치도 제주시 노형동,경상사고,0,0,1,3,차대차 - 측면충돌,교차로운행방법위반,건조,맑음,교차로 - 교차로안,승용,여,45세,부상신고,승용,남,40세,부상신고
2017081500100407,2017년 8월 15일 19시,화요일,제주특별자치도 제주시 이도이동,중상사고,0,1,0,0,차대차 - 추돌,안전거리미확보,건조,맑음,단일로 - 기타,이륜,남,17세,중상,승용,남,65세,상해없음
2017081500100408,2017년 8월 15일 19시,화요일,제주특별자치도 서귀포시 표선면,중상사고,0,1,0,0,차대차 - 측면충돌,안전운전불이행,건조,맑음,교차로 - 교차로안,화물,남,61세,상해없음,승용,남,25세,중상
2017081500100445,2017년 8월 15일 20시,화요일,제주특별자치도 제주시 노형동,경상사고,0,0,2,0,차대차 - 측면충돌,기타,젖음/습기,흐림,교차로 - 교차로안,화물,여,36세,경상,승용,남,57세,상해없음
2017081500100505,2017년 8월 15일 22시,화요일,제주특별자치도 제주시 일도이동,부상신고사고,0,0,0,1,차대차 - 기타,직진우회전진행방해,건조,맑음,교차로 - 교차로안,이륜,남,18세,부상신고,승용,남,21세,상해없음
2017081600100143,2017년 8월 16일 08시,수요일,제주특별자치도 제주시 해안동,중상사고,0,2,2,0,차대차 - 기타,안전운전불이행,건조,맑음,교차로 - 교차로부근,건설기계,남,48세,상해없음,승용,여,38세,경상
2017081600100144,2017년 8월 16일 08시,수요일,제주특별자치도 제주시 연동,경상사고,0,0,1,0,차대차 - 추돌,안전운전불이행,건조,맑음,단일로 - 기타,승용,남,21세,상해없음,승용,여,51세,경상
2017081600100176,2017년 8월 16일 09시,수요일,제주특별자치도 제주시 도두일동,중상사고,0,1,0,0,차대차 - 추돌,안전운전불이행,건조,맑음,교차로 - 교차로부근,승용,남,43세,상해없음,승용,남,42세,중상
2017081600100202,2017년 8월 16일 10시,수요일,제주특별자치도 서귀포시 안덕면,경상사고,0,0,1,0,차대차 - 기타,안전운전불이행,건조,맑음,단일로 - 기타,화물,남,69세,상해없음,승용,남,48세,경상
2017081600100231,2017년 8월 16일 11시,수요일,제주특별자치도 서귀포시 서홍동,경상사고,0,0,1,0,차대차 - 측면충돌,직진우회전진행방해,건조,맑음,교차로 - 교차로안,화물,남,70세,상해없음,승용,여,56세,경상
2017081600100259,2017년 8월 16일 12시,수요일,제주특별자치도 제주시 애월읍,경상사고,0,0,3,0,차대차 - 측면충돌,안전운전불이행,건조,맑음,교차로 - 교차로안,화물,남,54세,경상,화물,남,48세,경상
2017081600100282,2017년 8월 16일 13시,수요일,제주특별자치도 제주시 화북일동,경상사고,0,0,1,0,차대사람 - 횡단중,보행자보호의무위반,건조,맑음,교차로 - 교차로횡단보도내,화물,남,24세,상해없음,보행자,여,85세,경상
2017081600100310,2017년 8월 16일 14시,수요일,제주특별자치도 제주시 한림읍,중상사고,0,1,0,0,차대사람 - 보도통행중,안전운전불이행,건조,맑음,기타 - 기타,자전거,남,59세,상해없음,보행자,여,72세,중상
2017081600100373,2017년 8월 16일 16시,수요일,제주특별자치도 제주시 연동,경상사고,0,0,1,0,차대차 - 기타,안전운전불이행,기타,맑음,기타 - 기타,기타불명,기타불명,미분류,기타불명,승합,남,58세,상해없음
2017081600100406,2017년 8월 16일 17시,수요일,제주특별자치도 제주시 영평동,경상사고,0,0,1,0,차대차 - 기타,교차로운행방법위반,건조,맑음,교차로 - 교차로안,승용,여,64세,상해없음,승용,남,58세,경상
2017081600100407,2017년 8월 16일 17시,수요일,제주특별자치도 서귀포시 서귀동,경상사고,0,0,1,0,차대사람 - 횡단중,보행자보호의무위반,건조,맑음,단일로 - 기타,승용,남,49세,상해없음,보행자,남,8세,경상
2017081600100408,2017년 8월 16일 17시,수요일,제주특별자치도 서귀포시 토평동,경상사고,0,0,2,0,차대차 - 기타,안전거리미확보,건조,맑음,단일로 - 기타,승용,남,43세,상해없음,이륜,남,32세,경상
2017081600100458,2017년 8월 16일 18시,수요일,제주특별자치도 서귀포시 안덕면,중상사고,0,1,2,2,차량단독 - 도로외이탈 - 기타,안전운전불이행,건조,맑음,단일로 - 기타,승용,남,19세,부상신고,,,,
2017081600100556,2017년 8월 16일 21시,수요일,제주특별자치도 서귀포시 대정읍,경상사고,0,0,1,1,차대차 - 추돌,직진우회전진행방해,건조,맑음,교차로 - 교차로안,승용,남,28세,부상신고,승용,남,31세,상해없음
2017081700100151,2017년 8월 17일 08시,목요일,제주특별자치도 제주시 일도이동,경상사고,0,0,1,0,차대사람 - 기타,안전운전불이행,건조,맑음,단일로 - 기타,승용,남,47세,상해없음,보행자,남,52세,경상
2017081700100152,2017년 8월 17일 08시,목요일,제주특별자치도 제주시 오라일동,중상사고,0,1,1,0,차대차 - 추돌,안전운전불이행,건조,맑음,단일로 - 기타,승용,남,28세,상해없음,승용,여,34세,경상
2017081700100225,2017년 8월 17일 11시,목요일,제주특별자치도 제주시 이도이동,경상사고,0,0,2,0,차대차 - 측면충돌,안전운전불이행,건조,맑음,단일로 - 기타,승용,남,55세,상해없음,승용,여,39세,경상
2017081700100226,2017년 8월 17일 11시,목요일,제주특별자치도 제주시 애월읍,경상사고,0,0,1,2,차량단독 - 공작물충돌,안전운전불이행,건조,맑음,단일로 - 기타,승용,남,20세,상해없음,,,,
2017081700100227,2017년 8월 17일 11시,목요일,제주특별자치도 제주시 연동,경상사고,0,0,1,0,차대차 - 기타,교차로운행방법위반,건조,맑음,교차로 - 교차로안,승용,여,49세,상해없음,자전거,여,25세,경상
2017081700100315,2017년 8월 17일 14시,목요일,제주특별자치도 서귀포시 서홍동,경상사고,0,0,1,0,차대차 - 기타,신호위반,건조,맑음,교차로 - 교차로안,화물,남,75세,상해없음,승용,여,47세,경상
2017081700100316,2017년 8월 17일 14시,목요일,제주특별자치도 제주시 내도동,경상사고,0,0,1,0,차대차 - 기타,안전운전불이행,건조,맑음,단일로 - 기타,승용,남,80세,상해없음,화물,남,34세,경상
2017081700100344,2017년 8월 17일 15시,목요일,제주특별자치도 서귀포시 성산읍,경상사고,0,0,1,0,차대차 - 기타,안전운전불이행,건조,맑음,단일로 - 기타,승용,여,35세,상해없음,농기계,남,81세,경상
2017081700100345,2017년 8월 17일 15시,목요일,제주특별자치도 제주시 오라삼동,중상사고,0,1,0,0,차대차 - 측면충돌,안전운전불이행,건조,맑음,교차로 - 교차로안,승용,남,40세,상해없음,자전거,남,24세,중상
2017081700100386,2017년 8월 17일 16시,목요일,제주특별자치도 제주시 이도이동,경상사고,0,0,1,0,차대차 - 기타,안전운전불이행,건조,맑음,교차로 - 교차로횡단보도내,승용,여,38세,상해없음,자전거,남,14세,경상
2017081700100387,2017년 8월 17일 16시,목요일,제주특별자치도 제주시 봉개동,경상사고,0,0,1,0,차대차 - 후진중충돌,안전운전불이행,기타,맑음,단일로 - 기타,승용,여,48세,상해없음,승용,여,18세,상해없음
2017081700100388,2017년 8월 17일 16시,목요일,제주특별자치도 제주시 한림읍,중상사고,0,1,0,0,차대사람 - 기타,안전운전불이행,건조,맑음,주차장 - 주차장,승용,여,63세,상해없음,보행자,남,67세,중상
2017081700100468,2017년 8월 17일 18시,목요일,제주특별자치도 제주시 용담일동,중상사고,0,1,0,0,차대사람 - 기타,안전운전불이행,건조,맑음,단일로 - 기타,이륜,남,17세,상해없음,보행자,남,3세,중상
2017081700100469,2017년 8월 17일 18시,목요일,제주특별자치도 제주시 이도이동,중상사고,0,1,1,0,차대차 - 측면충돌,교차로운행방법위반,건조,맑음,교차로 - 교차로안,승용,남,32세,상해없음,승용,여,33세,중상
2017081700100470,2017년 8월 17일 18시,목요일,제주특별자치도 제주시 내도동,경상사고,0,0,2,0,차대차 - 기타,안전운전불이행,건조,맑음,단일로 - 기타,화물,남,46세,상해없음,승용,남,52세,경상
2017081700100528,2017년 8월 17일 20시,목요일,제주특별자치도 서귀포시 대정읍,경상사고,0,0,1,0,차대사람 - 기타,안전운전불이행,건조,맑음,단일로 - 기타,자전거,남,71세,상해없음,보행자,여,81세,경상
2017081700100529,2017년 8월 17일 20시,목요일,제주특별자치도 제주시 애월읍,중상사고,0,1,1,0,차대차 - 추돌,안전운전불이행,건조,맑음,기타 - 기타,이륜,남,18세,중상,승용,남,65세,경상
2017081800100093,2017년 8월 18일 07시,금요일,제주특별자치도 제주시 노형동,경상사고,0,0,2,0,차대차 - 기타,직진우회전진행방해,건조,맑음,교차로 - 교차로안,승용,여,55세,경상,화물,남,41세,경상
2017081800100129,2017년 8월 18일 08시,금요일,제주특별자치도 제주시 화북이동,경상사고,0,0,1,0,차대차 - 측면충돌,안전운전불이행,건조,맑음,단일로 - 기타,승용,여,49세,상해없음,자전거,남,34세,경상
2017081800100130,2017년 8월 18일 08시,금요일,제주특별자치도 제주시 아라이동,경상사고,0,0,1,0,차대차 - 측면충돌,교차로운행방법위반,기타,맑음,교차로 - 교차로안,승용,남,62세,상해없음,승용,여,59세,경상
2017081800100131,2017년 8월 18일 08시,금요일,제주특별자치도 제주시 연동,경상사고,0,0,2,0,차대차 - 기타,안전거리미확보,건조,맑음,단일로 - 기타,승용,여,26세,경상,승용,남,49세,상해없음
2017081800100188,2017년 8월 18일 10시,금요일,제주특별자치도 제주시 삼도일동,경상사고,0,0,1,0,차대사람 - 기타,안전운전불이행,건조,흐림,교차로 - 교차로부근,승합,남,48세,상해없음,보행자,남,31세,경상
2017081800100215,2017년 8월 18일 11시,금요일,제주특별자치도 제주시 삼도일동,부상신고사고,0,0,0,1,차대차 - 측면충돌,교차로운행방법위반,건조,맑음,교차로 - 교차로안,화물,여,37세,상해없음,이륜,남,17세,부상신고
2017081800100283,2017년 8월 18일 13시,금요일,제주특별자치도 제주시 우도면,부상신고사고,0,0,0,1,차량단독 - 기타,안전운전불이행,건조,맑음,단일로 - 기타,원동기,남,27세,부상신고,,,,
2017081800100284,2017년 8월 18일 13시,금요일,제주특별자치도 서귀포시 토평동,경상사고,0,0,1,0,차대차 - 추돌,안전거리미확보,건조,맑음,교차로 - 교차로부근,화물,남,47세,상해없음,건설기계,남,55세,경상
2017081800100316,2017년 8월 18일 14시,금요일,제주특별자치도 제주시 이도일동,경상사고,0,0,1,0,차량단독 - 기타,안전운전불이행,건조,맑음,단일로 - 기타,이륜,남,17세,경상,,,,
2017081800100387,2017년 8월 18일 16시,금요일,제주특별자치도 제주시 노형동,경상사고,0,0,2,0,차대차 - 측면충돌,교차로운행방법위반,건조,맑음,교차로 - 교차로안,승용,남,26세,상해없음,승용,여,42세,경상
2017081800100419,2017년 8월 18일 17시,금요일,제주특별자치도 제주시 노형동,경상사고,0,0,2,0,차대차 - 기타,교차로운행방법위반,건조,맑음,교차로 - 교차로안,승합,남,51세,상해없음,승용,남,37세,상해없음
2017081800100455,2017년 8월 18일 18시,금요일,제주특별자치도 제주시 이도이동,경상사고,0,0,1,0,차대차 - 기타,기타,건조,흐림,단일로 - 기타,승용,남,54세,상해없음,이륜,남,61세,경상
2017081800100456,2017년 8월 18일 18시,금요일,제주특별자치도 제주시 오라삼동,중상사고,0,1,0,0,차대차 - 기타,직진우회전진행방해,건조,맑음,교차로 - 교차로안,이륜,남,28세,중상,승용,여,35세,상해없음
2017081800100559,2017년 8월 18일 21시,금요일,제주특별자치도 서귀포시 표선면,경상사고,0,0,1,0,차대차 - 측면충돌,신호위반,건조,맑음,교차로 - 교차로안,승용,남,22세,상해없음,승용,남,28세,경상
2017081900100120,2017년 8월 19일 07시,토요일,제주특별자치도 제주시 용담이동,중상사고,0,1,0,0,차대사람 - 기타,안전운전불이행,건조,맑음,단일로 - 교량,승용,여,28세,상해없음,보행자,여,57세,중상
2017081900100141,2017년 8월 19일 08시,토요일,제주특별자치도 제주시 노형동,경상사고,0,0,1,0,차대차 - 기타,교차로운행방법위반,건조,맑음,교차로 - 교차로안,화물,남,66세,상해없음,승용,여,42세,경상