사고번호,사고일시,요일,시군구,사고내용,사망자수,중상자수,경상자수,부상신고자수,사고유형,법규위반,노면상태,기상상태,도로형태,가해운전자 차종,가해운전자 성별,가해운전자 연령,가해운전자 상해정도,피해운전자 차종,피해운전자 성별,피해운전자 연령,피해운전자 상해정도
2017090500100599,2017년 9월 5일 23시,화요일,제주특별자치도 서귀포시 법환동,중상사고,0,1,0,0,차대사람 - 횡단중,안전운전불이행,건조,맑음,단일로 - 기타,승용,남,56세,상해없음,보행자,남,34세,중상
2017090600100031,2017년 9월 6일 00시,수요일,제주특별자치도 서귀포시 남원읍,중상사고,0,1,0,0,차대차 - 기타,안전운전불이행,건조,맑음,단일로 - 기타,승용,남,26세,중상,화물,남,30세,기타불명
2017090600100122,2017년 9월 6일 08시,수요일,제주특별자치도 제주시 오등동,경상사고,0,0,1,0,차대차 - 측면충돌,교차로운행방법위반,건조,맑음,교차로 - 교차로안,승용,남,57세,상해없음,승용,여,55세,경상
2017090600100164,2017년 9월 6일 09시,수요일,제주특별자치도 제주시 연동,중상사고,0,1,0,0,차대사람 - 횡단중,보행자보호의무위반,건조,맑음,교차로 - 교차로횡단보도내,승합,남,47세,상해없음,보행자,여,73세,중상
2017090600100272,2017년 9월 6일 13시,수요일,제주특별자치도 서귀포시 안덕면,경상사고,0,0,1,0,차대차 - 추돌,안전거리미확보,건조,맑음,단일로 - 기타,화물,남,36세,상해없음,승합,남,46세,경상
2017090600100273,2017년 9월 6일 13시,수요일,제주특별자치도 서귀포시 성산읍,중상사고,0,1,2,0,차대차 - 측면충돌,중앙선침범,건조,맑음,교차로 - 교차로부근,사륜오토바이(ATV),여,75세,중상,승용,여,31세,경상
2017090600100274,2017년 9월 6일 13시,수요일,제주특별자치도 서귀포시 대정읍,경상사고,0,0,2,0,차대차 - 측면충돌,직진우회전진행방해,건조,맑음,교차로 - 교차로안,승용,남,71세,상해없음,승용,여,27세,경상
2017090600100308,2017년 9월 6일 14시,수요일,제주특별자치도 서귀포시 대정읍,경상사고,0,0,1,0,차대차 - 측면충돌,안전운전불이행,기타,맑음,교차로 - 교차로안,승용,남,78세,상해없음,승용,여,42세,경상
2017090600100348,2017년 9월 6일 15시,수요일,제주특별자치도 제주시 용담이동,경상사고,0,0,1,0,차대사람 - 차도통행중,보행자보호의무위반,건조,맑음,단일로 - 기타,승용,남,68세,상해없음,보행자,남,9세,경상
2017090600100349,2017년 9월 6일 15시,수요일,제주특별자치도 제주시 노형동,경상사고,0,0,1,0,차대차 - 측면충돌,안전운전불이행,건조,맑음,교차로 - 교차로안,승용,남,19세,상해없음,승용,남,46세,경상
2017090600100416,2017년 9월 6일 17시,수요일,제주특별자치도 제주시 연동,경상사고,0,0,1,0,차대차 - 기타,교차로운행방법위반,건조,맑음,교차로 - 교차로안,승용,남,43세,상해없음,승용,남,50세,경상
2017090600100519,2017년 9월 6일 19시,수요일,제주특별자치도 제주시 화북일동,중상사고,0,1,0,0,차대사람 - 횡단중,보행자보호의무위반,건조,맑음,교차로 - 교차로횡단보도내,승용,여,63세,상해없음,보행자,남,54세,중상
2017090600100566,2017년 9월 6일 20시,수요일,제주특별자치도 서귀포시 남원읍,경상사고,0,0,4,0,차대차 - 측면충돌,중앙선침범,건조,맑음,단일로 - 기타,화물,남,58세,상해없음,승합,남,68세,경상
2017090600100596,2017년 9월 6일 21시,수요일,제주특별자치도 제주시 이도이동,부상신고사고,0,0,0,1,차대차 - 측면충돌,차로위반,젖음/습기,비,교차로 - 교차로안,승용,여,49세,부상신고,승용,여,36세,상해없음
2017090600100597,2017년 9월 6일 21시,수요일,제주특별자치도 서귀포시 표선면,중상사고,0,1,1,0,차대차 - 측면충돌,신호위반,젖음/습기,비,교차로 - 교차로안,승용,남,28세,상해없음,승용,남,26세,중상
2017090600100598,2017년 9월 6일 21시,수요일,제주특별자치도 제주시 연동,부상신고사고,0,0,0,1,차대사람 - 기타,안전운전불이행,젖음/습기,비,단일로 - 기타,승용,남,65세,상해없음,보행자,남,46세,부상신고
2017090600100663,2017년 9월 6일 23시,수요일,제주특별자치도 제주시 영평동,경상사고,0,0,2,0,차대차 - 추돌,안전운전불이행,건조,흐림,교차로 - 교차로안,승용,남,32세,상해없음,승용,남,30세,경상
2017090700100053,2017년 9월 7일 02시,목요일,제주특별자치도 제주시 외도일동,경상사고,0,0,1,0,차대사람 - 기타,안전운전불이행,젖음/습기,비,단일로 - 기타,승용,남,56세,상해없음,보행자,여,39세,경상
2017090700100150,2017년 9월 7일 08시,목요일,제주특별자치도 제주시 외도일동,경상사고,0,0,3,2,차대차 - 측면충돌,직진우회전진행방해,젖음/습기,비,교차로 - 교차로안,승용,여,34세,부상신고,승용,여,36세,경상
2017090700100151,2017년 9월 7일 08시,목요일,제주특별자치도 제주시 이호일동,경상사고,0,0,1,0,차대차 - 기타,안전운전불이행,젖음/습기,비,단일로 - 기타,승용,여,37세,상해없음,승용,여,43세,경상
2017090700100208,2017년 9월 7일 10시,목요일,제주특별자치도 서귀포시 안덕면,중상사고,0,1,1,0,차대차 - 추돌,안전거리미확보,건조,맑음,교차로 - 교차로부근,건설기계,남,32세,상해없음,승용,남,28세,중상
2017090700100209,2017년 9월 7일 10시,목요일,제주특별자치도 서귀포시 서귀동,부상신고사고,0,0,0,1,차대차 - 기타,직진우회전진행방해,젖음/습기,흐림,교차로 - 교차로안,승용,여,46세,상해없음,이륜,남,44세,부상신고
2017090700100224,2017년 9월 7일 11시,목요일,제주특별자치도 서귀포시 표선면,중상사고,0,1,0,0,차대사람 - 기타,안전운전불이행,건조,맑음,기타 - 기타,승용,여,28세,상해없음,보행자,여,28세,중상
2017090700100244,2017년 9월 7일 12시,목요일,제주특별자치도 서귀포시 표선면,경상사고,0,0,2,0,차대차 - 정면충돌,중앙선침범,건조,흐림,교차로 - 교차로부근,승용,남,46세,상해없음,승용,남,42세,경상
2017090700100245,2017년 9월 7일 12시,목요일,제주특별자치도 제주시 노형동,경상사고,0,0,1,0,차대차 - 측면충돌,안전거리미확보,젖음/습기,흐림,기타 - 기타,화물,남,75세,상해없음,화물,남,58세,경상
2017090700100275,2017년 9월 7일 13시,목요일,제주특별자치도 제주시 용담일동,중상사고,0,1,0,0,차대사람 - 기타,보행자보호의무위반,건조,맑음,교차로 - 교차로횡단보도내,승용,여,49세,상해없음,보행자,여,56세,중상
2017090700100315,2017년 9월 7일 14시,목요일,제주특별자치도 서귀포시 안덕면,경상사고,0,0,1,0,차대차 - 기타,안전운전불이행,건조,맑음,기타 - 기타,승용,남,23세,경상,건설기계,남,69세,상해없음
2017090700100345,2017년 9월 7일 15시,목요일,제주특별자치도 서귀포시 색달동,경상사고,0,0,1,1,차대차 - 추돌,안전거리미확보,건조,맑음,단일로 - 기타,승용,남,26세,상해없음,승용,남,27세,부상신고
2017090700100383,2017년 9월 7일 16시,목요일,제주특별자치도 서귀포시 서귀동,경상사고,0,0,3,0,차대차 - 측면충돌,직진우회전진행방해,건조,맑음,교차로 - 교차로안,승용,남,69세,상해없음,승용,남,39세,경상
2017090700100423,2017년 9월 7일 17시,목요일,제주특별자치도 제주시 구좌읍,경상사고,0,0,5,11,차대차 - 추돌,안전거리미확보,건조,맑음,단일로 - 기타,화물,남,55세,상해없음,승합,남,62세,상해없음
2017090700100463,2017년 9월 7일 18시,목요일,제주특별자치도 제주시 노형동,경상사고,0,0,1,0,차량단독 - 기타,안전운전불이행,건조,맑음,단일로 - 기타,승합,남,54세,상해없음,,,,
2017090700100501,2017년 9월 7일 19시,목요일,제주특별자치도 제주시 구좌읍,경상사고,0,0,1,0,차대차 - 추돌,안전운전불이행,건조,기타,단일로 - 기타,이륜,남,33세,경상,승용,남,56세,상해없음
2017090700100539,2017년 9월 7일 20시,목요일,제주특별자치도 제주시 화북일동,경상사고,0,0,1,0,차대사람 - 횡단중,보행자보호의무위반,건조,맑음,교차로 - 교차로횡단보도내,승합,여,49세,상해없음,보행자,남,54세,경상
2017090700100590,2017년 9월 7일 22시,목요일,제주특별자치도 서귀포시 안덕면,경상사고,0,0,1,0,차대차 - 측면충돌,신호위반,건조,맑음,교차로 - 교차로안,승용,남,23세,상해없음,승용,남,40세,경상
2017090800100071,2017년 9월 8일 04시,금요일,제주특별자치도 제주시 일도이동,중상사고,0,2,0,0,차량단독 - 공작물충돌,안전운전불이행,건조,기타,단일로 - 기타,화물,남,40세,중상,,,,
2017090800100079,2017년 9월 8일 05시,금요일,제주특별자치도 제주시 이도이동,중상사고,0,1,2,0,차대차 - 측면충돌,신호위반,건조,맑음,교차로 - 교차로안,승용,여,60세,상해없음,승용,남,48세,경상
2017090800100112,2017년 9월 8일 07시,금요일,제주특별자치도 서귀포시 동홍동,경상사고,0,0,1,0,차대차 - 추돌,안전운전불이행,건조,맑음,교차로 - 교차로안,화물,남,69세,상해없음,화물,여,38세,경상
2017090800100156,2017년 9월 8일 08시,금요일,제주특별자치도 제주시 화북일동,경상사고,0,0,1,0,차대차 - 측면충돌,불법유턴,건조,맑음,단일로 - 기타,승용,여,34세,상해없음,화물,남,27세,경상
2017090800100157,2017년 9월 8일 08시,금요일,제주특별자치도 제주시 한경면,중상사고,0,1,0,0,차대차 - 기타,안전운전불이행,건조,맑음,교차로 - 교차로안,이륜,남,63세,중상,화물,남,33세,상해없음
2017090800100221,2017년 9월 8일 10시,금요일,제주특별자치도 제주시 이도이동,경상사고,0,0,1,0,차대사람 - 횡단중,안전운전불이행,건조,맑음,단일로 - 기타,승용,남,33세,상해없음,보행자,남,36세,경상
2017090800100256,2017년 9월 8일 11시,금요일,제주특별자치도 서귀포시 서귀동,경상사고,0,0,1,0,차대차 - 측면충돌,안전거리미확보,건조,맑음,단일로 - 기타,승용,여,51세,상해없음,이륜,여,77세,경상
2017090800100309,2017년 9월 8일 13시,금요일,제주특별자치도 제주시 도련일동,경상사고,0,0,1,0,차대차 - 측면충돌,교차로운행방법위반,건조,맑음,교차로 - 교차로부근,승용,남,71세,상해없음,승용,남,57세,경상
2017090800100310,2017년 9월 8일 13시,금요일,제주특별자치도 서귀포시 서귀동,중상사고,0,1,0,0,차대차 - 측면충돌,안전운전불이행,건조,맑음,교차로 - 교차로안,승용,여,48세,중상,승용,남,59세,상해없음
2017090800100350,2017년 9월 8일 14시,금요일,제주특별자치도 서귀포시 성산읍,중상사고,0,1,0,0,차대사람 - 기타,안전운전불이행,건조,맑음,단일로 - 기타,농기계,남,71세,상해없음,보행자,여,74세,중상
2017090800100386,2017년 9월 8일 15시,금요일,제주특별자치도 제주시 삼도일동,중상사고,0,1,2,0,차대차 - 정면충돌,신호위반,건조,맑음,교차로 - 교차로안,승용,남,41세,경상,승용,남,40세,경상
2017090800100387,2017년 9월 8일 15시,금요일,제주특별자치도 제주시 노형동,경상사고,0,0,1,0,차대차 - 추돌,안전거리미확보,건조,맑음,단일로 - 기타,승용,남,37세,상해없음,승용,여,40세,경상
2017090800100432,2017년 9월 8일 16시,금요일,제주특별자치도 제주시 연동,부상신고사고,0,0,0,1,차대차 - 기타,직진우회전진행방해,건조,맑음,교차로 - 교차로안,승용,남,54세,상해없음,승용,남,64세,부상신고
2017090800100482,2017년 9월 8일 17시,금요일,제주특별자치도 제주시 아라일동,경상사고,0,0,1,0,차대차 - 측면충돌,안전운전불이행,건조,맑음,단일로 - 기타,이륜,남,44세,경상,승용,남,22세,상해없음
2017090800100522,2017년 9월 8일 18시,금요일,제주특별자치도 서귀포시 남원읍,경상사고,0,0,1,0,차대차 - 정면충돌,안전운전불이행,건조,맑음,단일로 - 기타,승용,남,34세,경상,화물,남,48세,기타불명
2017090800100571,2017년 9월 8일 19시,금요일,제주특별자치도 제주시 이도이동,경상사고,0,0,4,1,차대차 - 추돌,안전거리미확보,건조,맑음,교차로 - 교차로부근,승용,남,23세,부상신고,승용,남,34세,경상
2017090800100572,2017년 9월 8일 19시,금요일,제주특별자치도 서귀포시 남원읍,경상사고,0,0,5,0,차대차 - 측면충돌,신호위반,건조,맑음,교차로 - 교차로안,승용,남,38세,상해없음,승용,여,49세,경상
2017090800100717,2017년 9월 8일 23시,금요일,제주특별자치도 제주시 연동,부상신고사고,0,0,0,1,차대사람 - 기타,안전운전불이행,건조,맑음,교차로 - 교차로안,승용,여,46세,상해없음,보행자,여,32세,부상신고
2017090900100028,2017년 9월 9일 00시,토요일,제주특별자치도 서귀포시 성산읍,사망사고,1,0,0,0,차량단독 - 공작물충돌,안전운전불이행,건조,맑음,단일로 - 기타,이륜,남,37세,사망,,,,
2017090900100043,2017년 9월 9일 01시,토요일,제주특별자치도 제주시 애월읍,중상사고,0,1,2,0,차대차 - 기타,직진우회전진행방해,건조,맑음,교차로 - 교차로안,승용,남,38세,경상,승용,남,23세,경상
2017090900100088,2017년 9월 9일 04시,토요일,제주특별자치도 제주시 노형동,경상사고,0,0,2,0,차대차 - 기타,안전운전불이행,건조,맑음,교차로 - 교차로안,승용,남,64세,상해없음,이륜,남,31세,경상
2017090900100139,2017년 9월 9일 07시,토요일,제주특별자치도 제주시 구좌읍,중상사고,0,1,0,0,차대차 - 추돌,신호위반,건조,맑음,교차로 - 교차로안,이륜,남,17세,중상,화물,여,59세,상해없음
2017090900100245,2017년 9월 9일 11시,토요일,제주특별자치도 서귀포시 서홍동,경상사고,0,0,1,0,차대차 - 추돌,안전운전불이행,건조,맑음,단일로 - 기타,승용,남,27세,상해없음,화물,남,23세,경상
2017090900100284,2017년 9월 9일 12시,토요일,제주특별자치도 서귀포시 동홍동,경상사고,0,0,1,1,차대차 - 측면충돌,직진우회전진행방해,건조,맑음,교차로 - 교차로안,승용,남,39세,상해없음,승용,남,51세,경상
2017090900100322,2017년 9월 9일 13시,토요일,제주특별자치도 제주시 구좌읍,중상사고,0,1,0,0,차대차 - 측면충돌,안전운전불이행,건조,맑음,교차로 - 교차로안,화물,남,33세,상해없음,승용,여,31세,중상
2017090900100435,2017년 9월 9일 16시,토요일,제주특별자치도 제주시 조천읍,경상사고,0,0,3,0,차대차 - 기타,안전운전불이행,건조,맑음,교차로 - 교차로안,화물,여,51세,상해없음,승용,여,26세,경상
2017090900100479,2017년 9월 9일 17시,토요일,제주특별자치도 제주시 한림읍,중상사고,0,1,0,0,차대차 - 기타,안전운전불이행,건조,맑음,교차로 - 교차로안,농기계,남,79세,상해없음,화물,남,71세,기타불명
2017090900100515,2017년 9월 9일 18시,토요일,제주특별자치도 제주시 조천읍,중상사고,0,1,0,0,차대차 - 기타,중앙선침범,기타,맑음,단일로 - 기타,승용,남,21세,상해없음,화물,남,35세,중상
2017090900100642,2017년 9월 9일 22시,토요일,제주특별자치도 제주시 해안동,경상사고,0,0,4,0,차대차 - 추돌,안전운전불이행,건조,흐림,교차로 - 교차로부근,승용,남,18세,상해없음,승용,남,39세,경상
2017090900100670,2017년 9월 9일 23시,토요일,제주특별자치도 서귀포시 대정읍,중상사고,0,1,0,0,차대차 - 측면충돌,안전운전불이행,건조,맑음,단일로 - 기타,승용,남,32세,상해없음,이륜,남,17세,중상
2017091000100029,2017년 9월 10일 00시,일요일,제주특별자치도 서귀포시 도순동,중상사고,0,1,0,0,차량단독 - 기타,안전운전불이행,건조,맑음,단일로 - 기타,승용,남,25세,중상,,,,
2017091000100043,2017년 9월 10일 01시,일요일,제주특별자치도 서귀포시 성산읍,경상사고,0,0,2,0,차대차 - 추돌,안전거리미확보,건조,맑음,교차로 - 교차로안,승용,남,23세,상해없음,승용,남,56세,상해없음
2017091000100135,2017년 9월 10일 08시,일요일,제주특별자치도 제주시 이도이동,경상사고,0,0,1,0,차대차 - 정면충돌,안전운전불이행,건조,맑음,단일로 - 기타,화물,남,69세,상해없음,승용,여,51세,경상
2017091000100136,2017년 9월 10일 08시,일요일,제주특별자치도 서귀포시 성산읍,부상신고사고,0,0,0,1,차대차 - 추돌,안전운전불이행,건조,맑음,단일로 - 기타,이륜,남,74세,부상신고,승용,남,45세,상해없음
2017091000100155,2017년 9월 10일 09시,일요일,제주특별자치도 서귀포시 남원읍,경상사고,0,0,3,0,차대차 - 정면충돌,안전운전불이행,건조,맑음,단일로 - 기타,승용,여,50세,상해없음,승용,여,33세,경상
2017091000100156,2017년 9월 10일 09시,일요일,제주특별자치도 제주시 해안동,중상사고,0,1,0,0,차대차 - 기타,안전운전불이행,건조,맑음,단일로 - 기타,화물,남,46세,기타불명,이륜,남,50세,중상
2017091000100275,2017년 9월 10일 14시,일요일,제주특별자치도 제주시 노형동,부상신고사고,0,0,0,1,차대차 - 측면충돌,직진우회전진행방해,건조,맑음,교차로 - 교차로안,이륜,남,19세,부상신고,승용,남,50세,상해없음
2017091000100303,2017년 9월 10일 15시,일요일,제주특별자치도 제주시 우도면,중상사고,0,1,0,0,차대사람 - 기타,안전운전불이행,건조,맑음,단일로 - 기타,이륜,남,30세,상해없음,보행자,여,52세,중상
2017091000100375,2017년 9월 10일 17시,일요일,제주특별자치도 제주시 봉개동,경상사고,0,0,1,0,차대사람 - 기타,안전운전불이행,건조,맑음,단일로 - 기타,승합,남,58세,상해없음,보행자,남,45세,경상
2017091000100376,2017년 9월 10일 17시,일요일,제주특별자치도 서귀포시 하원동,경상사고,0,0,1,0,차대차 - 측면충돌,안전운전불이행,건조,맑음,단일로 - 기타,승용,여,60세,상해없음,농기계,남,75세,경상
2017091000100440,2017년 9월 10일 19시,일요일,제주특별자치도 제주시 일도일동,경상사고,0,0,2,1,차대차 - 측면충돌,교차로운행방법위반,건조,맑음,교차로 - 교차로안,이륜,남,51세,부상신고,승용,여,39세,경상
2017091000100441,2017년 9월 10일 19시,일요일,제주특별자치도 제주시 삼양이동,중상사고,0,1,0,0,차대차 - 후진중충돌,안전운전불이행,건조,맑음,교차로 - 교차로부근,화물,남,65세,상해없음,승용,남,31세,중상
2017091100100050,2017년 9월 11일 02시,월요일,제주특별자치도 서귀포시 서귀동,경상사고,0,0,1,0,차대차 - 측면충돌,직진우회전진행방해,젖음/습기,흐림,교차로 - 교차로안,승용,남,54세,경상,승용,남,51세,상해없음
2017091100100276,2017년 9월 11일 10시,월요일,제주특별자치도 서귀포시 색달동,경상사고,0,0,2,0,차대차 - 추돌,안전운전불이행,젖음/습기,비,교차로 - 교차로부근,승용,남,62세,상해없음,승용,여,29세,경상
2017091100100310,2017년 9월 11일 11시,월요일,제주특별자치도 서귀포시 남원읍,중상사고,0,1,0,0,차량단독 - 도로외이탈 - 기타,안전운전불이행,젖음/습기,비,단일로 - 기타,승용,남,53세,상해없음,,,,
2017091100100311,2017년 9월 11일 11시,월요일,제주특별자치도 제주시 노형동,부상신고사고,0,0,0,2,차대차 - 측면충돌,안전운전불이행,건조,맑음,교차로 - 교차로부근,승용,남,41세,상해없음,승용,남,59세,부상신고
2017091100100333,2017년 9월 11일 12시,월요일,제주특별자치도 제주시 구좌읍,경상사고,0,0,6,0,차대차 - 측면충돌,교차로운행방법위반,건조,맑음,교차로 - 교차로안,승용,남,40세,경상,승용,남,44세,경상
2017091100100334,2017년 9월 11일 12시,월요일,제주특별자치도 서귀포시 서호동,중상사고,0,1,0,1,차대차 - 기타,안전운전불이행,건조,맑음,교차로 - 교차로안,승용,남,76세,부상신고,승용,여,33세,중상
2017091100100335,2017년 9월 11일 12시,월요일,제주특별자치도 제주시 노형동,부상신고사고,0,0,0,3,차대차 - 측면충돌,직진우회전진행방해,건조,맑음,교차로 - 교차로안,승용,남,61세,부상신고,승용,남,67세,상해없음
2017091100100360,2017년 9월 11일 13시,월요일,제주특별자치도 서귀포시 성산읍,중상사고,0,1,0,2,차대차 - 측면충돌,안전운전불이행,건조,맑음,교차로 - 교차로안,화물,남,39세,부상신고,승용,남,52세,중상
2017091100100392,2017년 9월 11일 14시,월요일,제주특별자치도 제주시 삼도일동,경상사고,0,0,2,0,차대차 - 측면충돌,직진우회전진행방해,건조,맑음,교차로 - 교차로안,승용,남,73세,경상,승용,남,26세,경상
2017091100100451,2017년 9월 11일 16시,월요일,제주특별자치도 제주시 일도이동,경상사고,0,0,2,0,차대차 - 추돌,안전운전불이행,건조,맑음,교차로 - 교차로안,승용,남,51세,상해없음,승용,남,51세,경상
2017091100100479,2017년 9월 11일 17시,월요일,제주특별자치도 제주시 화북일동,경상사고,0,0,2,0,차대차 - 추돌,교차로운행방법위반,기타,맑음,교차로 - 교차로안,승용,남,61세,상해없음,승합,남,80세,경상
2017091100100591,2017년 9월 11일 20시,월요일,제주특별자치도 서귀포시 대정읍,경상사고,0,0,1,0,차대차 - 측면충돌,중앙선침범,건조,맑음,단일로 - 기타,승용,남,26세,상해없음,승용,여,46세,경상
2017091100100613,2017년 9월 11일 21시,월요일,제주특별자치도 제주시 삼도일동,중상사고,0,1,0,0,차대차 - 측면충돌,교차로운행방법위반,건조,맑음,교차로 - 교차로안,이륜,남,59세,중상,화물,남,24세,상해없음
2017091100100614,2017년 9월 11일 21시,월요일,제주특별자치도 서귀포시 서호동,경상사고,0,0,1,1,차대차 - 기타,직진우회전진행방해,건조,맑음,교차로 - 교차로안,승용,남,72세,부상신고,승용,남,59세,경상
2017091100100645,2017년 9월 11일 22시,월요일,제주특별자치도 제주시 애월읍,경상사고,0,0,1,0,차대차 - 추돌,안전운전불이행,건조,맑음,단일로 - 기타,승용,남,24세,상해없음,승용,남,54세,경상
2017091200100187,2017년 9월 12일 09시,화요일,제주특별자치도 제주시 일도이동,중상사고,0,1,0,0,차대사람 - 횡단중,보행자보호의무위반,건조,맑음,교차로 - 교차로횡단보도내,화물,남,53세,상해없음,보행자,여,68세,중상
2017091200100188,2017년 9월 12일 09시,화요일,제주특별자치도 제주시 아라일동,중상사고,0,1,0,0,차대차 - 기타,안전거리미확보,건조,맑음,교차로 - 교차로안,승용,남,56세,상해없음,승용,남,60세,중상
2017091200100189,2017년 9월 12일 09시,화요일,제주특별자치도 제주시 노형동,경상사고,0,0,1,0,차대차 - 추돌,안전거리미확보,건조,맑음,교차로 - 교차로부근,승용,남,81세,상해없음,승용,남,22세,경상
2017091200100218,2017년 9월 12일 10시,화요일,제주특별자치도 제주시 도두이동,중상사고,0,2,2,0,차대차 - 정면충돌,중앙선침범,건조,맑음,단일로 - 기타,승용,남,73세,중상,건설기계,남,34세,경상
2017091200100250,2017년 9월 12일 11시,화요일,제주특별자치도 서귀포시 표선면,중상사고,0,1,0,1,차대사람 - 기타,보행자보호의무위반,건조,맑음,교차로 - 교차로횡단보도내,이륜,남,70세,부상신고,보행자,여,78세,중상
2017091200100296,2017년 9월 12일 13시,화요일,제주특별자치도 서귀포시 도순동,경상사고,0,0,1,1,차대차 - 기타,안전운전불이행,건조,맑음,교차로 - 교차로안,승용,남,23세,부상신고,화물,남,47세,경상
2017091200100356,2017년 9월 12일 15시,화요일,제주특별자치도 제주시 오라이동,경상사고,0,0,1,0,차대차 - 기타,안전거리미확보,건조,맑음,단일로 - 기타,화물,남,65세,상해없음,승용,여,41세,경상
2017091200100394,2017년 9월 12일 16시,화요일,제주특별자치도 제주시 구좌읍,중상사고,0,1,0,0,차량단독 - 기타,안전운전불이행,건조,맑음,단일로 - 기타,이륜,남,23세,중상,,,,
2017091200100395,2017년 9월 12일 16시,화요일,제주특별자치도 제주시 우도면,경상사고,0,0,1,0,차대차 - 추돌,안전운전불이행,건조,맑음,단일로 - 기타,이륜,남,23세,상해없음,자전거,여,53세,경상
2017091200100396,2017년 9월 12일 16시,화요일,제주특별자치도 서귀포시 대정읍,경상사고,0,0,1,0,차대사람 - 횡단중,보행자보호의무위반,건조,맑음,단일로 - 기타,승용,남,41세,상해없음,보행자,여,8세,경상
2017091200100432,2017년 9월 12일 17시,화요일,제주특별자치도 서귀포시 중문동,경상사고,0,0,1,1,차대차 - 기타,안전운전불이행,건조,맑음,교차로 - 교차로안,승용,여,51세,부상신고,이륜,남,38세,경상
2017091200100433,2017년 9월 12일 17시,화요일,제주특별자치도 제주시 용담이동,경상사고,0,0,2,0,차대차 - 추돌,안전거리미확보,건조,맑음,교차로 - 교차로부근,승용,여,42세,상해없음,승용,남,59세,경상
2017091200100474,2017년 9월 12일 18시,화요일,제주특별자치도 서귀포시 서귀동,경상사고,0,0,1,0,차대사람 - 횡단중,보행자보호의무위반,건조,맑음,단일로 - 기타,승용,남,57세,상해없음,보행자,남,8세,경상
2017091200100570,2017년 9월 12일 21시,화요일,제주특별자치도 제주시 용담일동,중상사고,0,1,0,0,차대사람 - 횡단중,안전운전불이행,건조,맑음,단일로 - 기타,승용,여,46세,상해없음,보행자,여,81세,중상
2017091300100041,2017년 9월 13일 01시,수요일,제주특별자치도 서귀포시 성산읍,경상사고,0,0,1,0,차대차 - 정면충돌,안전운전불이행,건조,맑음,단일로 - 기타,이륜,남,87세,경상,승용,남,22세,상해없음
2017091300100223,2017년 9월 13일 10시,수요일,제주특별자치도 제주시 아라일동,부상신고사고,0,0,0,1,차량단독 - 기타,안전운전불이행,건조,맑음,교차로 - 교차로부근,승용,여,51세,부상신고,,,,
2017091300100289,2017년 9월 13일 12시,수요일,제주특별자치도 제주시 조천읍,경상사고,0,0,1,0,차대차 - 기타,안전운전불이행,건조,맑음,단일로 - 기타,승용,여,60세,상해없음,개인형이동수단(PM),남,26세,경상
2017091300100290,2017년 9월 13일 12시,수요일,제주특별자치도 서귀포시 강정동,부상신고사고,0,0,0,2,차대차 - 측면충돌,신호위반,건조,맑음,교차로 - 교차로안,승용,여,45세,부상신고,승용,여,60세,부상신고
2017091300100325,2017년 9월 13일 13시,수요일,제주특별자치도 제주시 외도이동,부상신고사고,0,0,0,4,차대차 - 추돌,안전운전불이행,건조,맑음,단일로 - 기타,승용,여,52세,상해없음,승용,남,44세,부상신고
2017091300100371,2017년 9월 13일 14시,수요일,제주특별자치도 서귀포시 중문동,중상사고,0,1,0,0,차대차 - 기타,중앙선침범,건조,맑음,단일로 - 기타,승용,여,33세,상해없음,이륜,남,36세,중상
2017091300100401,2017년 9월 13일 15시,수요일,제주특별자치도 제주시 오라일동,중상사고,0,1,0,0,차대사람 - 기타,안전운전불이행,기타,맑음,교차로 - 교차로안,화물,남,70세,상해없음,보행자,남,70세,중상
2017091300100434,2017년 9월 13일 16시,수요일,제주특별자치도 제주시 한경면,중상사고,0,1,0,0,차대차 - 추돌,안전운전불이행,건조,맑음,단일로 - 기타,화물,남,28세,상해없음,이륜,여,75세,중상
2017091300100489,2017년 9월 13일 17시,수요일,제주특별자치도 제주시 애월읍,중상사고,0,1,0,0,차대사람 - 기타,안전운전불이행,건조,맑음,단일로 - 기타,승용,여,57세,상해없음,보행자,남,43세,중상
2017091300100538,2017년 9월 13일 18시,수요일,제주특별자치도 제주시 아라일동,경상사고,0,0,4,0,차대차 - 기타,교차로운행방법위반,건조,맑음,교차로 - 교차로안,승용,남,53세,상해없음,승용,남,20세,경상
2017091300100539,2017년 9월 13일 18시,수요일,제주특별자치도 제주시 삼도이동,경상사고,0,0,1,0,차대차 - 추돌,안전운전불이행,건조,맑음,단일로 - 기타,승용,남,62세,상해없음,화물,여,43세,경상
2017091400100129,2017년 9월 14일 07시,목요일,제주특별자치도 제주시 외도일동,경상사고,0,0,1,0,차대차 - 측면충돌,교차로운행방법위반,건조,맑음,교차로 - 교차로안,승용,남,70세,상해없음,승용,여,26세,경상
2017091400100173,2017년 9월 14일 08시,목요일,제주특별자치도 제주시 영평동,경상사고,0,0,1,0,차대사람 - 차도통행중,안전운전불이행,기타,맑음,단일로 - 기타,승용,남,26세,상해없음,보행자,남,31세,경상
2017091400100174,2017년 9월 14일 08시,목요일,제주특별자치도 제주시 노형동,경상사고,0,0,1,0,차대사람 - 길가장자리구역통행중,안전운전불이행,건조,맑음,교차로 - 교차로안,화물,남,54세,상해없음,보행자,남,51세,경상