사고번호,사고일시,요일,시군구,사고내용,사망자수,중상자수,경상자수,부상신고자수,사고유형,법규위반,노면상태,기상상태,도로형태,가해운전자 차종,가해운전자 성별,가해운전자 연령,가해운전자 상해정도,피해운전자 차종,피해운전자 성별,피해운전자 연령,피해운전자 상해정도
2017091400100227,2017년 9월 14일 09시,목요일,제주특별자치도 제주시 한림읍,중상사고,0,1,0,0,차대차 - 추돌,안전운전불이행,건조,맑음,단일로 - 기타,건설기계,남,51세,상해없음,이륜,여,82세,중상
2017091400100255,2017년 9월 14일 10시,목요일,제주특별자치도 제주시 우도면,경상사고,0,0,1,1,차대차 - 기타,안전운전불이행,건조,맑음,단일로 - 기타,승용,남,40세,상해없음,이륜,여,27세,경상
2017091400100256,2017년 9월 14일 10시,목요일,제주특별자치도 제주시 연동,부상신고사고,0,0,0,1,차대차 - 추돌,교차로운행방법위반,건조,맑음,교차로 - 교차로안,승용,여,42세,상해없음,승용,남,59세,부상신고
2017091400100523,2017년 9월 14일 17시,목요일,제주특별자치도 제주시 애월읍,경상사고,0,0,1,4,차대차 - 측면충돌,직진우회전진행방해,건조,맑음,교차로 - 교차로안,승용,여,58세,경상,승용,남,36세,부상신고
2017091400100573,2017년 9월 14일 18시,목요일,제주특별자치도 제주시 삼양이동,경상사고,0,0,1,0,차대사람 - 횡단중,보행자보호의무위반,건조,맑음,단일로 - 기타,승용,남,26세,상해없음,보행자,남,23세,경상
2017091400100574,2017년 9월 14일 18시,목요일,제주특별자치도 제주시 한림읍,부상신고사고,0,0,0,2,차대차 - 측면충돌,안전운전불이행,건조,맑음,단일로 - 기타,승용,여,24세,부상신고,승용,여,32세,상해없음
2017091500100078,2017년 9월 15일 06시,금요일,제주특별자치도 제주시 아라일동,중상사고,0,2,0,0,차대차 - 기타,신호위반,건조,맑음,교차로 - 교차로안,승용,남,47세,중상,승용,남,70세,중상
2017091500100144,2017년 9월 15일 08시,금요일,제주특별자치도 서귀포시 서홍동,경상사고,0,0,1,0,차대차 - 추돌,안전거리미확보,건조,맑음,단일로 - 기타,승용,남,64세,상해없음,승용,남,61세,경상
2017091500100145,2017년 9월 15일 08시,금요일,제주특별자치도 제주시 애월읍,경상사고,0,0,1,0,차대차 - 기타,안전운전불이행,건조,맑음,단일로 - 기타,기타불명,기타불명,미분류,기타불명,승합,남,49세,상해없음
2017091500100186,2017년 9월 15일 09시,금요일,제주특별자치도 제주시 한림읍,경상사고,0,0,1,0,차대차 - 기타,안전운전불이행,건조,맑음,단일로 - 기타,자전거,여,56세,경상,승용,여,45세,상해없음
2017091500100301,2017년 9월 15일 13시,금요일,제주특별자치도 제주시 건입동,경상사고,0,0,1,0,차대차 - 추돌,안전거리미확보,건조,맑음,단일로 - 기타,승용,남,44세,상해없음,승용,여,44세,경상
2017091500100433,2017년 9월 15일 16시,금요일,제주특별자치도 제주시 노형동,중상사고,0,1,0,0,차대차 - 추돌,신호위반,건조,흐림,교차로 - 교차로부근,승용,남,52세,상해없음,승용,남,44세,중상
2017091500100486,2017년 9월 15일 17시,금요일,제주특별자치도 제주시 애월읍,경상사고,0,0,1,0,차대사람 - 기타,안전운전불이행,기타,맑음,기타 - 기타,승용,여,38세,상해없음,보행자,남,11세,경상
2017091500100588,2017년 9월 15일 19시,금요일,제주특별자치도 제주시 삼도일동,중상사고,0,1,0,0,차대사람 - 횡단중,보행자보호의무위반,건조,맑음,단일로 - 기타,승용,여,22세,상해없음,보행자,남,76세,중상
2017091500100589,2017년 9월 15일 19시,금요일,제주특별자치도 제주시 애월읍,경상사고,0,0,1,0,차대차 - 측면충돌,신호위반,건조,맑음,교차로 - 교차로안,승용,남,61세,상해없음,승용,남,27세,경상
2017091500100643,2017년 9월 15일 20시,금요일,제주특별자치도 제주시 화북일동,경상사고,0,0,1,0,차대차 - 측면충돌,신호위반,건조,맑음,교차로 - 교차로안,이륜,남,56세,경상,승용,남,60세,상해없음
2017091500100644,2017년 9월 15일 20시,금요일,제주특별자치도 제주시 노형동,경상사고,0,0,1,1,차대차 - 기타,안전운전불이행,건조,맑음,교차로 - 교차로안,화물,남,37세,부상신고,승용,여,21세,경상
2017091600100046,2017년 9월 16일 01시,토요일,제주특별자치도 제주시 삼도일동,중상사고,0,1,0,0,차대사람 - 횡단중,보행자보호의무위반,건조,흐림,교차로 - 교차로횡단보도내,승용,남,25세,상해없음,보행자,남,41세,중상
2017091600100427,2017년 9월 16일 16시,토요일,제주특별자치도 서귀포시 서홍동,부상신고사고,0,0,0,1,차대사람 - 기타,안전운전불이행,기타,맑음,단일로 - 기타,기타불명,기타불명,미분류,기타불명,보행자,여,28세,부상신고
2017091600100466,2017년 9월 16일 17시,토요일,제주특별자치도 제주시 이도이동,경상사고,0,0,2,0,차대차 - 측면충돌,직진우회전진행방해,건조,맑음,교차로 - 교차로안,승용,남,32세,경상,승합,남,39세,경상
2017091600100507,2017년 9월 16일 18시,토요일,제주특별자치도 제주시 오라이동,경상사고,0,0,1,0,차대차 - 측면충돌,차로위반,건조,맑음,단일로 - 기타,승용,남,55세,상해없음,승용,여,61세,경상
2017091600100566,2017년 9월 16일 20시,토요일,제주특별자치도 제주시 건입동,경상사고,0,0,1,0,차대사람 - 기타,안전운전불이행,건조,맑음,주차장 - 주차장,승용,여,31세,상해없음,보행자,남,58세,경상
2017091700100073,2017년 9월 17일 05시,일요일,제주특별자치도 제주시 노형동,중상사고,0,2,1,0,차대사람 - 기타,안전운전불이행,젖음/습기,비,교차로 - 교차로횡단보도내,승용,여,47세,상해없음,보행자,여,25세,중상
2017091700100125,2017년 9월 17일 09시,일요일,제주특별자치도 서귀포시 대포동,경상사고,0,0,3,0,차대차 - 추돌,안전거리미확보,건조,맑음,단일로 - 기타,승용,여,54세,경상,승용,남,55세,상해없음
2017091700100210,2017년 9월 17일 12시,일요일,제주특별자치도 서귀포시 법환동,중상사고,0,2,1,0,차대차 - 추돌,안전운전불이행,건조,맑음,단일로 - 기타,승용,남,50세,상해없음,승용,남,52세,경상
2017091700100211,2017년 9월 17일 12시,일요일,제주특별자치도 제주시 한림읍,경상사고,0,0,1,3,차대차 - 추돌,안전운전불이행,건조,흐림,교차로 - 교차로부근,승용,여,23세,상해없음,승용,남,23세,부상신고
2017091700100239,2017년 9월 17일 13시,일요일,제주특별자치도 제주시 노형동,경상사고,0,0,1,0,차대차 - 추돌,안전운전불이행,건조,맑음,단일로 - 기타,승용,여,35세,상해없음,승용,여,58세,경상
2017091700100261,2017년 9월 17일 14시,일요일,제주특별자치도 제주시 건입동,경상사고,0,0,1,0,차대차 - 기타,기타,건조,흐림,교차로 - 교차로부근,이륜,남,30세,경상,화물,남,49세,상해없음
2017091700100262,2017년 9월 17일 14시,일요일,제주특별자치도 제주시 도두일동,경상사고,0,0,1,1,차대차 - 추돌,중앙선침범,건조,맑음,단일로 - 기타,승용,남,45세,상해없음,승용,남,33세,경상
2017091700100370,2017년 9월 17일 17시,일요일,제주특별자치도 서귀포시 남원읍,중상사고,0,1,0,0,차량단독 - 공작물충돌,안전운전불이행,건조,흐림,단일로 - 기타,화물,남,49세,중상,,,,
2017091700100435,2017년 9월 17일 19시,일요일,제주특별자치도 제주시 아라일동,경상사고,0,0,1,0,차대차 - 추돌,안전거리미확보,건조,기타,교차로 - 교차로부근,화물,남,38세,상해없음,화물,남,39세,상해없음
2017091700100436,2017년 9월 17일 19시,일요일,제주특별자치도 제주시 애월읍,중상사고,0,2,0,0,차대사람 - 횡단중,보행자보호의무위반,건조,흐림,기타 - 기타,승용,남,71세,상해없음,보행자,여,31세,중상
2017091700100437,2017년 9월 17일 19시,일요일,제주특별자치도 제주시 연동,부상신고사고,0,0,0,1,차대차 - 기타,안전운전불이행,건조,맑음,교차로 - 교차로안,승용,남,56세,상해없음,승용,여,52세,부상신고
2017091700100471,2017년 9월 17일 20시,일요일,제주특별자치도 서귀포시 강정동,경상사고,0,0,1,0,차대차 - 기타,안전운전불이행,건조,맑음,단일로 - 기타,승용,여,28세,상해없음,승용,남,27세,경상
2017091700100525,2017년 9월 17일 22시,일요일,제주특별자치도 제주시 애월읍,경상사고,0,0,1,0,차대차 - 기타,중앙선침범,건조,맑음,단일로 - 기타,승용,남,53세,상해없음,승용,남,59세,경상
2017091800100104,2017년 9월 18일 07시,월요일,제주특별자치도 제주시 건입동,중상사고,0,1,0,0,차대차 - 추돌,안전거리미확보,건조,맑음,단일로 - 기타,승용,여,46세,상해없음,승용,남,32세,중상
2017091800100152,2017년 9월 18일 08시,월요일,제주특별자치도 제주시 연동,경상사고,0,0,2,1,차대차 - 기타,신호위반,건조,맑음,교차로 - 교차로안,승용,여,52세,상해없음,승용,남,61세,경상
2017091800100153,2017년 9월 18일 08시,월요일,제주특별자치도 제주시 애월읍,경상사고,0,0,1,0,차대차 - 측면충돌,중앙선침범,건조,맑음,단일로 - 기타,화물,남,76세,상해없음,승용,여,51세,경상
2017091800100377,2017년 9월 18일 14시,월요일,제주특별자치도 제주시 우도면,경상사고,0,0,1,0,차대차 - 기타,안전운전불이행,건조,맑음,단일로 - 기타,자전거,여,24세,경상,승합,남,40세,상해없음
2017091800100470,2017년 9월 18일 16시,월요일,제주특별자치도 제주시 오라이동,중상사고,0,1,0,0,차량단독 - 전도전복 - 전도,안전운전불이행,건조,맑음,교차로 - 교차로부근,이륜,남,60세,중상,,,,
2017091800100471,2017년 9월 18일 16시,월요일,제주특별자치도 제주시 오라일동,중상사고,0,1,1,1,차대차 - 추돌,안전운전불이행,건조,맑음,단일로 - 기타,승용,남,63세,상해없음,승용,남,24세,경상
2017091800100472,2017년 9월 18일 16시,월요일,제주특별자치도 서귀포시 강정동,경상사고,0,0,1,0,차대차 - 기타,직진우회전진행방해,건조,맑음,교차로 - 교차로안,승합,여,55세,상해없음,승용,남,58세,상해없음
2017091800100525,2017년 9월 18일 17시,월요일,제주특별자치도 서귀포시 표선면,경상사고,0,0,1,0,차대차 - 측면충돌,교차로운행방법위반,건조,맑음,교차로 - 교차로안,자전거,남,53세,경상,화물,남,45세,상해없음
2017091800100526,2017년 9월 18일 17시,월요일,제주특별자치도 서귀포시 대정읍,부상신고사고,0,0,0,1,차대차 - 기타,차로위반,건조,맑음,단일로 - 기타,승용,여,60세,상해없음,승용,남,67세,부상신고
2017091800100577,2017년 9월 18일 18시,월요일,제주특별자치도 제주시 아라일동,경상사고,0,0,1,0,차대차 - 측면충돌,안전거리미확보,건조,맑음,단일로 - 기타,화물,남,37세,상해없음,승용,여,62세,경상
2017091800100578,2017년 9월 18일 18시,월요일,제주특별자치도 서귀포시 남원읍,중상사고,0,1,0,0,차대차 - 기타,안전운전불이행,젖음/습기,맑음,단일로 - 기타,이륜,남,30세,중상,승용,남,38세,상해없음
2017091800100624,2017년 9월 18일 19시,월요일,제주특별자치도 서귀포시 남원읍,사망사고,1,0,0,0,차대차 - 기타,과속,건조,맑음,단일로 - 기타,승용,남,26세,상해없음,승용,여,20세,상해없음
2017091800100663,2017년 9월 18일 20시,월요일,제주특별자치도 제주시 삼도일동,경상사고,0,0,1,0,차대사람 - 횡단중,보행자보호의무위반,건조,맑음,단일로 - 기타,승용,남,39세,상해없음,보행자,남,13세,경상
2017091800100691,2017년 9월 18일 21시,월요일,제주특별자치도 서귀포시 안덕면,경상사고,0,0,1,0,차대차 - 기타,안전운전불이행,건조,맑음,단일로 - 기타,승용,남,28세,상해없음,이륜,남,27세,경상
2017091800100722,2017년 9월 18일 22시,월요일,제주특별자치도 제주시 용담일동,경상사고,0,0,1,0,차대차 - 추돌,안전거리미확보,젖음/습기,흐림,단일로 - 기타,승용,남,36세,상해없음,승용,여,53세,경상
2017091800100723,2017년 9월 18일 22시,월요일,제주특별자치도 제주시 연동,부상신고사고,0,0,0,1,차대사람 - 길가장자리구역통행중,안전운전불이행,건조,맑음,단일로 - 기타,승용,남,26세,상해없음,보행자,남,62세,부상신고
2017091900100024,2017년 9월 19일 00시,화요일,제주특별자치도 제주시 연동,경상사고,0,0,1,0,차량단독 - 공작물충돌,안전운전불이행,건조,맑음,교차로 - 교차로부근,승용,남,31세,경상,,,,
2017091900100100,2017년 9월 19일 07시,화요일,제주특별자치도 서귀포시 동홍동,경상사고,0,0,1,0,차대차 - 추돌,차로위반,건조,맑음,단일로 - 기타,화물,남,69세,상해없음,승용,남,33세,경상
2017091900100154,2017년 9월 19일 08시,화요일,제주특별자치도 제주시 구좌읍,경상사고,0,0,1,0,차대차 - 측면충돌,교차로운행방법위반,건조,맑음,교차로 - 교차로안,승용,여,25세,상해없음,승용,여,35세,경상
2017091900100155,2017년 9월 19일 08시,화요일,제주특별자치도 제주시 오라이동,경상사고,0,0,2,0,차대차 - 측면충돌,안전운전불이행,건조,맑음,교차로 - 교차로안,승용,남,41세,경상,승용,여,40세,경상
2017091900100189,2017년 9월 19일 09시,화요일,제주특별자치도 제주시 애월읍,경상사고,0,0,1,0,차대차 - 측면충돌,안전거리미확보,건조,맑음,단일로 - 기타,승용,남,28세,상해없음,자전거,여,51세,경상
2017091900100280,2017년 9월 19일 13시,화요일,제주특별자치도 제주시 용담일동,경상사고,0,0,1,0,차대차 - 측면충돌,직진우회전진행방해,건조,흐림,교차로 - 교차로안,승합,남,49세,상해없음,승용,여,57세,경상
2017091900100302,2017년 9월 19일 14시,화요일,제주특별자치도 제주시 일도일동,경상사고,0,0,1,0,차대차 - 측면충돌,교차로운행방법위반,건조,맑음,교차로 - 교차로안,이륜,남,61세,경상,승용,남,60세,상해없음
2017091900100344,2017년 9월 19일 15시,화요일,제주특별자치도 제주시 해안동,경상사고,0,0,2,0,차대차 - 기타,안전운전불이행,기타,맑음,기타 - 기타,건설기계,남,57세,상해없음,승용,여,40세,경상
2017091900100372,2017년 9월 19일 16시,화요일,제주특별자치도 제주시 조천읍,경상사고,0,0,1,0,차대사람 - 기타,안전운전불이행,건조,맑음,교차로 - 교차로부근,승용,남,31세,상해없음,보행자,남,4세,경상
2017091900100373,2017년 9월 19일 16시,화요일,제주특별자치도 제주시 봉개동,경상사고,0,0,1,0,차대차 - 측면충돌,안전운전불이행,건조,맑음,단일로 - 기타,화물,남,51세,상해없음,화물,남,36세,경상
2017091900100374,2017년 9월 19일 16시,화요일,제주특별자치도 서귀포시 동홍동,경상사고,0,0,1,0,차대차 - 기타,안전운전불이행,건조,맑음,교차로 - 교차로안,승용,여,49세,상해없음,승용,여,61세,경상
2017091900100449,2017년 9월 19일 18시,화요일,제주특별자치도 서귀포시 성산읍,중상사고,0,1,2,0,차대차 - 측면충돌,안전운전불이행,건조,맑음,교차로 - 교차로안,승용,남,26세,중상,승용,여,50세,경상
2017091900100488,2017년 9월 19일 19시,화요일,제주특별자치도 제주시 연동,경상사고,0,0,1,0,차대차 - 기타,안전운전불이행,건조,맑음,단일로 - 기타,승용,여,28세,상해없음,승용,남,36세,상해없음
2017091900100513,2017년 9월 19일 20시,화요일,제주특별자치도 제주시 연동,중상사고,0,1,0,0,차대차 - 기타,신호위반,건조,맑음,교차로 - 교차로안,승용,남,26세,상해없음,이륜,남,42세,중상
2017091900100589,2017년 9월 19일 22시,화요일,제주특별자치도 제주시 아라일동,중상사고,0,1,0,0,차대차 - 측면충돌,안전운전불이행,건조,맑음,단일로 - 기타,자전거,남,44세,중상,승용,여,47세,상해없음
2017092000100129,2017년 9월 20일 07시,수요일,제주특별자치도 서귀포시 서귀동,중상사고,0,1,0,0,차량단독 - 기타,안전운전불이행,건조,맑음,교차로 - 교차로안,승용,남,53세,기타불명,,,,
2017092000100179,2017년 9월 20일 08시,수요일,제주특별자치도 제주시 오라이동,중상사고,0,1,1,0,차대차 - 추돌,안전운전불이행,건조,맑음,단일로 - 기타,승용,남,28세,기타불명,승용,남,40세,중상
2017092000100245,2017년 9월 20일 10시,수요일,제주특별자치도 제주시 애월읍,중상사고,0,1,1,0,차량단독 - 전도전복,안전운전불이행,건조,맑음,단일로 - 기타,승용,여,33세,경상,미분류,미분류,미분류,미분류
2017092000100280,2017년 9월 20일 11시,수요일,제주특별자치도 서귀포시 서귀동,중상사고,0,1,1,0,차대사람 - 횡단중,보행자보호의무위반,건조,맑음,단일로 - 기타,승용,남,37세,상해없음,보행자,남,58세,중상
2017092000100281,2017년 9월 20일 11시,수요일,제주특별자치도 제주시 연동,경상사고,0,0,1,1,차대차 - 측면충돌,교차로운행방법위반,건조,맑음,교차로 - 교차로안,승용,남,72세,부상신고,승합,남,48세,경상
2017092000100326,2017년 9월 20일 12시,수요일,제주특별자치도 제주시 한림읍,경상사고,0,0,3,0,차대차 - 측면충돌,기타,건조,흐림,교차로 - 교차로안,승용,여,23세,경상,화물,여,50세,경상
2017092000100463,2017년 9월 20일 16시,수요일,제주특별자치도 서귀포시 중문동,경상사고,0,0,10,1,차대차 - 측면충돌,중앙선침범,젖음/습기,비,단일로 - 기타,승용,남,81세,부상신고,승합,남,60세,경상
2017092000100516,2017년 9월 20일 17시,수요일,제주특별자치도 제주시 구좌읍,경상사고,0,0,1,0,차대차 - 측면충돌,안전운전불이행,건조,맑음,교차로 - 교차로안,승용,여,54세,상해없음,이륜,여,69세,경상
2017092000100517,2017년 9월 20일 17시,수요일,제주특별자치도 서귀포시 동홍동,경상사고,0,0,1,0,차대차 - 측면충돌,안전운전불이행,건조,맑음,교차로 - 교차로안,승용,남,78세,상해없음,승용,남,36세,경상
2017092000100577,2017년 9월 20일 18시,수요일,제주특별자치도 서귀포시 동홍동,중상사고,0,1,0,1,차량단독 - 공작물충돌,안전운전불이행,건조,맑음,단일로 - 기타,화물,남,68세,부상신고,,,,
2017092000100578,2017년 9월 20일 18시,수요일,제주특별자치도 제주시 연동,부상신고사고,0,0,0,1,차대차 - 추돌,안전운전불이행,건조,맑음,단일로 - 기타,승용,남,56세,상해없음,화물,남,51세,부상신고
2017092000100670,2017년 9월 20일 20시,수요일,제주특별자치도 제주시 외도이동,부상신고사고,0,0,0,1,차대차 - 기타,신호위반,건조,맑음,교차로 - 교차로부근,이륜,남,56세,부상신고,이륜,남,25세,상해없음
2017092000100732,2017년 9월 20일 22시,수요일,제주특별자치도 서귀포시 대정읍,경상사고,0,0,1,0,차대차 - 추돌,안전운전불이행,건조,맑음,교차로 - 교차로안,승용,남,35세,상해없음,자전거,남,24세,경상
2017092100100032,2017년 9월 21일 00시,목요일,제주특별자치도 제주시 우도면,경상사고,0,0,1,0,차대차 - 정면충돌,안전운전불이행,건조,맑음,교차로 - 교차로부근,승합,여,33세,상해없음,승용,기타불명,미분류,기타불명
2017092100100200,2017년 9월 21일 09시,목요일,제주특별자치도 서귀포시 남원읍,중상사고,0,1,0,0,차대차 - 기타,안전운전불이행,건조,맑음,교차로 - 교차로안,화물,여,57세,상해없음,이륜,남,80세,중상
2017092100100201,2017년 9월 21일 09시,목요일,제주특별자치도 제주시 외도일동,경상사고,0,0,1,0,차대차 - 측면충돌,안전운전불이행,건조,맑음,단일로 - 기타,화물,남,63세,상해없음,승용,여,46세,경상
2017092100100202,2017년 9월 21일 09시,목요일,제주특별자치도 제주시 도평동,중상사고,0,1,1,0,차대차 - 기타,과속,건조,흐림,교차로 - 교차로안,화물,남,45세,중상,화물,남,46세,경상
2017092100100274,2017년 9월 21일 11시,목요일,제주특별자치도 제주시 도남동,경상사고,0,0,1,0,차대차 - 기타,안전거리미확보,건조,맑음,단일로 - 기타,승용,남,30세,상해없음,승용,남,53세,경상
2017092100100334,2017년 9월 21일 13시,목요일,제주특별자치도 제주시 연동,경상사고,0,0,1,0,차대차 - 기타,안전거리미확보,건조,맑음,단일로 - 기타,승용,남,31세,상해없음,승용,남,63세,상해없음
2017092100100382,2017년 9월 21일 14시,목요일,제주특별자치도 제주시 한경면,경상사고,0,0,1,0,차대차 - 측면충돌,교차로운행방법위반,건조,맑음,교차로 - 교차로안,농기계,남,75세,경상,승합,남,31세,상해없음
2017092100100420,2017년 9월 21일 15시,목요일,제주특별자치도 제주시 애월읍,경상사고,0,0,1,0,차대차 - 기타,직진우회전진행방해,건조,맑음,교차로 - 교차로안,사륜오토바이(ATV),여,77세,경상,승용,남,75세,상해없음
2017092100100421,2017년 9월 21일 15시,목요일,제주특별자치도 제주시 노형동,경상사고,0,0,2,0,차대차 - 측면충돌,직진우회전진행방해,건조,흐림,교차로 - 교차로안,승용,여,62세,경상,원동기,남,46세,경상
2017092100100504,2017년 9월 21일 17시,목요일,제주특별자치도 서귀포시 성산읍,경상사고,0,0,1,0,차대차 - 추돌,안전운전불이행,건조,맑음,교차로 - 교차로부근,승용,남,71세,상해없음,승용,남,69세,경상
2017092100100560,2017년 9월 21일 18시,목요일,제주특별자치도 제주시 이도일동,중상사고,0,1,0,0,차대사람 - 기타,안전운전불이행,건조,맑음,단일로 - 기타,승합,남,60세,상해없음,보행자,여,60세,중상
2017092100100602,2017년 9월 21일 19시,목요일,제주특별자치도 제주시 도남동,중상사고,0,1,5,0,차대차 - 추돌,안전거리미확보,건조,맑음,단일로 - 기타,승용,여,48세,상해없음,승용,여,38세,경상
2017092100100603,2017년 9월 21일 19시,목요일,제주특별자치도 서귀포시 서귀동,중상사고,0,1,0,0,차대차 - 기타,안전운전불이행,건조,맑음,교차로 - 교차로안,화물,남,36세,상해없음,이륜,남,51세,중상
2017092100100693,2017년 9월 21일 22시,목요일,제주특별자치도 제주시 한경면,중상사고,0,1,0,0,차량단독 - 기타,안전운전불이행,건조,맑음,단일로 - 기타,화물,남,34세,중상,,,,
2017092200100076,2017년 9월 22일 02시,금요일,제주특별자치도 제주시 애월읍,경상사고,0,0,1,0,차대차 - 추돌,안전운전불이행,건조,맑음,교차로 - 교차로부근,승용,남,47세,상해없음,승용,여,34세,경상
2017092200100223,2017년 9월 22일 09시,금요일,제주특별자치도 제주시 연동,경상사고,0,0,1,0,차대차 - 기타,교차로운행방법위반,건조,맑음,교차로 - 교차로안,승용,남,54세,상해없음,승용,여,52세,경상
2017092200100282,2017년 9월 22일 11시,금요일,제주특별자치도 제주시 용담일동,중상사고,0,1,0,0,차대사람 - 횡단중,안전운전불이행,건조,맑음,단일로 - 기타,승용,남,27세,상해없음,보행자,여,83세,중상
2017092200100312,2017년 9월 22일 12시,금요일,제주특별자치도 제주시 화북일동,중상사고,0,1,0,0,차대차 - 기타,불법유턴,건조,맑음,교차로 - 교차로횡단보도내,자전거,여,25세,중상,승용,여,68세,상해없음
2017092200100372,2017년 9월 22일 14시,금요일,제주특별자치도 제주시 일도이동,경상사고,0,0,1,0,차대차 - 추돌,안전거리미확보,건조,맑음,교차로 - 교차로안,화물,남,45세,상해없음,승용,남,33세,경상
2017092200100403,2017년 9월 22일 15시,금요일,제주도 서귀포시,경상사고,0,0,1,0,차대사람 - 길가장자리구역통행중,안전거리미확보,건조,맑음,단일로 - 기타,승용,남,25세,상해없음,보행자,여,58세,경상
2017092200100404,2017년 9월 22일 15시,금요일,제주특별자치도 서귀포시 서귀동,경상사고,0,0,1,0,차대사람 - 차도통행중,안전운전불이행,건조,맑음,단일로 - 기타,승용,남,38세,상해없음,보행자,여,59세,경상
2017092200100405,2017년 9월 22일 15시,금요일,제주특별자치도 서귀포시 남원읍,중상사고,0,1,1,0,차량단독 - 공작물충돌,안전운전불이행,건조,맑음,단일로 - 기타,승용,남,34세,경상,,,,
2017092200100452,2017년 9월 22일 16시,금요일,제주특별자치도 제주시 건입동,경상사고,0,0,1,0,차대차 - 정면충돌,교차로운행방법위반,건조,맑음,교차로 - 교차로안,화물,남,45세,경상,건설기계,남,39세,상해없음
2017092200100453,2017년 9월 22일 16시,금요일,제주특별자치도 제주시 이도이동,경상사고,0,0,1,0,차대사람 - 차도통행중,안전운전불이행,건조,맑음,단일로 - 기타,승용,여,50세,상해없음,보행자,여,44세,경상
2017092200100518,2017년 9월 22일 17시,금요일,제주특별자치도 제주시 이도이동,중상사고,0,1,0,0,차대사람 - 보도통행중,안전운전불이행,건조,흐림,교차로 - 교차로부근,승용,남,56세,상해없음,보행자,여,17세,중상
2017092200100519,2017년 9월 22일 17시,금요일,제주특별자치도 서귀포시 동홍동,경상사고,0,0,3,1,차대차 - 측면충돌,직진우회전진행방해,건조,맑음,교차로 - 교차로안,승용,여,48세,부상신고,승용,여,43세,경상
2017092200100520,2017년 9월 22일 17시,금요일,제주특별자치도 서귀포시 하효동,경상사고,0,0,1,0,차대사람 - 횡단중,안전운전불이행,건조,맑음,교차로 - 교차로안,승용,여,58세,상해없음,보행자,여,31세,경상
2017092200100521,2017년 9월 22일 17시,금요일,제주특별자치도 제주시 해안동,중상사고,0,2,0,1,차량단독 - 공작물충돌,안전운전불이행,건조,맑음,교차로 - 교차로안,화물,남,59세,부상신고,,,,
2017092200100522,2017년 9월 22일 17시,금요일,제주특별자치도 제주시 노형동,경상사고,0,0,1,2,차대차 - 측면충돌,교차로운행방법위반,건조,맑음,교차로 - 교차로안,승합,남,56세,상해없음,승용,여,28세,부상신고
2017092200100570,2017년 9월 22일 18시,금요일,제주특별자치도 제주시 이도이동,경상사고,0,0,1,0,차대차 - 측면충돌,안전운전불이행,건조,맑음,교차로 - 교차로안,자전거,남,15세,경상,승용,남,42세,상해없음
2017092200100571,2017년 9월 22일 18시,금요일,제주특별자치도 서귀포시 대정읍,중상사고,0,1,0,0,차대차 - 기타,직진우회전진행방해,건조,맑음,교차로 - 교차로안,이륜,여,53세,중상,승용,남,29세,상해없음
2017092200100748,2017년 9월 22일 22시,금요일,제주특별자치도 제주시 이도이동,경상사고,0,0,1,0,차대차 - 측면충돌,교차로운행방법위반,건조,맑음,교차로 - 교차로안,승용,여,61세,상해없음,승용,남,34세,경상
2017092200100749,2017년 9월 22일 22시,금요일,제주특별자치도 서귀포시 하효동,중상사고,0,1,0,0,차대사람 - 횡단중,안전운전불이행,건조,맑음,단일로 - 기타,승용,남,58세,상해없음,보행자,남,50세,중상
2017092300100045,2017년 9월 23일 00시,토요일,제주특별자치도 제주시 용담이동,경상사고,0,0,1,0,차대차 - 기타,교차로운행방법위반,건조,맑음,교차로 - 교차로안,승용,남,31세,상해없음,승용,남,50세,상해없음
2017092300100124,2017년 9월 23일 06시,토요일,제주특별자치도 제주시 건입동,중상사고,0,1,0,0,차대사람 - 횡단중,안전운전불이행,기타,맑음,단일로 - 기타,승용,여,60세,상해없음,보행자,여,69세,중상
2017092300100157,2017년 9월 23일 08시,토요일,제주특별자치도 제주시 이도일동,경상사고,0,0,1,0,차대차 - 기타,안전운전불이행,건조,맑음,단일로 - 기타,기타불명,남,22세,경상,승용,여,47세,상해없음
2017092300100158,2017년 9월 23일 08시,토요일,제주특별자치도 서귀포시 안덕면,경상사고,0,0,2,0,차량단독 - 공작물충돌,안전운전불이행,건조,맑음,단일로 - 기타,승용,남,24세,상해없음,,,,
2017092300100159,2017년 9월 23일 08시,토요일,제주특별자치도 제주시 용담이동,중상사고,0,2,0,1,차대사람 - 기타,기타,건조,맑음,단일로 - 기타,승용,여,57세,상해없음,보행자,여,54세,중상
2017092300100186,2017년 9월 23일 09시,토요일,제주특별자치도 제주시 일도이동,중상사고,0,1,1,0,차대차 - 기타,교차로운행방법위반,건조,맑음,교차로 - 교차로안,승용,남,39세,상해없음,승용,여,39세,중상