사고번호,사고일시,요일,시군구,사고내용,사망자수,중상자수,경상자수,부상신고자수,사고유형,법규위반,노면상태,기상상태,도로형태,가해운전자 차종,가해운전자 성별,가해운전자 연령,가해운전자 상해정도,피해운전자 차종,피해운전자 성별,피해운전자 연령,피해운전자 상해정도
2017092300100187,2017년 9월 23일 09시,토요일,제주특별자치도 제주시 한림읍,중상사고,0,1,3,0,차대차 - 기타,직진우회전진행방해,건조,맑음,교차로 - 교차로안,승용,남,52세,경상,승용,여,55세,경상
2017092300100301,2017년 9월 23일 12시,토요일,제주특별자치도 제주시 노형동,경상사고,0,0,6,0,차대차 - 측면충돌,안전거리미확보,건조,흐림,기타 - 기타,승용,남,35세,경상,승용,여,37세,경상
2017092300100400,2017년 9월 23일 14시,토요일,제주특별자치도 제주시 이도일동,중상사고,0,2,0,0,차대사람 - 횡단중,보행자보호의무위반,건조,맑음,교차로 - 교차로횡단보도내,승용,여,74세,상해없음,보행자,여,54세,중상
2017092300100401,2017년 9월 23일 14시,토요일,제주특별자치도 서귀포시 서귀동,경상사고,0,0,1,0,차대차 - 기타,안전운전불이행,건조,맑음,단일로 - 기타,승용,여,40세,상해없음,이륜,남,49세,경상
2017092300100402,2017년 9월 23일 14시,토요일,제주특별자치도 서귀포시 색달동,경상사고,0,0,1,0,차량단독 - 공작물충돌,안전운전불이행,건조,맑음,단일로 - 기타,승용,여,38세,상해없음,,,,
2017092300100441,2017년 9월 23일 15시,토요일,제주특별자치도 제주시 외도일동,부상신고사고,0,0,0,1,차대차 - 기타,교차로운행방법위반,건조,맑음,교차로 - 교차로안,승용,남,61세,상해없음,자전거,남,52세,부상신고
2017092300100477,2017년 9월 23일 16시,토요일,제주특별자치도 제주시 삼양이동,중상사고,0,1,0,0,차대차 - 기타,보행자보호의무위반,건조,맑음,교차로 - 교차로안,승용,남,56세,상해없음,자전거,남,10세,중상
2017092300100478,2017년 9월 23일 16시,토요일,제주특별자치도 제주시 이도이동,부상신고사고,0,0,0,1,차대차 - 측면충돌,안전운전불이행,건조,맑음,교차로 - 교차로부근,이륜,남,25세,부상신고,승용,여,42세,상해없음
2017092300100479,2017년 9월 23일 16시,토요일,제주특별자치도 서귀포시 대정읍,경상사고,0,0,2,1,차대차 - 기타,중앙선침범,건조,맑음,교차로 - 교차로안,화물,여,68세,부상신고,화물,남,49세,경상
2017092300100480,2017년 9월 23일 16시,토요일,제주특별자치도 서귀포시 대정읍,경상사고,0,0,1,0,차대차 - 추돌,안전운전불이행,건조,맑음,교차로 - 교차로부근,승용,여,63세,상해없음,자전거,남,9세,경상
2017092300100481,2017년 9월 23일 16시,토요일,제주특별자치도 제주시 노형동,경상사고,0,0,1,0,차대차 - 측면충돌,안전거리미확보,건조,맑음,단일로 - 기타,승용,여,46세,상해없음,승용,여,32세,경상
2017092300100515,2017년 9월 23일 17시,토요일,제주특별자치도 제주시 구좌읍,중상사고,0,1,0,0,차대차 - 기타,안전운전불이행,건조,맑음,교차로 - 교차로안,자전거,남,55세,중상,승용,남,41세,상해없음
2017092300100564,2017년 9월 23일 18시,토요일,제주특별자치도 제주시 구좌읍,경상사고,0,0,1,0,차대사람 - 기타,안전운전불이행,건조,맑음,단일로 - 기타,승용,남,31세,상해없음,보행자,남,82세,경상
2017092300100565,2017년 9월 23일 18시,토요일,제주특별자치도 서귀포시 대정읍,경상사고,0,0,1,0,차대사람 - 기타,안전운전불이행,건조,맑음,단일로 - 기타,승용,여,25세,상해없음,보행자,남,3세,경상
2017092300100618,2017년 9월 23일 19시,토요일,제주특별자치도 서귀포시 성산읍,사망사고,1,0,0,0,차대차 - 측면충돌,과속,건조,흐림,단일로 - 기타,특수,남,27세,상해없음,이륜,남,62세,사망
2017092300100663,2017년 9월 23일 20시,토요일,제주특별자치도 제주시 우도면,경상사고,0,0,1,0,차량단독 - 도로외이탈 - 기타,안전운전불이행,건조,기타,단일로 - 기타,승용,여,44세,경상,,,,
2017092300100664,2017년 9월 23일 20시,토요일,제주특별자치도 제주시 조천읍,경상사고,0,0,1,0,차대차 - 기타,교차로운행방법위반,건조,맑음,교차로 - 교차로안,승용,여,25세,상해없음,승용,남,29세,경상
2017092300100699,2017년 9월 23일 21시,토요일,제주특별자치도 제주시 구좌읍,부상신고사고,0,0,0,1,차량단독 - 전도전복,안전운전불이행,건조,맑음,단일로 - 기타,자전거,남,49세,부상신고,미분류,미분류,미분류,미분류
2017092300100726,2017년 9월 23일 22시,토요일,제주특별자치도 제주시 외도일동,경상사고,0,0,1,0,차대사람 - 기타,안전운전불이행,기타,맑음,교차로 - 교차로부근,승용,남,47세,상해없음,보행자,남,36세,경상
2017092300100751,2017년 9월 23일 23시,토요일,제주특별자치도 서귀포시 남원읍,경상사고,0,0,1,0,차대차 - 기타,안전운전불이행,건조,맑음,단일로 - 기타,승용,남,58세,상해없음,화물,남,46세,경상
2017092400100063,2017년 9월 24일 02시,일요일,제주특별자치도 제주시 내도동,경상사고,0,0,1,0,차량단독 - 기타,안전운전불이행,건조,맑음,단일로 - 기타,승용,여,25세,기타불명,,,,
2017092400100375,2017년 9월 24일 16시,일요일,제주특별자치도 제주시 우도면,중상사고,0,1,0,0,차대차 - 후진중충돌,안전운전불이행,건조,맑음,단일로 - 기타,사륜오토바이(ATV),여,30세,상해없음,이륜,여,28세,중상
2017092400100406,2017년 9월 24일 17시,일요일,제주특별자치도 제주시 외도일동,부상신고사고,0,0,0,1,차대사람 - 기타,안전운전불이행,건조,맑음,단일로 - 기타,승용,남,60세,상해없음,보행자,남,10세,부상신고
2017092400100500,2017년 9월 24일 20시,일요일,제주특별자치도 서귀포시 대정읍,부상신고사고,0,0,0,1,차대사람 - 기타,안전운전불이행,건조,맑음,단일로 - 기타,화물,남,48세,상해없음,보행자,여,43세,부상신고
2017092400100557,2017년 9월 24일 23시,일요일,제주특별자치도 제주시 연동,경상사고,0,0,1,0,차대차 - 측면충돌,신호위반,건조,맑음,교차로 - 교차로안,승용,남,21세,상해없음,승용,여,22세,경상
2017092500100114,2017년 9월 25일 07시,월요일,제주특별자치도 서귀포시 신효동,중상사고,0,1,0,0,차대차 - 기타,직진우회전진행방해,건조,맑음,교차로 - 교차로안,승용,여,50세,중상,건설기계,남,55세,상해없음
2017092500100146,2017년 9월 25일 08시,월요일,제주특별자치도 서귀포시 서귀동,부상신고사고,0,0,0,1,차대차 - 추돌,안전운전불이행,건조,맑음,단일로 - 기타,이륜,여,60세,부상신고,이륜,남,65세,상해없음
2017092500100147,2017년 9월 25일 08시,월요일,제주특별자치도 제주시 노형동,경상사고,0,0,1,0,차대차 - 추돌,안전운전불이행,건조,맑음,교차로 - 교차로안,승용,남,44세,상해없음,승용,여,43세,경상
2017092500100186,2017년 9월 25일 09시,월요일,제주특별자치도 제주시 오라일동,경상사고,0,0,1,0,차대차 - 후진중충돌,안전운전불이행,건조,맑음,단일로 - 기타,승합,남,52세,상해없음,승용,여,46세,경상
2017092500100221,2017년 9월 25일 10시,월요일,제주특별자치도 제주시 노형동,경상사고,0,0,1,0,차대차 - 측면충돌,기타,건조,맑음,교차로 - 교차로안,화물,남,50세,상해없음,승용,남,52세,경상
2017092500100291,2017년 9월 25일 12시,월요일,제주특별자치도 서귀포시 남원읍,경상사고,0,0,1,0,차대차 - 기타,직진우회전진행방해,건조,맑음,교차로 - 교차로부근,화물,남,62세,상해없음,화물,남,34세,상해없음
2017092500100317,2017년 9월 25일 13시,월요일,제주특별자치도 서귀포시 성산읍,부상신고사고,0,0,0,2,차대차 - 추돌,직진우회전진행방해,건조,맑음,교차로 - 교차로안,화물,남,31세,부상신고,승용,남,59세,상해없음
2017092500100318,2017년 9월 25일 13시,월요일,제주특별자치도 서귀포시 하원동,경상사고,0,0,1,0,차량단독 - 공작물충돌,안전운전불이행,건조,맑음,단일로 - 기타,승용,여,42세,경상,,,,
2017092500100393,2017년 9월 25일 15시,월요일,제주특별자치도 서귀포시 동홍동,경상사고,0,0,2,0,차대차 - 기타,직진우회전진행방해,건조,맑음,교차로 - 교차로안,이륜,남,20세,경상,승용,여,43세,상해없음
2017092500100438,2017년 9월 25일 16시,월요일,제주특별자치도 제주시 일도이동,경상사고,0,0,1,0,차대사람 - 횡단중,보행자보호의무위반,건조,맑음,단일로 - 기타,승용,남,32세,상해없음,보행자,여,7세,경상
2017092500100439,2017년 9월 25일 16시,월요일,제주특별자치도 서귀포시 법환동,중상사고,0,1,0,0,차대사람 - 보도통행중,보행자보호의무위반,건조,맑음,교차로 - 교차로횡단보도내,승합,남,40세,상해없음,보행자,남,13세,중상
2017092500100487,2017년 9월 25일 17시,월요일,제주특별자치도 제주시 삼도이동,경상사고,0,0,1,0,차대차 - 추돌,안전거리미확보,건조,맑음,교차로 - 교차로부근,화물,남,23세,상해없음,승용,남,23세,경상
2017092500100488,2017년 9월 25일 17시,월요일,제주특별자치도 서귀포시 서귀동,경상사고,0,0,1,0,차대사람 - 차도통행중,안전운전불이행,건조,맑음,단일로 - 기타,승용,여,45세,상해없음,보행자,남,41세,경상
2017092500100489,2017년 9월 25일 17시,월요일,제주특별자치도 제주시 노형동,경상사고,0,0,2,0,차대차 - 추돌,안전운전불이행,건조,맑음,교차로 - 교차로안,승용,남,37세,상해없음,승합,남,27세,경상
2017092500100696,2017년 9월 25일 23시,월요일,제주특별자치도 제주시 도남동,경상사고,0,0,1,0,차량단독 - 공작물충돌,안전운전불이행,건조,맑음,주차장 - 주차장,이륜,남,15세,상해없음,,,,
2017092600100040,2017년 9월 26일 00시,화요일,제주특별자치도 제주시 이도일동,중상사고,0,1,0,0,차대사람 - 횡단중,안전운전불이행,건조,맑음,단일로 - 기타,화물,남,20세,상해없음,보행자,남,26세,중상
2017092600100050,2017년 9월 26일 01시,화요일,제주특별자치도 제주시 이도이동,경상사고,0,0,1,0,차대사람 - 기타,안전운전불이행,건조,기타,단일로 - 기타,승용,남,24세,상해없음,보행자,남,43세,경상
2017092600100058,2017년 9월 26일 02시,화요일,제주특별자치도 제주시 화북이동,경상사고,0,0,1,0,차대차 - 추돌,안전운전불이행,건조,맑음,단일로 - 기타,승용,남,62세,상해없음,승용,남,45세,경상
2017092600100195,2017년 9월 26일 09시,화요일,제주특별자치도 제주시 한경면,중상사고,0,1,2,0,차대차 - 측면충돌,직진우회전진행방해,건조,흐림,교차로 - 교차로안,화물,남,26세,경상,승용,남,24세,경상
2017092600100287,2017년 9월 26일 12시,화요일,제주특별자치도 제주시 용담이동,경상사고,0,0,2,0,차대차 - 기타,안전운전불이행,건조,맑음,단일로 - 기타,승용,여,44세,상해없음,승용,여,27세,경상
2017092600100325,2017년 9월 26일 13시,화요일,제주특별자치도 제주시 구좌읍,경상사고,0,0,1,0,차대차 - 추돌,안전운전불이행,건조,맑음,단일로 - 기타,승합,남,55세,상해없음,이륜,남,77세,경상
2017092600100326,2017년 9월 26일 13시,화요일,제주특별자치도 서귀포시 강정동,부상신고사고,0,0,0,1,차대차 - 기타,신호위반,건조,맑음,교차로 - 교차로안,승용,남,20세,상해없음,화물,남,57세,부상신고
2017092600100327,2017년 9월 26일 13시,화요일,제주특별자치도 제주시 노형동,경상사고,0,0,1,0,차대차 - 측면충돌,안전운전불이행,건조,맑음,교차로 - 교차로안,승용,여,39세,상해없음,승용,남,48세,경상
2017092600100328,2017년 9월 26일 13시,화요일,제주특별자치도 제주시 애월읍,경상사고,0,0,2,0,차대차 - 기타,안전운전불이행,건조,맑음,교차로 - 교차로안,화물,남,45세,경상,화물,남,54세,경상
2017092600100365,2017년 9월 26일 14시,화요일,제주특별자치도 서귀포시 남원읍,경상사고,0,0,1,0,차대차 - 측면충돌,직진우회전진행방해,건조,맑음,교차로 - 교차로안,이륜,남,56세,경상,화물,남,83세,상해없음
2017092600100366,2017년 9월 26일 14시,화요일,제주특별자치도 서귀포시 서홍동,사망사고,1,0,0,0,차대차 - 기타,안전거리미확보,건조,맑음,단일로 - 기타,이륜,남,75세,사망,승용,남,26세,상해없음
2017092600100367,2017년 9월 26일 14시,화요일,제주특별자치도 제주시 애월읍,경상사고,0,0,1,0,차대차 - 기타,안전운전불이행,건조,맑음,주차장 - 주차장,승용,여,38세,상해없음,승용,여,46세,경상
2017092600100404,2017년 9월 26일 15시,화요일,제주특별자치도 서귀포시 동홍동,경상사고,0,0,1,1,차대차 - 기타,안전거리미확보,젖음/습기,비,단일로 - 기타,승용,남,31세,부상신고,승용,남,37세,경상
2017092600100526,2017년 9월 26일 18시,화요일,제주특별자치도 서귀포시 서귀동,경상사고,0,0,1,0,차대사람 - 기타,보행자보호의무위반,젖음/습기,비,교차로 - 교차로부근,승용,남,54세,상해없음,보행자,여,37세,경상
2017092600100527,2017년 9월 26일 18시,화요일,제주특별자치도 서귀포시 성산읍,부상신고사고,0,0,0,1,차대사람 - 횡단중,안전운전불이행,건조,흐림,단일로 - 기타,화물,남,55세,상해없음,보행자,남,70세,부상신고
2017092600100528,2017년 9월 26일 18시,화요일,제주특별자치도 서귀포시 호근동,경상사고,0,0,2,0,차대차 - 측면충돌,차로위반,젖음/습기,비,단일로 - 기타,승용,남,35세,상해없음,승용,여,70세,경상
2017092600100617,2017년 9월 26일 20시,화요일,제주특별자치도 서귀포시 서귀동,경상사고,0,0,1,0,차대차 - 측면충돌,신호위반,젖음/습기,비,교차로 - 교차로안,승용,남,27세,상해없음,화물,여,69세,경상
2017092600100650,2017년 9월 26일 21시,화요일,제주특별자치도 서귀포시 남원읍,경상사고,0,0,2,0,차대차 - 기타,안전운전불이행,기타,비,교차로 - 교차로안,화물,남,39세,상해없음,승용,남,34세,경상
2017092700100111,2017년 9월 27일 06시,수요일,제주특별자치도 제주시 건입동,경상사고,0,0,1,0,차대차 - 기타,교차로운행방법위반,젖음/습기,비,교차로 - 교차로안,승용,남,68세,상해없음,승합,여,57세,경상
2017092700100147,2017년 9월 27일 07시,수요일,제주특별자치도 서귀포시 안덕면,경상사고,0,0,3,0,차대차 - 측면충돌,안전운전불이행,젖음/습기,흐림,교차로 - 교차로부근,승용,남,35세,경상,화물,남,43세,경상
2017092700100186,2017년 9월 27일 08시,수요일,제주특별자치도 제주시 연동,중상사고,0,1,0,0,차대사람 - 보도통행중,보행자보호의무위반,건조,맑음,단일로 - 기타,화물,남,71세,상해없음,보행자,여,27세,중상
2017092700100229,2017년 9월 27일 09시,수요일,제주특별자치도 제주시 해안동,중상사고,0,1,0,0,차대차 - 기타,안전거리미확보,건조,맑음,단일로 - 기타,이륜,남,27세,중상,화물,남,40세,상해없음
2017092700100305,2017년 9월 27일 11시,수요일,제주특별자치도 서귀포시 남원읍,경상사고,0,0,1,0,차량단독 - 공작물충돌,안전운전불이행,건조,맑음,단일로 - 기타,승용,여,53세,경상,,,,
2017092700100340,2017년 9월 27일 12시,수요일,제주특별자치도 제주시 오라일동,경상사고,0,0,1,0,차대차 - 측면충돌,안전운전불이행,건조,맑음,교차로 - 교차로부근,승용,남,52세,상해없음,승용,남,26세,경상
2017092700100414,2017년 9월 27일 14시,수요일,제주특별자치도 제주시 연동,중상사고,0,1,0,0,차대차 - 측면충돌,안전거리미확보,건조,맑음,단일로 - 기타,승용,여,52세,상해없음,이륜,남,22세,중상
2017092700100415,2017년 9월 27일 14시,수요일,제주특별자치도 제주시 연동,경상사고,0,0,1,0,차대차 - 측면충돌,직진우회전진행방해,건조,맑음,교차로 - 교차로안,화물,남,48세,상해없음,승용,남,23세,경상
2017092700100416,2017년 9월 27일 14시,수요일,제주특별자치도 제주시 도두일동,부상신고사고,0,0,0,1,차대차 - 추돌,안전운전불이행,젖음/습기,비,교차로 - 교차로부근,승용,남,59세,상해없음,승용,여,58세,부상신고
2017092700100488,2017년 9월 27일 16시,수요일,제주특별자치도 제주시 도남동,경상사고,0,0,1,0,차대차 - 기타,안전운전불이행,건조,맑음,교차로 - 교차로부근,승용,남,43세,상해없음,승용,여,29세,경상
2017092700100489,2017년 9월 27일 16시,수요일,제주특별자치도 제주시 애월읍,경상사고,0,0,1,0,차대사람 - 횡단중,보행자보호의무위반,건조,맑음,단일로 - 기타,승용,남,38세,상해없음,보행자,여,9세,경상
2017092700100522,2017년 9월 27일 17시,수요일,제주특별자치도 제주시 애월읍,중상사고,0,1,0,0,차대차 - 측면충돌,안전거리미확보,건조,맑음,기타 - 기타,화물,남,49세,상해없음,이륜,여,21세,중상
2017092700100561,2017년 9월 27일 18시,수요일,제주특별자치도 제주시 이도이동,경상사고,0,0,1,0,차대차 - 기타,안전운전불이행,건조,맑음,단일로 - 기타,이륜,남,69세,경상,승용,남,42세,상해없음
2017092700100670,2017년 9월 27일 21시,수요일,제주특별자치도 제주시 이도이동,경상사고,0,0,4,0,차대차 - 측면충돌,안전운전불이행,건조,흐림,교차로 - 교차로안,이륜,남,27세,경상,승용,여,53세,경상
2017092700100725,2017년 9월 27일 23시,수요일,제주특별자치도 제주시 일도이동,중상사고,0,2,1,0,차대차 - 측면충돌,신호위반,건조,기타,교차로 - 교차로안,승용,여,55세,중상,승용,남,60세,중상
2017092800100085,2017년 9월 28일 05시,목요일,제주특별자치도 제주시 이도이동,경상사고,0,0,1,0,차대차 - 추돌,안전운전불이행,건조,맑음,교차로 - 교차로부근,승용,남,38세,상해없음,승용,남,29세,경상
2017092800100215,2017년 9월 28일 09시,목요일,제주특별자치도 서귀포시 대정읍,부상신고사고,0,0,0,1,차대차 - 측면충돌,교차로운행방법위반,건조,맑음,교차로 - 교차로부근,화물,남,74세,부상신고,승용,남,66세,상해없음
2017092800100216,2017년 9월 28일 09시,목요일,제주특별자치도 제주시 한경면,중상사고,0,1,0,0,차대차 - 측면충돌,신호위반,건조,맑음,교차로 - 교차로안,승용,남,62세,상해없음,화물,남,63세,중상
2017092800100296,2017년 9월 28일 11시,목요일,제주특별자치도 제주시 노형동,중상사고,0,1,0,0,차대차 - 기타,안전운전불이행,건조,맑음,기타 - 기타,이륜,남,39세,중상,화물,남,68세,상해없음
2017092800100361,2017년 9월 28일 13시,목요일,제주특별자치도 서귀포시 안덕면,경상사고,0,0,1,0,차대차 - 추돌,안전운전불이행,건조,맑음,단일로 - 기타,승용,남,25세,상해없음,승용,여,51세,경상
2017092800100362,2017년 9월 28일 13시,목요일,제주특별자치도 서귀포시 안덕면,경상사고,0,0,1,0,차대차 - 기타,안전운전불이행,건조,맑음,단일로 - 기타,화물,남,52세,상해없음,승용,남,38세,경상
2017092800100405,2017년 9월 28일 14시,목요일,제주특별자치도 제주시 노형동,중상사고,0,1,0,0,차대사람 - 횡단중,보행자보호의무위반,건조,맑음,교차로 - 교차로안,승용,여,47세,상해없음,보행자,남,8세,중상
2017092800100444,2017년 9월 28일 15시,목요일,제주특별자치도 제주시 구좌읍,중상사고,0,1,0,0,차대차 - 측면충돌,안전운전불이행,건조,맑음,단일로 - 기타,화물,남,35세,상해없음,이륜,여,77세,중상
2017092800100495,2017년 9월 28일 16시,목요일,제주특별자치도 서귀포시 대정읍,중상사고,0,2,0,0,차대차 - 기타,안전운전불이행,건조,맑음,단일로 - 기타,화물,남,73세,상해없음,원동기,남,83세,중상
2017092800100581,2017년 9월 28일 18시,목요일,제주특별자치도 제주시 노형동,부상신고사고,0,0,0,2,차대차 - 측면충돌,직진우회전진행방해,건조,맑음,교차로 - 교차로안,승용,남,53세,상해없음,승용,남,58세,부상신고
2017092800100642,2017년 9월 28일 19시,목요일,제주특별자치도 제주시 일도일동,경상사고,0,0,1,0,차대사람 - 기타,안전운전불이행,건조,맑음,단일로 - 기타,승용,남,32세,상해없음,보행자,남,4세,경상
2017092800100684,2017년 9월 28일 20시,목요일,제주특별자치도 제주시 노형동,경상사고,0,0,2,0,차대차 - 측면충돌,안전운전불이행,건조,맑음,단일로 - 기타,승용,남,51세,상해없음,승용,여,23세,경상
2017092800100750,2017년 9월 28일 22시,목요일,제주특별자치도 제주시 화북일동,부상신고사고,0,0,0,1,차대차 - 기타,안전운전불이행,건조,맑음,단일로 - 기타,승용,남,23세,상해없음,이륜,남,21세,부상신고
2017092900100044,2017년 9월 29일 00시,금요일,제주특별자치도 제주시 일도이동,경상사고,0,0,1,0,차대사람 - 기타,보행자보호의무위반,건조,맑음,단일로 - 기타,승용,남,26세,상해없음,보행자,남,27세,경상
2017092900100064,2017년 9월 29일 01시,금요일,제주특별자치도 서귀포시 안덕면,부상신고사고,0,0,0,1,차량단독 - 도로외이탈 - 기타,안전운전불이행,건조,맑음,단일로 - 기타,화물,남,19세,부상신고,,,,
2017092900100123,2017년 9월 29일 06시,금요일,제주특별자치도 서귀포시 강정동,중상사고,0,1,0,0,차대차 - 기타,안전운전불이행,건조,맑음,단일로 - 기타,승용,남,23세,상해없음,승용,남,36세,상해없음
2017092900100163,2017년 9월 29일 07시,금요일,제주특별자치도 제주시 이도이동,경상사고,0,0,1,0,차대차 - 측면충돌,안전운전불이행,건조,맑음,단일로 - 기타,승용,남,59세,상해없음,승용,여,46세,경상
2017092900100164,2017년 9월 29일 07시,금요일,제주특별자치도 서귀포시 표선면,경상사고,0,0,2,0,차대차 - 기타,안전운전불이행,건조,맑음,교차로 - 교차로안,승용,여,46세,기타불명,승용,여,40세,경상
2017092900100216,2017년 9월 29일 08시,금요일,제주특별자치도 제주시 노형동,경상사고,0,0,2,0,차대차 - 추돌,안전운전불이행,건조,맑음,단일로 - 기타,승용,남,47세,경상,승용,남,48세,경상
2017092900100362,2017년 9월 29일 12시,금요일,제주특별자치도 서귀포시 동홍동,경상사고,0,0,1,0,차대차 - 측면충돌,직진우회전진행방해,건조,맑음,교차로 - 교차로안,화물,남,72세,경상,승용,여,54세,상해없음
2017092900100476,2017년 9월 29일 15시,금요일,제주특별자치도 제주시 도련이동,중상사고,0,1,0,0,차대차 - 기타,안전운전불이행,건조,맑음,단일로 - 기타,화물,남,30세,상해없음,자전거,남,12세,중상
2017092900100477,2017년 9월 29일 15시,금요일,제주특별자치도 서귀포시 성산읍,중상사고,0,1,0,0,차대차 - 측면충돌,신호위반,건조,맑음,교차로 - 교차로안,화물,남,68세,상해없음,승용,여,62세,중상
2017092900100478,2017년 9월 29일 15시,금요일,제주특별자치도 제주시 연동,중상사고,0,1,0,0,차대사람 - 차도통행중,신호위반,건조,맑음,단일로 - 기타,승용,여,58세,상해없음,보행자,남,26세,중상
2017092900100591,2017년 9월 29일 17시,금요일,제주특별자치도 제주시 애월읍,중상사고,0,1,0,0,차대사람 - 차도통행중,안전운전불이행,건조,맑음,교차로 - 교차로안,승용,여,48세,상해없음,보행자,여,82세,중상
2017092900100765,2017년 9월 29일 20시,금요일,제주특별자치도 제주시 아라일동,경상사고,0,0,1,0,차대사람 - 기타,보행자보호의무위반,건조,맑음,교차로 - 교차로횡단보도내,승합,남,28세,상해없음,보행자,여,28세,경상
2017092900100766,2017년 9월 29일 20시,금요일,제주특별자치도 서귀포시 서홍동,경상사고,0,0,2,0,차대차 - 기타,안전운전불이행,건조,맑음,단일로 - 기타,승용,남,57세,상해없음,승용,남,44세,경상
2017092900100860,2017년 9월 29일 23시,금요일,제주특별자치도 서귀포시 강정동,중상사고,0,1,0,0,차량단독 - 기타,안전운전불이행,건조,맑음,단일로 - 기타,화물,남,49세,중상,,,,
2017093000100147,2017년 9월 30일 08시,토요일,제주특별자치도 제주시 이도일동,경상사고,0,0,1,0,차대사람 - 기타,안전운전불이행,건조,맑음,단일로 - 기타,승용,남,56세,상해없음,보행자,여,61세,경상
2017093000100196,2017년 9월 30일 10시,토요일,제주특별자치도 제주시 조천읍,경상사고,0,0,5,0,차대차 - 추돌,안전거리미확보,건조,맑음,단일로 - 기타,화물,남,24세,상해없음,화물,남,26세,경상
2017093000100197,2017년 9월 30일 10시,토요일,제주특별자치도 제주시 조천읍,중상사고,0,1,0,0,차대사람 - 기타,기타,건조,맑음,기타 - 기타,화물,남,40세,상해없음,보행자,여,60세,중상
2017093000100198,2017년 9월 30일 10시,토요일,제주특별자치도 서귀포시 표선면,중상사고,0,1,0,0,차대차 - 추돌,교차로운행방법위반,건조,맑음,교차로 - 교차로안,승용,남,18세,상해없음,이륜,남,82세,중상
2017093000100315,2017년 9월 30일 13시,토요일,제주특별자치도 제주시 도남동,경상사고,0,0,2,0,차대차 - 기타,직진우회전진행방해,건조,흐림,교차로 - 교차로안,화물,남,37세,상해없음,승용,남,32세,경상
2017093000100316,2017년 9월 30일 13시,토요일,제주특별자치도 제주시 조천읍,경상사고,0,0,1,0,차량단독 - 공작물충돌,중앙선침범,건조,맑음,단일로 - 기타,승용,여,52세,경상,,,,
2017093000100317,2017년 9월 30일 13시,토요일,제주특별자치도 서귀포시 성산읍,부상신고사고,0,0,0,1,차대차 - 측면충돌,안전운전불이행,건조,맑음,교차로 - 교차로안,이륜,남,71세,부상신고,승용,여,37세,상해없음
2017093000100437,2017년 9월 30일 16시,토요일,제주특별자치도 제주시 구좌읍,경상사고,0,0,5,0,차대차 - 측면충돌,교차로운행방법위반,건조,맑음,교차로 - 교차로안,승용,남,25세,경상,승용,남,31세,경상
2017093000100438,2017년 9월 30일 16시,토요일,제주특별자치도 제주시 외도일동,부상신고사고,0,0,0,2,차대차 - 추돌,안전운전불이행,건조,맑음,교차로 - 교차로부근,승용,여,57세,상해없음,승용,남,47세,부상신고
2017093000100557,2017년 9월 30일 19시,토요일,제주특별자치도 제주시 조천읍,중상사고,0,1,0,0,차대사람 - 기타,안전운전불이행,건조,맑음,교차로 - 교차로안,승용,여,34세,상해없음,보행자,여,32세,중상
2017093000100599,2017년 9월 30일 20시,토요일,제주특별자치도 제주시 이도일동,경상사고,0,0,1,0,차대사람 - 기타,안전운전불이행,건조,맑음,교차로 - 교차로부근,승용,남,70세,상해없음,보행자,남,41세,경상
2017100100100297,2017년 10월 1일 15시,일요일,제주특별자치도 서귀포시 안덕면,중상사고,0,3,0,0,차량단독 - 공작물충돌,안전운전불이행,젖음/습기,비,단일로 - 기타,승용,여,22세,중상,,,,
2017100100100353,2017년 10월 1일 17시,일요일,제주특별자치도 제주시 용강동,경상사고,0,0,2,0,차대차 - 측면충돌,안전운전불이행,젖음/습기,비,단일로 - 기타,승용,남,23세,상해없음,승용,남,39세,경상
2017100100100354,2017년 10월 1일 17시,일요일,제주특별자치도 서귀포시 법환동,중상사고,0,1,0,0,차대차 - 후진중충돌,안전운전불이행,젖음/습기,비,주차장 - 주차장,승용,남,60세,상해없음,승용,남,31세,중상
2017100100100441,2017년 10월 1일 19시,일요일,제주특별자치도 서귀포시 남원읍,경상사고,0,0,4,0,차대차 - 추돌,안전운전불이행,젖음/습기,비,단일로 - 기타,승용,남,50세,상해없음,승용,남,36세,경상
2017100100100442,2017년 10월 1일 19시,일요일,제주특별자치도 제주시 노형동,부상신고사고,0,0,0,1,차대차 - 측면충돌,직진우회전진행방해,젖음/습기,흐림,교차로 - 교차로안,승용,남,69세,상해없음,승용,남,45세,상해없음
2017100100100600,2017년 10월 1일 23시,일요일,제주특별자치도 서귀포시 강정동,부상신고사고,0,0,0,1,차량단독 - 기타,안전운전불이행,젖음/습기,비,단일로 - 기타,승용,남,46세,부상신고,,,,
2017100200100073,2017년 10월 2일 02시,월요일,제주특별자치도 제주시 노형동,경상사고,0,0,1,0,차대차 - 추돌,안전운전불이행,젖음/습기,비,단일로 - 기타,승용,남,38세,상해없음,승용,남,48세,경상
2017100200100143,2017년 10월 2일 07시,월요일,제주특별자치도 제주시 구좌읍,중상사고,0,1,1,0,차량단독 - 공작물충돌,안전운전불이행,젖음/습기,비,단일로 - 기타,승용,남,22세,경상,,,,