사고번호,사고일시,요일,시군구,사고내용,사망자수,중상자수,경상자수,부상신고자수,사고유형,법규위반,노면상태,기상상태,도로형태,가해운전자 차종,가해운전자 성별,가해운전자 연령,가해운전자 상해정도,피해운전자 차종,피해운전자 성별,피해운전자 연령,피해운전자 상해정도
2017102400100475,2017년 10월 24일 17시,화요일,제주특별자치도 제주시 일도이동,경상사고,0,0,5,0,차대차 - 추돌,안전거리미확보,건조,맑음,교차로 - 교차로부근,승용,남,61세,상해없음,승용,남,57세,경상
2017102400100539,2017년 10월 24일 18시,화요일,제주특별자치도 제주시 삼도일동,경상사고,0,0,1,0,차대사람 - 기타,기타,건조,맑음,교차로 - 교차로부근,승용,남,27세,상해없음,보행자,여,37세,경상
2017102400100616,2017년 10월 24일 20시,화요일,제주특별자치도 제주시 도남동,경상사고,0,0,3,0,차대차 - 기타,직진우회전진행방해,건조,맑음,교차로 - 교차로안,승용,남,48세,상해없음,승용,여,54세,경상
2017102400100617,2017년 10월 24일 20시,화요일,제주특별자치도 제주시 화북일동,경상사고,0,0,2,0,차대차 - 측면충돌,교차로운행방법위반,기타,맑음,교차로 - 교차로안,원동기,남,18세,상해없음,승용,남,45세,경상
2017102400100618,2017년 10월 24일 20시,화요일,제주특별자치도 서귀포시 서귀동,경상사고,0,0,1,0,차대사람 - 차도통행중,안전운전불이행,건조,맑음,단일로 - 기타,승용,남,28세,상해없음,보행자,여,69세,경상
2017102400100713,2017년 10월 24일 23시,화요일,제주특별자치도 제주시 일도이동,경상사고,0,0,1,0,차대차 - 추돌,안전운전불이행,건조,맑음,교차로 - 교차로부근,화물,남,59세,상해없음,승용,여,43세,경상
2017102500100111,2017년 10월 25일 07시,수요일,제주특별자치도 제주시 일도이동,경상사고,0,0,2,0,차대차 - 추돌,안전거리미확보,건조,맑음,단일로 - 기타,승용,남,70세,상해없음,승용,여,39세,경상
2017102500100159,2017년 10월 25일 08시,수요일,제주특별자치도 서귀포시 상효동,경상사고,0,0,1,0,차대차 - 추돌,안전운전불이행,건조,맑음,단일로 - 기타,화물,남,29세,상해없음,승용,여,52세,경상
2017102500100242,2017년 10월 25일 10시,수요일,제주특별자치도 제주시 일도일동,중상사고,0,1,0,0,차량단독 - 기타,안전운전불이행,기타,맑음,단일로 - 기타,승용,남,50세,상해없음,,,,
2017102500100243,2017년 10월 25일 10시,수요일,제주특별자치도 서귀포시 신효동,경상사고,0,0,1,0,차대차 - 정면충돌,안전운전불이행,건조,맑음,단일로 - 기타,화물,여,69세,상해없음,이륜,남,85세,경상
2017102500100378,2017년 10월 25일 14시,수요일,제주특별자치도 제주시 노형동,경상사고,0,0,1,0,차대차 - 후진중충돌,안전운전불이행,건조,맑음,단일로 - 기타,승용,남,66세,상해없음,승용,남,43세,상해없음
2017102500100419,2017년 10월 25일 15시,수요일,제주특별자치도 제주시 건입동,중상사고,0,1,0,0,차대사람 - 횡단중,보행자보호의무위반,건조,맑음,교차로 - 교차로횡단보도내,승용,여,29세,상해없음,보행자,여,81세,중상
2017102500100455,2017년 10월 25일 16시,수요일,제주특별자치도 제주시 오라이동,경상사고,0,0,4,0,차대차 - 추돌,안전거리미확보,건조,맑음,교차로 - 교차로안,승용,남,31세,상해없음,승용,남,34세,경상
2017102500100619,2017년 10월 25일 19시,수요일,제주특별자치도 제주시 화북이동,중상사고,0,1,2,0,차대차 - 추돌,안전운전불이행,건조,맑음,교차로 - 교차로부근,승용,남,56세,상해없음,승용,남,43세,경상
2017102500100687,2017년 10월 25일 21시,수요일,제주특별자치도 서귀포시 강정동,경상사고,0,0,4,0,차대차 - 측면충돌,직진우회전진행방해,건조,맑음,교차로 - 교차로안,승용,남,57세,경상,승용,여,26세,경상
2017102500100716,2017년 10월 25일 22시,수요일,제주특별자치도 서귀포시 대정읍,중상사고,0,1,0,0,차대사람 - 횡단중,안전운전불이행,건조,맑음,단일로 - 기타,승용,여,56세,상해없음,보행자,여,61세,중상
2017102600100226,2017년 10월 26일 11시,목요일,제주특별자치도 제주시 이도이동,경상사고,0,0,2,0,차대차 - 추돌,안전거리미확보,건조,맑음,단일로 - 기타,승용,남,61세,상해없음,승용,여,54세,경상
2017102600100357,2017년 10월 26일 15시,목요일,제주특별자치도 제주시 연동,경상사고,0,0,1,0,차대사람 - 기타,안전운전불이행,건조,맑음,단일로 - 기타,승용,여,39세,상해없음,보행자,여,40세,경상
2017102600100358,2017년 10월 26일 15시,목요일,제주특별자치도 제주시 노형동,중상사고,0,1,0,0,차량단독 - 전도전복,안전운전불이행,건조,맑음,단일로 - 기타,화물,남,32세,중상,미분류,미분류,미분류,미분류
2017102600100431,2017년 10월 26일 17시,목요일,제주특별자치도 서귀포시 서귀동,중상사고,0,1,0,0,차대차 - 측면충돌,신호위반,건조,맑음,교차로 - 교차로안,이륜,남,56세,중상,화물,남,51세,상해없음
2017102600100573,2017년 10월 26일 20시,목요일,제주특별자치도 제주시 노형동,경상사고,0,0,1,1,차대차 - 측면충돌,안전운전불이행,건조,맑음,단일로 - 기타,승용,여,38세,부상신고,화물,남,41세,상해없음
2017102600100621,2017년 10월 26일 22시,목요일,제주특별자치도 제주시 삼도일동,경상사고,0,0,1,0,차대차 - 기타,안전운전불이행,건조,맑음,단일로 - 기타,화물,남,55세,상해없음,승용,여,62세,경상
2017102700100085,2017년 10월 27일 06시,금요일,제주특별자치도 제주시 구좌읍,경상사고,0,0,1,0,차대차 - 기타,안전거리미확보,건조,맑음,단일로 - 기타,승용,남,53세,경상,화물,남,50세,상해없음
2017102700100114,2017년 10월 27일 07시,금요일,제주특별자치도 서귀포시 표선면,중상사고,0,1,0,0,차대차 - 기타,차로위반,건조,맑음,단일로 - 기타,특수,남,35세,상해없음,승용,남,28세,중상
2017102700100164,2017년 10월 27일 08시,금요일,제주특별자치도 서귀포시 표선면,경상사고,0,0,1,0,차대차 - 측면충돌,안전운전불이행,건조,맑음,단일로 - 기타,이륜,남,78세,경상,승용,여,45세,상해없음
2017102700100275,2017년 10월 27일 11시,금요일,제주특별자치도 서귀포시 남원읍,경상사고,0,0,2,0,차대차 - 측면충돌,직진우회전진행방해,건조,맑음,교차로 - 교차로안,승용,남,51세,경상,승용,여,64세,경상
2017102700100308,2017년 10월 27일 12시,금요일,제주특별자치도 제주시 이도일동,경상사고,0,0,1,0,차대차 - 기타,안전거리미확보,건조,맑음,단일로 - 기타,승용,남,49세,상해없음,승합,남,48세,상해없음
2017102700100345,2017년 10월 27일 13시,금요일,제주특별자치도 제주시 한림읍,중상사고,0,1,0,0,차대차 - 측면충돌,교차로운행방법위반,건조,맑음,교차로 - 교차로안,화물,남,24세,상해없음,이륜,여,72세,중상
2017102700100419,2017년 10월 27일 15시,금요일,제주특별자치도 제주시 연동,중상사고,0,1,0,0,차대차 - 추돌,안전운전불이행,건조,맑음,기타 - 기타,승합,남,51세,상해없음,승용,여,27세,중상
2017102700100505,2017년 10월 27일 17시,금요일,제주특별자치도 제주시 화북이동,경상사고,0,0,1,0,차대차 - 정면충돌,안전운전불이행,건조,맑음,단일로 - 기타,건설기계,남,43세,상해없음,승용,남,42세,경상
2017102700100580,2017년 10월 27일 18시,금요일,제주특별자치도 제주시 한림읍,부상신고사고,0,0,0,1,차대차 - 기타,안전운전불이행,건조,맑음,교차로 - 교차로안,승합,남,47세,상해없음,화물,남,55세,상해없음
2017102700100695,2017년 10월 27일 20시,금요일,제주특별자치도 서귀포시 대정읍,경상사고,0,0,1,0,차대차 - 측면충돌,교차로운행방법위반,건조,맑음,교차로 - 교차로안,승용,남,61세,경상,승용,남,69세,상해없음
2017102700100726,2017년 10월 27일 21시,금요일,제주특별자치도 제주시 이도이동,경상사고,0,0,1,0,차대차 - 기타,안전거리미확보,건조,맑음,교차로 - 교차로안,승용,여,53세,상해없음,승용,여,34세,경상
2017102700100727,2017년 10월 27일 21시,금요일,제주특별자치도 제주시 연동,경상사고,0,0,1,0,차대사람 - 기타,안전운전불이행,건조,흐림,기타 - 기타,승용,남,24세,상해없음,보행자,남,37세,경상
2017102800100035,2017년 10월 28일 00시,토요일,제주특별자치도 서귀포시 강정동,중상사고,0,1,0,0,차대사람 - 기타,보행자보호의무위반,건조,맑음,교차로 - 교차로안,승용,여,24세,상해없음,보행자,남,33세,중상
2017102800100036,2017년 10월 28일 00시,토요일,제주특별자치도 제주시 연동,중상사고,0,1,0,0,차대차 - 정면충돌,안전운전불이행,건조,맑음,단일로 - 기타,승용,여,53세,상해없음,이륜,남,17세,중상
2017102800100106,2017년 10월 28일 05시,토요일,제주특별자치도 제주시 노형동,중상사고,0,1,5,0,차대차 - 측면충돌,신호위반,건조,맑음,교차로 - 교차로안,승합,여,52세,경상,화물,남,58세,중상
2017102800100127,2017년 10월 28일 06시,토요일,제주특별자치도 서귀포시 안덕면,부상신고사고,0,0,0,1,차량단독 - 공작물충돌,안전운전불이행,건조,맑음,단일로 - 기타,승용,남,30세,상해없음,,,,
2017102800100174,2017년 10월 28일 08시,토요일,제주특별자치도 제주시 일도이동,경상사고,0,0,1,0,차대차 - 측면충돌,교차로운행방법위반,건조,맑음,교차로 - 교차로안,승용,남,67세,상해없음,승용,남,68세,경상
2017102800100407,2017년 10월 28일 14시,토요일,제주특별자치도 제주시 조천읍,중상사고,0,1,0,0,차대차 - 기타,중앙선침범,젖음/습기,비,단일로 - 기타,이륜,남,34세,중상,승용,여,41세,상해없음
2017102800100466,2017년 10월 28일 15시,토요일,제주특별자치도 제주시 오등동,중상사고,0,1,0,0,차대사람 - 기타,안전운전불이행,젖음/습기,비,단일로 - 기타,승용,남,46세,상해없음,보행자,여,46세,중상
2017102800100513,2017년 10월 28일 16시,토요일,제주특별자치도 제주시 도련일동,경상사고,0,0,1,1,차대차 - 추돌,안전운전불이행,건조,맑음,단일로 - 기타,승용,여,41세,상해없음,승용,여,33세,경상
2017102800100560,2017년 10월 28일 17시,토요일,제주특별자치도 서귀포시 안덕면,경상사고,0,0,1,0,차대차 - 측면충돌,안전운전불이행,건조,맑음,교차로 - 교차로횡단보도내,승용,남,65세,상해없음,자전거,남,67세,경상
2017102800100561,2017년 10월 28일 17시,토요일,제주특별자치도 서귀포시 성산읍,경상사고,0,0,2,0,차대차 - 측면충돌,직진우회전진행방해,건조,맑음,교차로 - 교차로안,승용,남,63세,상해없음,승용,남,25세,경상
2017102800100562,2017년 10월 28일 17시,토요일,제주특별자치도 제주시 애월읍,중상사고,0,1,0,0,차대차 - 기타,직진우회전진행방해,건조,흐림,교차로 - 교차로안,농기계,남,81세,중상,승용,여,49세,상해없음
2017102800100618,2017년 10월 28일 18시,토요일,제주특별자치도 제주시 외도이동,경상사고,0,0,1,0,차대사람 - 횡단중,안전운전불이행,건조,맑음,교차로 - 교차로안,승용,여,51세,상해없음,보행자,남,8세,경상
2017102800100672,2017년 10월 28일 19시,토요일,제주특별자치도 제주시 삼도이동,경상사고,0,0,1,0,차대차 - 기타,안전거리미확보,건조,맑음,단일로 - 기타,승용,남,52세,상해없음,이륜,남,62세,경상
2017102800100720,2017년 10월 28일 20시,토요일,제주특별자치도 서귀포시 중문동,중상사고,0,1,0,0,차대사람 - 차도통행중,안전운전불이행,건조,맑음,주차장 - 주차장,승용,남,44세,상해없음,보행자,남,50세,중상
2017102800100721,2017년 10월 28일 20시,토요일,제주특별자치도 제주시 노형동,경상사고,0,0,3,0,차대차 - 기타,신호위반,건조,맑음,교차로 - 교차로안,승합,남,45세,상해없음,승용,여,45세,경상
2017102900100092,2017년 10월 29일 05시,일요일,제주특별자치도 제주시 이도일동,경상사고,0,0,1,0,차대차 - 기타,교차로운행방법위반,건조,맑음,교차로 - 교차로안,승용,남,21세,상해없음,승용,여,53세,경상
2017102900100125,2017년 10월 29일 08시,일요일,제주특별자치도 제주시 오라일동,경상사고,0,0,3,0,차대차 - 기타,교차로운행방법위반,건조,맑음,교차로 - 교차로안,승용,남,54세,경상,승용,남,23세,경상
2017102900100209,2017년 10월 29일 12시,일요일,제주특별자치도 제주시 이도이동,중상사고,0,1,0,0,차대차 - 기타,안전운전불이행,건조,맑음,교차로 - 교차로안,승용,여,35세,상해없음,이륜,남,64세,중상
2017102900100210,2017년 10월 29일 12시,일요일,제주특별자치도 서귀포시 대정읍,경상사고,0,0,3,0,차대차 - 기타,중앙선침범,건조,맑음,교차로 - 교차로안,화물,남,59세,상해없음,승용,남,67세,경상
2017102900100266,2017년 10월 29일 14시,일요일,제주특별자치도 제주시 건입동,경상사고,0,0,1,0,차량단독 - 기타,안전운전불이행,건조,맑음,단일로 - 기타,승합,남,52세,상해없음,,,,
2017102900100303,2017년 10월 29일 15시,일요일,제주특별자치도 서귀포시 성산읍,중상사고,0,1,0,0,차대사람 - 기타,기타,건조,맑음,단일로 - 기타,화물,남,38세,상해없음,보행자,여,39세,중상
2017102900100335,2017년 10월 29일 16시,일요일,제주특별자치도 제주시 도련이동,중상사고,0,1,0,0,차대차 - 측면충돌,차로위반,건조,맑음,단일로 - 기타,화물,남,31세,상해없음,승용,여,54세,중상
2017102900100374,2017년 10월 29일 17시,일요일,제주특별자치도 서귀포시 안덕면,경상사고,0,0,1,0,차대사람 - 기타,안전운전불이행,건조,맑음,단일로 - 기타,승용,남,38세,상해없음,보행자,여,71세,경상
2017102900100425,2017년 10월 29일 18시,일요일,제주특별자치도 제주시 애월읍,경상사고,0,0,1,0,차대사람 - 횡단중,안전운전불이행,건조,맑음,교차로 - 교차로안,승용,남,25세,상해없음,보행자,남,50세,경상
2017102900100515,2017년 10월 29일 21시,일요일,제주특별자치도 제주시 삼양이동,경상사고,0,0,1,0,차대차 - 기타,교차로운행방법위반,건조,맑음,교차로 - 교차로안,이륜,남,16세,경상,승용,남,42세,상해없음
2017102900100535,2017년 10월 29일 22시,일요일,제주특별자치도 서귀포시 서호동,경상사고,0,0,2,0,차대차 - 측면충돌,신호위반,건조,맑음,교차로 - 교차로안,승용,남,25세,상해없음,승용,여,21세,경상
2017103000100123,2017년 10월 30일 07시,월요일,제주특별자치도 서귀포시 남원읍,중상사고,0,1,1,0,차대차 - 기타,안전운전불이행,건조,맑음,단일로 - 기타,승용,남,46세,경상,화물,남,49세,기타불명
2017103000100216,2017년 10월 30일 09시,월요일,제주특별자치도 제주시 건입동,경상사고,0,0,3,0,차대차 - 추돌,안전거리미확보,기타,맑음,단일로 - 기타,화물,남,54세,상해없음,화물,남,40세,경상
2017103000100248,2017년 10월 30일 10시,월요일,제주특별자치도 제주시 애월읍,중상사고,0,1,0,0,차대사람 - 기타,안전운전불이행,건조,맑음,교차로 - 교차로안,승용,남,26세,상해없음,보행자,여,90세 이상,중상
2017103000100249,2017년 10월 30일 10시,월요일,제주특별자치도 제주시 연동,경상사고,0,0,1,0,차대차 - 기타,안전운전불이행,건조,맑음,교차로 - 교차로안,승용,여,58세,상해없음,승용,여,32세,경상
2017103000100353,2017년 10월 30일 13시,월요일,제주특별자치도 제주시 아라이동,경상사고,0,0,2,0,차대차 - 기타,교차로운행방법위반,건조,맑음,교차로 - 교차로안,승합,남,43세,상해없음,승용,남,22세,경상
2017103000100400,2017년 10월 30일 14시,월요일,제주특별자치도 서귀포시 성산읍,경상사고,0,0,1,0,차대차 - 추돌,안전운전불이행,기타,맑음,단일로 - 기타,화물,남,45세,상해없음,승용,남,22세,경상
2017103000100547,2017년 10월 30일 17시,월요일,제주특별자치도 제주시 오라이동,중상사고,0,1,0,0,차대사람 - 횡단중,안전운전불이행,건조,맑음,단일로 - 기타,승용,남,35세,상해없음,보행자,여,63세,중상
2017103000100548,2017년 10월 30일 17시,월요일,제주특별자치도 제주시 용담이동,경상사고,0,0,3,0,차대차 - 추돌,안전운전불이행,건조,맑음,단일로 - 기타,승용,남,39세,경상,승용,남,54세,경상
2017103000100597,2017년 10월 30일 18시,월요일,제주특별자치도 서귀포시 성산읍,중상사고,0,1,0,0,차대차 - 측면충돌,직진우회전진행방해,건조,맑음,교차로 - 교차로안,승용,남,46세,상해없음,이륜,남,63세,중상
2017103000100598,2017년 10월 30일 18시,월요일,제주특별자치도 서귀포시 표선면,중상사고,0,1,0,0,차대사람 - 보도통행중,보행자보호의무위반,건조,맑음,교차로 - 교차로횡단보도내,승용,남,69세,상해없음,보행자,여,77세,중상
2017103000100719,2017년 10월 30일 21시,월요일,제주특별자치도 서귀포시 서귀동,중상사고,0,1,0,0,차대차 - 기타,교차로운행방법위반,건조,맑음,교차로 - 교차로안,승합,남,56세,상해없음,이륜,여,62세,중상
2017103100100107,2017년 10월 31일 07시,화요일,제주특별자치도 서귀포시 남원읍,중상사고,0,1,2,1,차대차 - 측면충돌,직진우회전진행방해,건조,맑음,교차로 - 교차로안,화물,남,70세,부상신고,승합,남,45세,경상
2017103100100160,2017년 10월 31일 08시,화요일,제주특별자치도 제주시 노형동,경상사고,0,0,1,0,차대차 - 추돌,안전운전불이행,건조,맑음,교차로 - 교차로안,승용,여,30세,상해없음,승용,남,70세,경상
2017103100100284,2017년 10월 31일 11시,화요일,제주특별자치도 서귀포시 동홍동,중상사고,0,1,0,0,차대차 - 기타,신호위반,건조,맑음,교차로 - 교차로안,화물,남,65세,기타불명,이륜,여,64세,중상
2017103100100285,2017년 10월 31일 11시,화요일,제주특별자치도 제주시 연동,경상사고,0,0,1,0,차대차 - 추돌,안전운전불이행,건조,맑음,단일로 - 기타,승용,남,50세,상해없음,승용,여,34세,경상
2017103100100317,2017년 10월 31일 12시,화요일,제주특별자치도 서귀포시 동홍동,경상사고,0,0,1,0,차대차 - 추돌,안전운전불이행,건조,맑음,교차로 - 교차로부근,승용,남,56세,상해없음,승용,남,35세,경상
2017103100100401,2017년 10월 31일 14시,화요일,제주특별자치도 제주시 건입동,경상사고,0,0,1,0,차대사람 - 기타,보행자보호의무위반,건조,맑음,교차로 - 교차로횡단보도내,승용,여,26세,상해없음,보행자,남,8세,경상
2017103100100402,2017년 10월 31일 14시,화요일,제주특별자치도 서귀포시 성산읍,사망사고,1,0,0,0,차대사람 - 횡단중,안전운전불이행,건조,맑음,교차로 - 교차로안,화물,남,63세,상해없음,보행자,여,86세,사망
2017103100100448,2017년 10월 31일 15시,화요일,제주특별자치도 서귀포시 성산읍,중상사고,0,1,0,0,차량단독 - 기타,안전운전불이행,건조,맑음,단일로 - 기타,승용,남,27세,상해없음,,,,
2017103100100449,2017년 10월 31일 15시,화요일,제주특별자치도 제주시 노형동,경상사고,0,0,1,0,차대차 - 추돌,안전거리미확보,건조,맑음,단일로 - 기타,화물,남,64세,상해없음,승용,여,41세,경상
2017103100100493,2017년 10월 31일 16시,화요일,제주특별자치도 서귀포시 호근동,중상사고,0,1,0,0,차량단독 - 기타,안전운전불이행,건조,맑음,단일로 - 기타,승용,여,56세,상해없음,,,,
2017103100100598,2017년 10월 31일 18시,화요일,제주특별자치도 제주시 이도이동,경상사고,0,0,1,0,차대차 - 측면충돌,안전운전불이행,건조,기타,교차로 - 교차로부근,이륜,남,39세,경상,승용,여,36세,상해없음
2017103100100599,2017년 10월 31일 18시,화요일,제주특별자치도 제주시 이도이동,경상사고,0,0,1,0,차량단독 - 기타,기타,건조,맑음,단일로 - 기타,승합,남,41세,상해없음,,,,
2017103100100643,2017년 10월 31일 19시,화요일,제주특별자치도 제주시 오라이동,경상사고,0,0,3,0,차대차 - 추돌,안전운전불이행,건조,맑음,단일로 - 기타,승용,남,26세,상해없음,승용,남,22세,경상
2017103100100644,2017년 10월 31일 19시,화요일,제주특별자치도 제주시 한림읍,경상사고,0,0,1,0,차대사람 - 길가장자리구역통행중,안전운전불이행,건조,맑음,단일로 - 기타,승용,남,64세,상해없음,보행자,여,73세,경상
2017103100100676,2017년 10월 31일 20시,화요일,제주특별자치도 제주시 아라일동,중상사고,0,1,0,0,차량단독 - 기타,기타,건조,맑음,단일로 - 기타,승합,남,41세,상해없음,,,,
2017103100100706,2017년 10월 31일 21시,화요일,제주특별자치도 서귀포시 대포동,경상사고,0,0,1,0,차대차 - 측면충돌,차로위반,건조,맑음,교차로 - 교차로부근,승용,남,53세,상해없음,승용,남,33세,경상
2017110100100067,2017년 11월 1일 02시,수요일,제주특별자치도 서귀포시 안덕면,경상사고,0,0,1,0,차량단독 - 기타,안전운전불이행,건조,맑음,단일로 - 기타,화물,여,22세,경상,,,,
2017110100100172,2017년 11월 1일 08시,수요일,제주특별자치도 제주시 노형동,경상사고,0,0,1,0,차대차 - 추돌,교차로운행방법위반,건조,맑음,교차로 - 교차로안,승용,여,46세,상해없음,승용,여,53세,경상
2017110100100230,2017년 11월 1일 10시,수요일,제주특별자치도 제주시 연동,경상사고,0,0,1,0,차대사람 - 기타,안전운전불이행,건조,맑음,주차장 - 주차장,승합,남,43세,상해없음,보행자,남,47세,경상
2017110100100264,2017년 11월 1일 11시,수요일,제주특별자치도 제주시 삼도일동,경상사고,0,0,1,0,차대사람 - 횡단중,안전운전불이행,건조,맑음,단일로 - 기타,승용,여,71세,상해없음,보행자,여,50세,경상
2017110100100265,2017년 11월 1일 11시,수요일,제주특별자치도 서귀포시 동홍동,중상사고,0,1,0,0,차량단독 - 공작물충돌,안전운전불이행,건조,맑음,단일로 - 기타,화물,남,48세,상해없음,,,,
2017110100100330,2017년 11월 1일 13시,수요일,제주특별자치도 서귀포시 대정읍,경상사고,0,0,1,0,차대차 - 측면충돌,직진우회전진행방해,건조,맑음,교차로 - 교차로안,자전거,남,90세 이상,경상,승용,남,46세,상해없음
2017110100100331,2017년 11월 1일 13시,수요일,제주특별자치도 제주시 애월읍,중상사고,0,11,11,8,차대차 - 기타,안전운전불이행,건조,맑음,교차로 - 교차로부근,승합,남,51세,부상신고,화물,남,44세,중상
2017110100100436,2017년 11월 1일 16시,수요일,제주특별자치도 서귀포시 대정읍,경상사고,0,0,1,0,차대차 - 기타,불법유턴,건조,맑음,교차로 - 교차로안,자전거,남,12세,경상,화물,남,30세,상해없음
2017110100100437,2017년 11월 1일 16시,수요일,제주특별자치도 서귀포시 안덕면,중상사고,0,1,1,0,차대차 - 측면충돌,직진우회전진행방해,건조,맑음,교차로 - 교차로안,화물,남,50세,경상,화물,남,47세,상해없음
2017110100100483,2017년 11월 1일 17시,수요일,제주특별자치도 제주시 구좌읍,경상사고,0,0,1,0,차대차 - 정면충돌,중앙선침범,건조,맑음,단일로 - 기타,자전거,여,43세,경상,승용,남,55세,상해없음
2017110100100566,2017년 11월 1일 18시,수요일,제주특별자치도 제주시 아라이동,중상사고,0,1,0,0,차대사람 - 횡단중,보행자보호의무위반,건조,맑음,단일로 - 기타,승용,여,60세,상해없음,보행자,여,20세,중상
2017110100100567,2017년 11월 1일 18시,수요일,제주특별자치도 제주시 이도이동,경상사고,0,0,2,0,차대차 - 측면충돌,직진우회전진행방해,건조,기타,교차로 - 교차로안,승용,여,48세,경상,승용,남,39세,경상
2017110100100618,2017년 11월 1일 19시,수요일,제주특별자치도 제주시 이도이동,경상사고,0,0,1,0,차대차 - 기타,기타,건조,맑음,단일로 - 기타,승용,남,63세,상해없음,이륜,남,29세,경상
2017110100100730,2017년 11월 1일 23시,수요일,제주특별자치도 서귀포시 도순동,중상사고,0,1,0,0,차량단독 - 공작물충돌,안전운전불이행,건조,맑음,단일로 - 기타,이륜,남,35세,중상,,,,
2017110200100086,2017년 11월 2일 06시,목요일,제주특별자치도 제주시 일도일동,중상사고,0,1,0,0,차대사람 - 기타,보행자보호의무위반,건조,맑음,교차로 - 교차로횡단보도내,화물,남,44세,상해없음,보행자,남,49세,중상
2017110200100108,2017년 11월 2일 07시,목요일,제주특별자치도 제주시 구좌읍,사망사고,1,0,0,0,차대차 - 추돌,안전운전불이행,건조,맑음,단일로 - 기타,승용,남,36세,상해없음,농기계,남,87세,사망
2017110200100132,2017년 11월 2일 08시,목요일,제주특별자치도 서귀포시 대정읍,경상사고,0,0,1,0,차대차 - 기타,직진우회전진행방해,건조,맑음,교차로 - 교차로안,승용,여,42세,경상,화물,남,59세,상해없음
2017110200100174,2017년 11월 2일 09시,목요일,제주특별자치도 제주시 노형동,경상사고,0,0,1,0,차대차 - 기타,안전운전불이행,건조,맑음,주차장 - 주차장,승용,남,33세,상해없음,승용,여,44세,경상
2017110200100220,2017년 11월 2일 11시,목요일,제주특별자치도 제주시 구좌읍,경상사고,0,0,1,0,차대사람 - 기타,안전운전불이행,건조,맑음,주차장 - 주차장,승용,남,36세,상해없음,보행자,여,49세,경상
2017110200100268,2017년 11월 2일 13시,목요일,제주특별자치도 제주시 노형동,중상사고,0,1,0,0,차대차 - 기타,안전거리미확보,건조,맑음,단일로 - 기타,승용,여,19세,상해없음,승용,여,55세,중상
2017110200100289,2017년 11월 2일 14시,목요일,제주특별자치도 서귀포시 안덕면,경상사고,0,0,1,0,차대사람 - 기타,안전운전불이행,건조,맑음,단일로 - 기타,승용,남,45세,상해없음,보행자,남,54세,경상
2017110200100324,2017년 11월 2일 15시,목요일,제주특별자치도 서귀포시 대정읍,중상사고,0,1,0,0,차대차 - 측면충돌,안전운전불이행,건조,맑음,단일로 - 기타,이륜,남,84세,중상,승용,남,68세,상해없음
2017110200100555,2017년 11월 2일 21시,목요일,제주특별자치도 제주시 일도이동,경상사고,0,0,1,0,차대사람 - 횡단중,안전운전불이행,건조,맑음,단일로 - 기타,승용,남,49세,상해없음,보행자,여,56세,경상
2017110200100556,2017년 11월 2일 21시,목요일,제주특별자치도 제주시 오라일동,경상사고,0,0,2,0,차대차 - 측면충돌,직진우회전진행방해,건조,기타,교차로 - 교차로안,승용,남,63세,경상,승용,남,37세,경상
2017110300100174,2017년 11월 3일 08시,금요일,제주특별자치도 제주시 이호이동,경상사고,0,0,1,0,차대차 - 기타,신호위반,건조,맑음,교차로 - 교차로안,화물,남,56세,상해없음,승용,남,57세,경상
2017110300100218,2017년 11월 3일 09시,금요일,제주특별자치도 서귀포시 법환동,부상신고사고,0,0,0,1,차대차 - 기타,차로위반,건조,맑음,단일로 - 기타,이륜,남,20세,부상신고,승용,여,37세,상해없음
2017110300100259,2017년 11월 3일 10시,금요일,제주특별자치도 제주시 애월읍,경상사고,0,0,2,0,차대차 - 측면충돌,기타,건조,맑음,교차로 - 교차로안,승용,남,41세,상해없음,화물,남,66세,경상
2017110300100292,2017년 11월 3일 11시,금요일,제주특별자치도 제주시 애월읍,부상신고사고,0,0,0,1,차대차 - 측면충돌,안전거리미확보,건조,맑음,단일로 - 기타,건설기계,남,36세,상해없음,승용,남,52세,부상신고
2017110300100325,2017년 11월 3일 12시,금요일,제주특별자치도 제주시 이도이동,부상신고사고,0,0,0,1,차대차 - 측면충돌,직진우회전진행방해,건조,맑음,교차로 - 교차로안,이륜,남,73세,부상신고,승용,여,47세,상해없음
2017110300100326,2017년 11월 3일 12시,금요일,제주특별자치도 제주시 애월읍,경상사고,0,0,1,1,차대차 - 추돌,안전거리미확보,건조,맑음,단일로 - 기타,화물,남,37세,경상,승용,남,24세,부상신고
2017110300100385,2017년 11월 3일 14시,금요일,제주특별자치도 제주시 연동,경상사고,0,0,1,0,차대차 - 기타,안전운전불이행,건조,맑음,단일로 - 기타,자전거,남,20세,경상,승용,남,60세,상해없음