사고번호,사고일시,요일,시군구,사고내용,사망자수,중상자수,경상자수,부상신고자수,사고유형,법규위반,노면상태,기상상태,도로형태,가해운전자 차종,가해운전자 성별,가해운전자 연령,가해운전자 상해정도,피해운전자 차종,피해운전자 성별,피해운전자 연령,피해운전자 상해정도
2017111200100433,2017년 11월 12일 18시,일요일,제주특별자치도 제주시 화북일동,경상사고,0,0,1,0,차대차 - 기타,교차로운행방법위반,건조,맑음,교차로 - 교차로안,이륜,남,17세,경상,승용,남,54세,상해없음
2017111200100434,2017년 11월 12일 18시,일요일,제주특별자치도 서귀포시 동홍동,경상사고,0,0,1,0,차대차 - 기타,직진우회전진행방해,건조,맑음,교차로 - 교차로안,이륜,남,78세,경상,승용,남,46세,상해없음
2017111200100435,2017년 11월 12일 18시,일요일,제주특별자치도 서귀포시 동홍동,중상사고,0,1,0,0,차대차 - 측면충돌,직진우회전진행방해,건조,맑음,교차로 - 교차로안,화물,남,49세,중상,승용,여,56세,상해없음
2017111200100464,2017년 11월 12일 19시,일요일,제주특별자치도 제주시 조천읍,경상사고,0,0,2,0,차대차 - 측면충돌,안전운전불이행,건조,맑음,단일로 - 기타,승용,남,28세,경상,승용,남,48세,경상
2017111200100465,2017년 11월 12일 19시,일요일,제주특별자치도 제주시 용담이동,부상신고사고,0,0,0,1,차대차 - 기타,직진우회전진행방해,건조,흐림,교차로 - 교차로안,화물,남,67세,상해없음,승용,여,41세,부상신고
2017111200100466,2017년 11월 12일 19시,일요일,제주특별자치도 제주시 애월읍,중상사고,0,1,0,0,차대차 - 추돌,안전운전불이행,건조,맑음,단일로 - 기타,승용,여,22세,상해없음,화물,여,62세,중상
2017111200100524,2017년 11월 12일 21시,일요일,제주특별자치도 제주시 일도이동,경상사고,0,0,1,0,차대사람 - 기타,안전운전불이행,건조,기타,교차로 - 교차로안,승용,여,62세,상해없음,보행자,남,43세,경상
2017111200100525,2017년 11월 12일 21시,일요일,제주특별자치도 서귀포시 동홍동,경상사고,0,0,1,0,차대차 - 기타,신호위반,건조,맑음,교차로 - 교차로안,승용,남,32세,상해없음,승용,남,60세,경상
2017111300100035,2017년 11월 13일 01시,월요일,제주특별자치도 제주시 이도이동,경상사고,0,0,1,0,차대차 - 기타,직진우회전진행방해,건조,맑음,교차로 - 교차로부근,승용,남,27세,상해없음,승용,남,28세,상해없음
2017111300100077,2017년 11월 13일 06시,월요일,제주특별자치도 제주시 이도일동,경상사고,0,0,1,0,차대차 - 기타,안전거리미확보,건조,맑음,교차로 - 교차로부근,승용,남,29세,상해없음,승용,남,63세,경상
2017111300100078,2017년 11월 13일 06시,월요일,제주특별자치도 제주시 연동,경상사고,0,0,1,0,차대사람 - 횡단중,안전운전불이행,건조,맑음,단일로 - 기타,승용,여,63세,상해없음,보행자,여,22세,경상
2017111300100143,2017년 11월 13일 08시,월요일,제주특별자치도 제주시 애월읍,경상사고,0,0,2,1,차대차 - 기타,과속,건조,맑음,교차로 - 교차로안,승용,남,40세,경상,승용,여,28세,경상
2017111300100177,2017년 11월 13일 09시,월요일,제주특별자치도 제주시 연동,중상사고,0,1,0,0,차대차 - 기타,신호위반,건조,맑음,교차로 - 교차로횡단보도내,건설기계,남,45세,상해없음,자전거,남,79세,중상
2017111300100211,2017년 11월 13일 10시,월요일,제주특별자치도 제주시 연동,부상신고사고,0,0,0,1,차대차 - 기타,교차로운행방법위반,건조,맑음,교차로 - 교차로안,승용,남,59세,상해없음,승용,남,40세,부상신고
2017111300100252,2017년 11월 13일 11시,월요일,제주특별자치도 제주시 한림읍,부상신고사고,0,0,0,1,차대차 - 기타,교차로운행방법위반,건조,맑음,교차로 - 교차로안,승용,여,29세,상해없음,화물,남,42세,부상신고
2017111300100283,2017년 11월 13일 12시,월요일,제주특별자치도 서귀포시 서귀동,부상신고사고,0,0,0,1,차대차 - 기타,안전운전불이행,건조,맑음,교차로 - 교차로부근,승합,남,51세,상해없음,승용,남,33세,부상신고
2017111300100374,2017년 11월 13일 15시,월요일,제주특별자치도 제주시 조천읍,경상사고,0,0,1,0,차량단독 - 도로외이탈 - 기타,안전운전불이행,건조,맑음,단일로 - 기타,승용,남,19세,상해없음,,,,
2017111300100375,2017년 11월 13일 15시,월요일,제주특별자치도 제주시 삼양이동,경상사고,0,0,1,0,차대차 - 측면충돌,교차로운행방법위반,건조,맑음,교차로 - 교차로안,승용,여,56세,상해없음,승용,남,65세,상해없음
2017111300100508,2017년 11월 13일 18시,월요일,제주특별자치도 제주시 애월읍,경상사고,0,0,1,2,차대차 - 측면충돌,직진우회전진행방해,건조,흐림,교차로 - 교차로안,승용,여,39세,상해없음,승용,여,46세,부상신고
2017111300100603,2017년 11월 13일 21시,월요일,제주특별자치도 서귀포시 대정읍,경상사고,0,0,1,0,차대사람 - 기타,안전운전불이행,건조,맑음,교차로 - 교차로안,승용,남,26세,상해없음,보행자,남,40세,경상
2017111300100658,2017년 11월 13일 23시,월요일,제주특별자치도 서귀포시 신효동,부상신고사고,0,0,0,2,차대차 - 측면충돌,차로위반,건조,맑음,단일로 - 기타,승용,여,32세,상해없음,승용,여,33세,부상신고
2017111400100030,2017년 11월 14일 00시,화요일,제주특별자치도 제주시 연동,경상사고,0,0,1,0,차대사람 - 기타,안전운전불이행,건조,맑음,단일로 - 기타,승용,여,57세,상해없음,보행자,여,54세,경상
2017111400100103,2017년 11월 14일 07시,화요일,제주특별자치도 서귀포시 강정동,경상사고,0,0,2,0,차대차 - 측면충돌,교차로운행방법위반,건조,맑음,교차로 - 교차로안,화물,남,70세,경상,승용,남,39세,경상
2017111400100142,2017년 11월 14일 08시,화요일,제주특별자치도 서귀포시 성산읍,경상사고,0,0,1,0,차대사람 - 기타,안전운전불이행,건조,맑음,단일로 - 기타,승용,여,50세,상해없음,보행자,여,52세,경상
2017111400100182,2017년 11월 14일 09시,화요일,제주특별자치도 제주시 이도일동,경상사고,0,0,1,0,차대사람 - 기타,안전운전불이행,건조,맑음,단일로 - 기타,화물,남,36세,상해없음,보행자,남,49세,경상
2017111400100213,2017년 11월 14일 10시,화요일,제주특별자치도 제주시 이도이동,중상사고,0,1,0,0,차대차 - 측면충돌,교차로운행방법위반,건조,맑음,교차로 - 교차로안,승용,여,26세,상해없음,이륜,남,64세,중상
2017111400100261,2017년 11월 14일 12시,화요일,제주특별자치도 서귀포시 남원읍,경상사고,0,0,3,1,차대차 - 측면충돌,직진우회전진행방해,건조,맑음,교차로 - 교차로안,화물,남,54세,상해없음,승용,여,55세,경상
2017111400100300,2017년 11월 14일 13시,화요일,제주특별자치도 제주시 연동,경상사고,0,0,1,0,차대차 - 추돌,안전거리미확보,건조,맑음,단일로 - 기타,승용,남,47세,상해없음,승용,남,39세,경상
2017111400100459,2017년 11월 14일 17시,화요일,제주특별자치도 제주시 일도이동,경상사고,0,0,1,0,차대사람 - 기타,안전운전불이행,기타,맑음,기타 - 기타,승용,여,47세,상해없음,보행자,여,81세,경상
2017111400100460,2017년 11월 14일 17시,화요일,제주특별자치도 서귀포시 표선면,중상사고,0,1,0,0,차대사람 - 보도통행중,안전운전불이행,건조,맑음,단일로 - 기타,승용,여,61세,상해없음,보행자,여,79세,중상
2017111400100516,2017년 11월 14일 18시,화요일,제주특별자치도 서귀포시 성산읍,경상사고,0,0,4,0,차대차 - 추돌,안전운전불이행,건조,맑음,단일로 - 기타,화물,남,28세,상해없음,승용,여,51세,경상
2017111400100517,2017년 11월 14일 18시,화요일,제주특별자치도 제주시 연동,중상사고,0,1,0,0,차대차 - 기타,안전운전불이행,건조,맑음,단일로 - 기타,이륜,남,36세,상해없음,자전거,남,55세,중상
2017111400100595,2017년 11월 14일 20시,화요일,제주특별자치도 제주시 조천읍,경상사고,0,0,1,0,차량단독 - 기타,안전운전불이행,건조,맑음,단일로 - 기타,승용,여,59세,경상,,,,
2017111400100653,2017년 11월 14일 22시,화요일,제주특별자치도 제주시 삼도이동,경상사고,0,0,3,0,차대차 - 측면충돌,교차로운행방법위반,건조,맑음,교차로 - 교차로안,승용,남,25세,경상,승용,남,49세,경상
2017111500100097,2017년 11월 15일 06시,수요일,제주특별자치도 제주시 화북일동,경상사고,0,0,2,0,차대차 - 측면충돌,교차로운행방법위반,건조,맑음,교차로 - 교차로안,화물,남,58세,경상,승용,남,55세,경상
2017111500100162,2017년 11월 15일 08시,수요일,제주특별자치도 서귀포시 대정읍,경상사고,0,0,2,0,차대차 - 기타,안전운전불이행,건조,맑음,교차로 - 교차로부근,화물,남,25세,상해없음,화물,남,50세,경상
2017111500100163,2017년 11월 15일 08시,수요일,제주특별자치도 서귀포시 중문동,경상사고,0,0,1,0,차대차 - 측면충돌,안전운전불이행,건조,맑음,교차로 - 교차로안,승용,여,51세,경상,건설기계,남,55세,상해없음
2017111500100217,2017년 11월 15일 10시,수요일,제주특별자치도 제주시 오라이동,경상사고,0,0,1,0,차대차 - 기타,중앙선침범,건조,맑음,단일로 - 기타,건설기계,남,53세,상해없음,화물,남,48세,경상
2017111500100238,2017년 11월 15일 11시,수요일,제주특별자치도 제주시 도남동,중상사고,0,1,0,0,차대차 - 기타,신호위반,건조,흐림,교차로 - 교차로부근,승용,남,60세,상해없음,이륜,남,40세,중상
2017111500100320,2017년 11월 15일 13시,수요일,제주특별자치도 제주시 노형동,경상사고,0,0,1,0,차대사람 - 기타,안전운전불이행,건조,맑음,단일로 - 기타,승용,남,82세,상해없음,보행자,남,41세,경상
2017111500100365,2017년 11월 15일 14시,수요일,제주특별자치도 제주시 한림읍,중상사고,0,1,0,0,차대차 - 후진중충돌,안전운전불이행,건조,맑음,기타 - 기타,승용,남,62세,상해없음,자전거,남,49세,중상
2017111500100440,2017년 11월 15일 16시,수요일,제주특별자치도 제주시 이도이동,경상사고,0,0,1,0,차대사람 - 기타,안전운전불이행,건조,맑음,단일로 - 기타,승용,여,40세,상해없음,보행자,여,11세,경상
2017111500100485,2017년 11월 15일 17시,수요일,제주특별자치도 제주시 삼도이동,경상사고,0,0,1,0,차대차 - 기타,직진우회전진행방해,건조,기타,교차로 - 교차로안,이륜,남,60세,경상,화물,남,56세,상해없음
2017111500100617,2017년 11월 15일 20시,수요일,제주특별자치도 제주시 도남동,경상사고,0,0,1,0,차대사람 - 기타,안전운전불이행,건조,맑음,단일로 - 기타,승용,남,76세,상해없음,보행자,남,69세,경상
2017111500100618,2017년 11월 15일 20시,수요일,제주특별자치도 제주시 한림읍,경상사고,0,0,1,0,차대사람 - 길가장자리구역통행중,안전운전불이행,건조,맑음,단일로 - 기타,승합,여,54세,상해없음,보행자,남,27세,경상
2017111500100698,2017년 11월 15일 23시,수요일,제주특별자치도 서귀포시 서홍동,사망사고,1,0,0,0,차대사람 - 횡단중,안전운전불이행,건조,맑음,단일로 - 기타,승용,여,30세,상해없음,보행자,남,28세,사망
2017111600100242,2017년 11월 16일 11시,목요일,제주특별자치도 서귀포시 성산읍,부상신고사고,0,0,0,1,차대차 - 기타,안전운전불이행,건조,맑음,단일로 - 기타,승용,남,37세,상해없음,승용,남,34세,상해없음
2017111600100271,2017년 11월 16일 12시,목요일,제주특별자치도 제주시 도남동,경상사고,0,0,1,0,차대차 - 측면충돌,차로위반,건조,맑음,단일로 - 기타,화물,남,54세,상해없음,승용,남,37세,경상
2017111600100272,2017년 11월 16일 12시,목요일,제주특별자치도 서귀포시 성산읍,경상사고,0,0,1,1,차대차 - 측면충돌,안전운전불이행,건조,맑음,교차로 - 교차로안,승용,여,44세,부상신고,승용,여,25세,상해없음
2017111600100301,2017년 11월 16일 13시,목요일,제주특별자치도 서귀포시 하효동,부상신고사고,0,0,0,1,차대차 - 추돌,안전운전불이행,건조,맑음,교차로 - 교차로부근,승용,남,40세,상해없음,승용,여,35세,부상신고
2017111600100302,2017년 11월 16일 13시,목요일,제주특별자치도 서귀포시 남원읍,중상사고,0,1,0,0,차대차 - 기타,직진우회전진행방해,건조,맑음,교차로 - 교차로안,화물,남,49세,상해없음,이륜,남,37세,중상
2017111600100362,2017년 11월 16일 15시,목요일,제주특별자치도 서귀포시 표선면,부상신고사고,0,0,0,2,차대차 - 기타,직진우회전진행방해,건조,맑음,교차로 - 교차로안,승용,여,65세,부상신고,승용,남,73세,상해없음
2017111600100363,2017년 11월 16일 15시,목요일,제주특별자치도 제주시 연동,경상사고,0,0,1,0,차대사람 - 길가장자리구역통행중,안전운전불이행,건조,맑음,단일로 - 기타,승용,남,38세,상해없음,보행자,여,58세,경상
2017111600100431,2017년 11월 16일 17시,목요일,제주특별자치도 제주시 도남동,경상사고,0,0,1,0,차대차 - 측면충돌,안전운전불이행,기타,맑음,단일로 - 기타,이륜,남,73세,경상,화물,남,27세,상해없음
2017111600100531,2017년 11월 16일 19시,목요일,제주특별자치도 제주시 이도일동,경상사고,0,0,1,0,차대사람 - 횡단중,보행자보호의무위반,건조,맑음,단일로 - 기타,승용,남,61세,상해없음,보행자,여,50세,경상
2017111600100532,2017년 11월 16일 19시,목요일,제주특별자치도 제주시 이도일동,경상사고,0,0,1,0,차대사람 - 횡단중,보행자보호의무위반,건조,흐림,교차로 - 교차로부근,승용,여,37세,상해없음,보행자,남,6세,경상
2017111700100126,2017년 11월 17일 07시,금요일,제주특별자치도 제주시 노형동,경상사고,0,0,1,0,차대차 - 추돌,안전운전불이행,건조,맑음,단일로 - 기타,승용,남,31세,상해없음,승용,남,35세,경상
2017111700100201,2017년 11월 17일 09시,금요일,제주특별자치도 제주시 연동,경상사고,0,0,1,0,차대차 - 기타,안전운전불이행,건조,맑음,교차로 - 교차로안,승용,여,23세,상해없음,승용,남,42세,경상
2017111700100234,2017년 11월 17일 10시,금요일,제주특별자치도 제주시 이호이동,중상사고,0,2,0,1,차대사람 - 기타,안전운전불이행,건조,맑음,교차로 - 교차로부근,승용,여,48세,상해없음,보행자,남,44세,중상
2017111700100235,2017년 11월 17일 10시,금요일,제주특별자치도 제주시 외도일동,경상사고,0,0,1,0,차대차 - 추돌,교차로운행방법위반,건조,맑음,교차로 - 교차로안,승용,남,75세,상해없음,화물,여,47세,경상
2017111700100288,2017년 11월 17일 12시,금요일,제주특별자치도 제주시 일도이동,경상사고,0,0,1,0,차대사람 - 기타,기타,건조,맑음,단일로 - 기타,승용,여,45세,상해없음,보행자,여,57세,경상
2017111700100339,2017년 11월 17일 14시,금요일,제주특별자치도 제주시 용담일동,경상사고,0,0,1,0,차대차 - 기타,안전운전불이행,건조,흐림,교차로 - 교차로안,승용,여,24세,상해없음,승용,여,61세,경상
2017111700100371,2017년 11월 17일 15시,금요일,제주특별자치도 제주시 이도이동,부상신고사고,0,0,0,1,차대차 - 측면충돌,교차로운행방법위반,건조,맑음,교차로 - 교차로안,승합,여,49세,상해없음,자전거,남,15세,부상신고
2017111700100372,2017년 11월 17일 15시,금요일,제주특별자치도 제주시 조천읍,경상사고,0,0,1,0,차량단독 - 공작물충돌,안전운전불이행,기타,흐림,단일로 - 기타,이륜,남,74세,경상,,,,
2017111700100373,2017년 11월 17일 15시,금요일,제주특별자치도 제주시 일도이동,경상사고,0,0,2,0,차대차 - 기타,차로위반,젖음/습기,비,단일로 - 기타,승용,남,54세,경상,승용,여,53세,경상
2017111700100408,2017년 11월 17일 16시,금요일,제주특별자치도 제주시 노형동,경상사고,0,0,1,0,차대사람 - 횡단중,안전운전불이행,건조,맑음,교차로 - 교차로안,승용,여,37세,상해없음,보행자,여,12세,경상
2017111700100451,2017년 11월 17일 17시,금요일,제주특별자치도 제주시 도련이동,중상사고,0,1,1,0,차대차 - 측면충돌,교차로운행방법위반,젖음/습기,비,교차로 - 교차로안,승용,남,57세,상해없음,승용,여,37세,중상
2017111700100452,2017년 11월 17일 17시,금요일,제주특별자치도 서귀포시 남원읍,경상사고,0,0,1,0,차대차 - 기타,중앙선침범,젖음/습기,비,단일로 - 기타,화물,남,44세,상해없음,승합,남,49세,경상
2017111700100453,2017년 11월 17일 17시,금요일,제주특별자치도 제주시 노형동,경상사고,0,0,1,0,차대차 - 기타,안전운전불이행,건조,맑음,교차로 - 교차로부근,자전거,남,50세,경상,승용,남,55세,상해없음
2017111700100517,2017년 11월 17일 18시,금요일,제주특별자치도 제주시 조천읍,중상사고,0,1,1,0,차대차 - 기타,교차로운행방법위반,젖음/습기,흐림,교차로 - 교차로부근,승용,남,45세,중상,승용,여,59세,상해없음
2017111700100518,2017년 11월 17일 18시,금요일,제주특별자치도 제주시 연동,경상사고,0,0,2,0,차대차 - 측면충돌,안전거리미확보,젖음/습기,비,교차로 - 교차로안,승용,남,57세,경상,승용,여,30세,경상
2017111700100578,2017년 11월 17일 19시,금요일,제주특별자치도 서귀포시 남원읍,부상신고사고,0,0,0,1,차대차 - 정면충돌,중앙선침범,젖음/습기,비,단일로 - 기타,승용,남,63세,부상신고,승용,남,60세,상해없음
2017111700100579,2017년 11월 17일 19시,금요일,제주특별자치도 제주시 연동,경상사고,0,0,1,0,차대차 - 기타,안전거리미확보,건조,맑음,교차로 - 교차로부근,사륜오토바이(ATV),남,61세,경상,승용,남,29세,상해없음
2017111700100614,2017년 11월 17일 20시,금요일,제주특별자치도 제주시 용담이동,경상사고,0,0,1,0,차대차 - 추돌,안전운전불이행,건조,맑음,교차로 - 교차로안,승용,남,46세,상해없음,승용,남,48세,경상
2017111700100652,2017년 11월 17일 21시,금요일,제주특별자치도 제주시 삼도이동,중상사고,0,2,0,0,차대사람 - 횡단중,보행자보호의무위반,젖음/습기,비,교차로 - 교차로횡단보도내,승용,남,24세,상해없음,보행자,남,51세,중상
2017111700100653,2017년 11월 17일 21시,금요일,제주특별자치도 서귀포시 동홍동,중상사고,0,1,0,0,차대사람 - 보도통행중,보행자보호의무위반,젖음/습기,비,단일로 - 기타,승용,남,60세,상해없음,보행자,여,59세,중상
2017111700100703,2017년 11월 17일 22시,금요일,제주특별자치도 제주시 화북이동,중상사고,0,1,0,0,차대차 - 추돌,안전운전불이행,젖음/습기,비,단일로 - 기타,승용,여,47세,상해없음,이륜,남,56세,중상
2017111700100704,2017년 11월 17일 22시,금요일,제주특별자치도 제주시 도남동,경상사고,0,0,1,0,차대차 - 측면충돌,안전운전불이행,건조,맑음,단일로 - 기타,승용,여,28세,상해없음,승용,여,24세,경상
2017111700100705,2017년 11월 17일 22시,금요일,제주특별자치도 서귀포시 남원읍,경상사고,0,0,1,0,차대차 - 기타,중앙선침범,젖음/습기,맑음,단일로 - 기타,화물,남,38세,상해없음,승용,남,46세,경상
2017111800100107,2017년 11월 18일 05시,토요일,제주특별자치도 제주시 애월읍,중상사고,0,1,0,0,차량단독 - 기타,안전운전불이행,건조,맑음,단일로 - 기타,승용,여,34세,중상,,,,
2017111800100108,2017년 11월 18일 05시,토요일,제주특별자치도 제주시 용담이동,중상사고,0,1,0,0,차대사람 - 기타,안전운전불이행,건조,흐림,기타 - 기타,기타불명,기타불명,미분류,기타불명,보행자,남,72세,중상
2017111800100255,2017년 11월 18일 11시,토요일,제주특별자치도 제주시 구좌읍,중상사고,0,2,1,0,차대차 - 기타,교차로운행방법위반,건조,맑음,교차로 - 교차로안,승용,여,30세,상해없음,승용,남,24세,중상
2017111800100377,2017년 11월 18일 14시,토요일,제주특별자치도 제주시 한림읍,중상사고,0,3,0,0,차대차 - 추돌,안전운전불이행,건조,맑음,단일로 - 기타,승용,남,36세,상해없음,건설기계,남,45세,상해없음
2017111800100421,2017년 11월 18일 15시,토요일,제주특별자치도 서귀포시 중문동,경상사고,0,0,1,0,차대차 - 측면충돌,안전운전불이행,건조,맑음,단일로 - 기타,화물,남,71세,상해없음,승용,남,43세,경상
2017111800100588,2017년 11월 18일 19시,토요일,제주특별자치도 서귀포시 동홍동,경상사고,0,0,3,0,차대차 - 기타,직진우회전진행방해,건조,맑음,교차로 - 교차로안,승용,남,75세,상해없음,승용,여,41세,경상
2017111800100696,2017년 11월 18일 23시,토요일,제주특별자치도 제주시 애월읍,중상사고,0,1,0,0,차대사람 - 기타,안전운전불이행,건조,흐림,단일로 - 기타,기타불명,기타불명,미분류,기타불명,보행자,남,65세,중상
2017111800100697,2017년 11월 18일 23시,토요일,제주특별자치도 제주시 연동,부상신고사고,0,0,0,1,차대차 - 기타,안전운전불이행,건조,맑음,단일로 - 기타,승용,남,28세,부상신고,승용,남,32세,상해없음
2017111900100024,2017년 11월 19일 00시,일요일,제주특별자치도 서귀포시 중문동,경상사고,0,0,2,0,차대차 - 기타,안전운전불이행,건조,맑음,교차로 - 교차로부근,승용,남,30세,상해없음,화물,남,44세,경상
2017111900100025,2017년 11월 19일 00시,일요일,제주특별자치도 제주시 연동,경상사고,0,0,1,0,차대차 - 측면충돌,기타,건조,맑음,교차로 - 교차로안,화물,남,37세,상해없음,승합,남,34세,경상
2017111900100149,2017년 11월 19일 10시,일요일,제주특별자치도 제주시 화북이동,경상사고,0,0,1,0,차대차 - 측면충돌,신호위반,건조,맑음,교차로 - 교차로안,승용,여,48세,상해없음,승용,여,68세,경상
2017111900100204,2017년 11월 19일 12시,일요일,제주특별자치도 제주시 일도일동,경상사고,0,0,1,0,차대사람 - 기타,안전운전불이행,건조,맑음,단일로 - 기타,승용,남,45세,상해없음,보행자,여,38세,경상
2017111900100227,2017년 11월 19일 13시,일요일,제주특별자치도 서귀포시 남원읍,중상사고,0,1,0,0,차대차 - 측면충돌,직진우회전진행방해,건조,맑음,교차로 - 교차로안,화물,남,69세,중상,화물,남,54세,상해없음
2017111900100228,2017년 11월 19일 13시,일요일,제주특별자치도 서귀포시 성산읍,경상사고,0,0,1,0,차대사람 - 기타,안전운전불이행,건조,맑음,단일로 - 기타,자전거,남,29세,상해없음,보행자,여,65세,경상
2017111900100229,2017년 11월 19일 13시,일요일,제주특별자치도 제주시 애월읍,경상사고,0,0,2,0,차대차 - 측면충돌,안전운전불이행,건조,맑음,단일로 - 기타,승용,여,51세,기타불명,승용,남,36세,상해없음
2017111900100258,2017년 11월 19일 14시,일요일,제주특별자치도 서귀포시 대정읍,경상사고,0,0,4,0,차대차 - 측면충돌,신호위반,건조,맑음,교차로 - 교차로안,승용,여,40세,상해없음,승용,남,38세,경상
2017111900100297,2017년 11월 19일 15시,일요일,제주특별자치도 제주시 애월읍,중상사고,0,1,2,1,차대차 - 측면충돌,안전운전불이행,건조,맑음,단일로 - 기타,승용,여,34세,상해없음,승용,남,53세,부상신고
2017111900100361,2017년 11월 19일 17시,일요일,제주특별자치도 제주시 이도이동,경상사고,0,0,1,0,차대사람 - 횡단중,안전운전불이행,건조,맑음,단일로 - 기타,개인형이동수단(PM),남,77세,상해없음,보행자,여,39세,경상
2017111900100390,2017년 11월 19일 18시,일요일,제주특별자치도 제주시 오라이동,경상사고,0,0,1,0,차대차 - 기타,교차로운행방법위반,건조,맑음,교차로 - 교차로안,승용,남,40세,상해없음,자전거,남,31세,경상
2017111900100391,2017년 11월 19일 18시,일요일,제주특별자치도 서귀포시 성산읍,부상신고사고,0,0,0,1,차량단독 - 기타,안전운전불이행,건조,맑음,단일로 - 기타,화물,남,57세,부상신고,,,,
2017111900100483,2017년 11월 19일 21시,일요일,제주특별자치도 제주시 화북일동,경상사고,0,0,2,0,차대차 - 측면충돌,신호위반,건조,맑음,교차로 - 교차로안,승용,남,58세,상해없음,승용,남,30세,경상
2017112000100051,2017년 11월 20일 01시,월요일,제주특별자치도 제주시 화북일동,경상사고,0,0,2,0,차대차 - 기타,안전운전불이행,젖음/습기,비,교차로 - 교차로부근,승용,남,56세,상해없음,승용,여,48세,경상
2017112000100110,2017년 11월 20일 06시,월요일,제주특별자치도 제주시 용담이동,중상사고,0,1,0,1,차대차 - 추돌,안전거리미확보,건조,맑음,단일로 - 기타,승용,남,63세,부상신고,승용,남,70세,중상
2017112000100111,2017년 11월 20일 06시,월요일,제주특별자치도 제주시 용담이동,중상사고,0,1,0,0,차대사람 - 횡단중,신호위반,젖음/습기,흐림,단일로 - 기타,승합,남,58세,상해없음,보행자,남,80세,중상
2017112000100139,2017년 11월 20일 07시,월요일,제주특별자치도 제주시 구좌읍,경상사고,0,0,1,0,차대차 - 측면충돌,안전운전불이행,건조,흐림,단일로 - 기타,자전거,남,75세,경상,승용,여,46세,상해없음
2017112000100140,2017년 11월 20일 07시,월요일,제주특별자치도 제주시 삼도이동,경상사고,0,0,1,0,차대차 - 기타,안전거리미확보,건조,맑음,단일로 - 기타,승용,여,48세,상해없음,이륜,남,48세,경상
2017112000100141,2017년 11월 20일 07시,월요일,제주특별자치도 서귀포시 남원읍,중상사고,0,1,0,0,차대사람 - 보도통행중,기타,건조,맑음,단일로 - 기타,승용,남,53세,상해없음,보행자,남,68세,중상
2017112000100235,2017년 11월 20일 09시,월요일,제주특별자치도 제주시 노형동,경상사고,0,0,3,0,차대차 - 추돌,안전운전불이행,건조,맑음,단일로 - 기타,승용,남,61세,상해없음,승용,여,48세,경상
2017112000100296,2017년 11월 20일 11시,월요일,제주특별자치도 제주시 이도이동,경상사고,0,0,1,0,차대사람 - 기타,안전운전불이행,건조,맑음,단일로 - 기타,승용,남,55세,상해없음,보행자,여,60세,경상
2017112000100297,2017년 11월 20일 11시,월요일,제주특별자치도 제주시 용담이동,경상사고,0,0,2,0,차대차 - 기타,기타,건조,맑음,교차로 - 교차로부근,승용,여,41세,경상,승용,여,53세,경상
2017112000100337,2017년 11월 20일 12시,월요일,제주특별자치도 제주시 노형동,경상사고,0,0,1,0,차대차 - 측면충돌,교차로운행방법위반,건조,맑음,단일로 - 기타,건설기계,남,48세,상해없음,승용,여,32세,경상
2017112000100364,2017년 11월 20일 13시,월요일,제주특별자치도 제주시 오라삼동,중상사고,0,1,0,0,차대차 - 측면충돌,신호위반,건조,맑음,교차로 - 교차로안,승용,남,54세,상해없음,화물,남,44세,상해없음
2017112000100365,2017년 11월 20일 13시,월요일,제주특별자치도 서귀포시 안덕면,경상사고,0,0,1,0,차대차 - 기타,직진우회전진행방해,건조,맑음,교차로 - 교차로안,승용,여,68세,경상,건설기계,남,47세,상해없음
2017112000100403,2017년 11월 20일 14시,월요일,제주특별자치도 서귀포시 성산읍,중상사고,0,1,0,1,차대차 - 측면충돌,직진우회전진행방해,건조,맑음,교차로 - 교차로안,승용,여,24세,부상신고,승용,여,44세,중상
2017112000100440,2017년 11월 20일 15시,월요일,제주특별자치도 서귀포시 남원읍,사망사고,1,1,0,0,차량단독 - 기타,안전운전불이행,건조,맑음,교차로 - 교차로안,승용,남,29세,사망,,,,
2017112000100441,2017년 11월 20일 15시,월요일,제주특별자치도 서귀포시 신효동,중상사고,0,1,0,0,차량단독 - 공작물충돌,안전운전불이행,건조,맑음,단일로 - 기타,원동기,남,83세,중상,,,,
2017112000100521,2017년 11월 20일 17시,월요일,제주특별자치도 제주시 조천읍,경상사고,0,0,2,0,차대차 - 측면충돌,교차로운행방법위반,건조,맑음,교차로 - 교차로안,승용,여,51세,경상,화물,남,53세,경상
2017112000100522,2017년 11월 20일 17시,월요일,제주특별자치도 제주시 해안동,경상사고,0,0,1,0,차대차 - 측면충돌,안전거리미확보,건조,맑음,단일로 - 기타,승용,여,57세,상해없음,승합,남,49세,경상
2017112000100563,2017년 11월 20일 18시,월요일,제주특별자치도 서귀포시 동홍동,중상사고,0,1,2,1,차대차 - 기타,신호위반,건조,맑음,교차로 - 교차로안,승합,남,57세,상해없음,승용,여,63세,경상