사고번호,사고일시,요일,시군구,사고내용,사망자수,중상자수,경상자수,부상신고자수,사고유형,법규위반,노면상태,기상상태,도로형태,가해운전자 차종,가해운전자 성별,가해운전자 연령,가해운전자 상해정도,피해운전자 차종,피해운전자 성별,피해운전자 연령,피해운전자 상해정도
2017112000100621,2017년 11월 20일 19시,월요일,제주특별자치도 제주시 이도이동,경상사고,0,0,1,0,차대차 - 추돌,안전거리미확보,건조,맑음,교차로 - 교차로부근,승용,남,35세,상해없음,승용,남,29세,경상
2017112000100622,2017년 11월 20일 19시,월요일,제주특별자치도 제주시 이도이동,경상사고,0,0,1,0,차대차 - 후진중충돌,안전운전불이행,기타,맑음,단일로 - 기타,승용,여,64세,상해없음,승용,남,23세,경상
2017112000100657,2017년 11월 20일 20시,월요일,제주특별자치도 제주시 이도일동,부상신고사고,0,0,0,1,차대사람 - 기타,기타,건조,맑음,교차로 - 교차로횡단보도내,화물,기타불명,미분류,기타불명,보행자,남,72세,부상신고
2017112000100716,2017년 11월 20일 22시,월요일,제주특별자치도 제주시 건입동,경상사고,0,0,1,0,차대사람 - 횡단중,안전운전불이행,건조,맑음,단일로 - 기타,승용,여,39세,상해없음,보행자,남,48세,경상
2017112100100178,2017년 11월 21일 08시,화요일,제주특별자치도 서귀포시 중문동,중상사고,0,1,0,0,차대차 - 기타,안전운전불이행,건조,맑음,단일로 - 기타,이륜,남,89세,중상,승용,남,52세,상해없음
2017112100100251,2017년 11월 21일 10시,화요일,제주특별자치도 제주시 조천읍,중상사고,0,1,0,0,차대차 - 기타,중앙선침범,건조,맑음,단일로 - 기타,승용,여,36세,상해없음,화물,남,45세,중상
2017112100100252,2017년 11월 21일 10시,화요일,제주특별자치도 서귀포시 대정읍,경상사고,0,0,1,0,차량단독 - 기타,기타,건조,맑음,단일로 - 기타,승합,남,61세,상해없음,,,,
2017112100100282,2017년 11월 21일 11시,화요일,제주특별자치도 제주시 일도이동,중상사고,0,1,0,0,차대사람 - 기타,안전운전불이행,건조,맑음,단일로 - 기타,승용,남,27세,상해없음,보행자,여,75세,중상
2017112100100283,2017년 11월 21일 11시,화요일,제주특별자치도 제주시 이도이동,경상사고,0,0,2,0,차대차 - 측면충돌,교차로운행방법위반,건조,맑음,교차로 - 교차로안,승용,남,57세,상해없음,승용,남,43세,상해없음
2017112100100284,2017년 11월 21일 11시,화요일,제주특별자치도 서귀포시 강정동,중상사고,0,4,1,0,차대차 - 정면충돌,신호위반,건조,맑음,교차로 - 교차로부근,승용,남,64세,중상,건설기계,남,55세,경상
2017112100100383,2017년 11월 21일 14시,화요일,제주특별자치도 제주시 우도면,중상사고,0,1,1,0,차량단독 - 도로외이탈 - 추락,안전운전불이행,건조,맑음,단일로 - 기타,이륜,여,21세,경상,,,,
2017112100100409,2017년 11월 21일 15시,화요일,제주특별자치도 제주시 우도면,경상사고,0,0,1,0,차대사람 - 기타,안전운전불이행,건조,맑음,교차로 - 교차로안,승용,남,45세,상해없음,보행자,남,25세,경상
2017112100100531,2017년 11월 21일 18시,화요일,제주특별자치도 제주시 애월읍,경상사고,0,0,1,0,차대차 - 추돌,안전운전불이행,건조,맑음,단일로 - 기타,승용,남,62세,상해없음,승용,남,36세,경상
2017112100100532,2017년 11월 21일 18시,화요일,제주특별자치도 제주시 애월읍,경상사고,0,0,1,0,차대차 - 기타,안전운전불이행,건조,맑음,단일로 - 기타,승합,남,57세,상해없음,화물,남,29세,경상
2017112100100597,2017년 11월 21일 20시,화요일,제주특별자치도 서귀포시 동홍동,중상사고,0,1,0,0,차대사람 - 기타,안전운전불이행,건조,맑음,교차로 - 교차로안,승용,여,59세,상해없음,보행자,여,79세,중상
2017112100100647,2017년 11월 21일 22시,화요일,제주특별자치도 서귀포시 남원읍,중상사고,0,1,0,0,차량단독 - 공작물충돌,안전운전불이행,건조,맑음,교차로 - 교차로안,화물,남,80세,중상,,,,
2017112200100100,2017년 11월 22일 06시,수요일,제주특별자치도 서귀포시 서귀동,경상사고,0,0,1,0,차대차 - 기타,직진우회전진행방해,건조,맑음,교차로 - 교차로안,승용,남,63세,상해없음,승용,남,50세,경상
2017112200100133,2017년 11월 22일 07시,수요일,제주특별자치도 제주시 봉개동,중상사고,0,1,0,0,차량단독 - 기타,안전운전불이행,젖음/습기,흐림,단일로 - 기타,승용,남,27세,중상,,,,
2017112200100183,2017년 11월 22일 08시,수요일,제주특별자치도 제주시 영평동,경상사고,0,0,2,0,차대차 - 추돌,안전거리미확보,건조,맑음,교차로 - 교차로부근,화물,남,53세,상해없음,화물,남,38세,경상
2017112200100218,2017년 11월 22일 09시,수요일,제주특별자치도 제주시 조천읍,경상사고,0,0,1,0,차대차 - 추돌,안전운전불이행,건조,맑음,교차로 - 교차로부근,화물,남,75세,상해없음,승용,여,45세,경상
2017112200100253,2017년 11월 22일 10시,수요일,제주특별자치도 제주시 회천동,경상사고,0,0,1,0,차대차 - 측면충돌,안전거리미확보,건조,흐림,단일로 - 기타,건설기계,여,54세,상해없음,승용,남,61세,경상
2017112200100285,2017년 11월 22일 11시,수요일,제주특별자치도 제주시 아라일동,중상사고,0,1,0,0,차대사람 - 횡단중,보행자보호의무위반,건조,맑음,단일로 - 기타,승용,여,35세,상해없음,보행자,여,16세,중상
2017112200100286,2017년 11월 22일 11시,수요일,제주특별자치도 제주시 노형동,경상사고,0,0,2,0,차대차 - 기타,직진우회전진행방해,건조,맑음,교차로 - 교차로안,승용,여,42세,경상,승용,남,55세,상해없음
2017112200100312,2017년 11월 22일 12시,수요일,제주특별자치도 서귀포시 서귀동,부상신고사고,0,0,0,1,차대사람 - 기타,안전운전불이행,건조,흐림,기타 - 기타,기타불명,기타불명,미분류,기타불명,보행자,남,41세,부상신고
2017112200100339,2017년 11월 22일 13시,수요일,제주특별자치도 제주시 조천읍,경상사고,0,0,1,0,차대차 - 기타,안전운전불이행,건조,맑음,교차로 - 교차로안,화물,남,64세,경상,승용,남,58세,상해없음
2017112200100340,2017년 11월 22일 13시,수요일,제주특별자치도 서귀포시 남원읍,경상사고,0,0,2,1,차대차 - 측면충돌,직진우회전진행방해,건조,맑음,교차로 - 교차로안,승용,남,41세,부상신고,승용,남,46세,경상
2017112200100341,2017년 11월 22일 13시,수요일,제주특별자치도 서귀포시 서귀동,경상사고,0,0,1,0,차대사람 - 횡단중,보행자보호의무위반,건조,맑음,단일로 - 기타,승용,여,32세,상해없음,보행자,여,43세,경상
2017112200100446,2017년 11월 22일 16시,수요일,제주특별자치도 제주시 조천읍,경상사고,0,0,1,0,차량단독 - 기타,안전운전불이행,건조,맑음,단일로 - 기타,화물,남,68세,상해없음,,,,
2017112200100540,2017년 11월 22일 18시,수요일,제주특별자치도 제주시 노형동,경상사고,0,0,1,0,차대차 - 측면충돌,안전거리미확보,건조,맑음,단일로 - 기타,승합,남,58세,상해없음,승용,남,48세,경상
2017112200100590,2017년 11월 22일 19시,수요일,제주특별자치도 제주시 애월읍,경상사고,0,0,2,0,차대차 - 추돌,안전운전불이행,건조,맑음,단일로 - 기타,승용,남,42세,상해없음,승용,여,28세,경상
2017112300100043,2017년 11월 23일 00시,목요일,제주특별자치도 제주시 이도이동,중상사고,0,1,0,0,차대사람 - 기타,안전운전불이행,건조,맑음,단일로 - 기타,승용,남,46세,상해없음,보행자,여,56세,중상
2017112300100136,2017년 11월 23일 07시,목요일,제주특별자치도 제주시 노형동,경상사고,0,0,1,0,차대차 - 기타,신호위반,건조,맑음,교차로 - 교차로안,화물,남,72세,상해없음,승용,여,53세,경상
2017112300100209,2017년 11월 23일 09시,목요일,제주특별자치도 제주시 노형동,경상사고,0,0,1,0,차대차 - 기타,직진우회전진행방해,건조,맑음,교차로 - 교차로안,화물,여,62세,상해없음,화물,남,58세,상해없음
2017112300100301,2017년 11월 23일 12시,목요일,제주특별자치도 제주시 이도일동,부상신고사고,0,0,0,1,차대차 - 기타,안전운전불이행,건조,맑음,단일로 - 기타,자전거,남,41세,부상신고,승용,여,46세,상해없음
2017112300100394,2017년 11월 23일 15시,목요일,제주특별자치도 제주시 노형동,중상사고,0,1,0,0,차대차 - 추돌,안전거리미확보,건조,맑음,단일로 - 기타,승용,남,57세,상해없음,승용,남,35세,상해없음
2017112300100395,2017년 11월 23일 15시,목요일,제주특별자치도 제주시 애월읍,경상사고,0,0,2,0,차대차 - 측면충돌,직진우회전진행방해,건조,맑음,교차로 - 교차로안,승용,남,60세,상해없음,화물,남,60세,경상
2017112300100433,2017년 11월 23일 16시,목요일,제주특별자치도 제주시 구좌읍,중상사고,0,1,0,0,차대사람 - 기타,중앙선침범,건조,맑음,단일로 - 기타,승합,남,46세,상해없음,보행자,여,35세,중상
2017112300100536,2017년 11월 23일 18시,목요일,제주특별자치도 제주시 아라이동,중상사고,0,1,0,0,차대사람 - 기타,안전운전불이행,건조,맑음,단일로 - 기타,화물,남,30세,상해없음,보행자,남,42세,중상
2017112300100537,2017년 11월 23일 18시,목요일,제주특별자치도 서귀포시 남원읍,경상사고,0,0,1,0,차대차 - 기타,안전운전불이행,건조,맑음,교차로 - 교차로안,화물,남,65세,상해없음,화물,여,61세,경상
2017112300100538,2017년 11월 23일 18시,목요일,제주특별자치도 서귀포시 대정읍,경상사고,0,0,1,0,차대차 - 측면충돌,중앙선침범,건조,맑음,단일로 - 기타,승용,남,46세,상해없음,승용,여,54세,경상
2017112300100575,2017년 11월 23일 19시,목요일,제주특별자치도 제주시 도평동,경상사고,0,0,3,0,차대차 - 추돌,안전운전불이행,건조,맑음,교차로 - 교차로부근,승용,남,38세,상해없음,승용,여,43세,경상
2017112300100618,2017년 11월 23일 21시,목요일,제주특별자치도 제주시 삼도일동,중상사고,0,1,0,0,차대차 - 기타,안전거리미확보,기타,맑음,단일로 - 기타,승용,여,35세,상해없음,승용,남,34세,중상
2017112400100048,2017년 11월 24일 00시,금요일,제주특별자치도 제주시 이도이동,경상사고,0,0,1,1,차대차 - 측면충돌,교차로운행방법위반,젖음/습기,비,교차로 - 교차로안,승용,남,46세,상해없음,승용,남,55세,경상
2017112400100112,2017년 11월 24일 04시,금요일,제주특별자치도 서귀포시 강정동,경상사고,0,0,1,0,차량단독 - 전도전복 - 전도,안전운전불이행,건조,맑음,교차로 - 교차로부근,승용,여,48세,경상,,,,
2017112400100193,2017년 11월 24일 07시,금요일,제주특별자치도 서귀포시 하효동,중상사고,0,1,1,0,차대차 - 측면충돌,안전운전불이행,건조,맑음,단일로 - 기타,승용,남,53세,상해없음,승용,여,52세,중상
2017112400100299,2017년 11월 24일 10시,금요일,제주특별자치도 제주시 오라일동,경상사고,0,0,1,0,차대차 - 기타,신호위반,건조,맑음,교차로 - 교차로안,승용,여,65세,상해없음,화물,남,62세,경상
2017112400100300,2017년 11월 24일 10시,금요일,제주특별자치도 제주시 연동,경상사고,0,0,4,0,차대차 - 측면충돌,안전운전불이행,건조,맑음,단일로 - 기타,승용,남,46세,상해없음,승합,남,49세,상해없음
2017112400100362,2017년 11월 24일 12시,금요일,제주특별자치도 제주시 화북이동,경상사고,0,0,2,0,차대차 - 기타,안전거리미확보,기타,맑음,단일로 - 기타,건설기계,남,47세,상해없음,승용,남,50세,경상
2017112400100404,2017년 11월 24일 13시,금요일,제주특별자치도 서귀포시 동홍동,중상사고,0,1,0,0,차대사람 - 횡단중,보행자보호의무위반,건조,맑음,교차로 - 교차로안,화물,남,35세,상해없음,보행자,여,78세,중상
2017112400100405,2017년 11월 24일 13시,금요일,제주특별자치도 서귀포시 성산읍,중상사고,0,1,0,0,차량단독 - 도로외이탈 - 기타,안전운전불이행,건조,기타,단일로 - 기타,이륜,남,64세,중상,,,,
2017112400100438,2017년 11월 24일 14시,금요일,제주특별자치도 서귀포시 대정읍,중상사고,0,1,0,0,차대차 - 기타,안전운전불이행,건조,맑음,단일로 - 기타,화물,남,74세,상해없음,화물,남,63세,기타불명
2017112400100439,2017년 11월 24일 14시,금요일,제주특별자치도 제주시 연동,경상사고,0,0,2,0,차대차 - 측면충돌,안전운전불이행,건조,맑음,교차로 - 교차로안,화물,남,35세,경상,승용,남,50세,경상
2017112400100570,2017년 11월 24일 17시,금요일,제주특별자치도 서귀포시 남원읍,경상사고,0,0,1,1,차대차 - 측면충돌,신호위반,건조,맑음,교차로 - 교차로안,화물,남,56세,부상신고,승용,남,38세,경상
2017112400100571,2017년 11월 24일 17시,금요일,제주특별자치도 제주시 연동,중상사고,0,1,0,0,차대사람 - 횡단중,보행자보호의무위반,건조,맑음,단일로 - 기타,화물,남,39세,상해없음,보행자,남,7세,중상
2017112400100689,2017년 11월 24일 19시,금요일,제주특별자치도 제주시 애월읍,중상사고,0,1,0,0,차대차 - 기타,안전거리미확보,건조,맑음,단일로 - 기타,승용,남,59세,상해없음,승용,여,46세,중상
2017112400100725,2017년 11월 24일 20시,금요일,제주특별자치도 서귀포시 서귀동,중상사고,0,1,0,0,차대사람 - 횡단중,안전운전불이행,건조,맑음,단일로 - 기타,승용,여,27세,상해없음,보행자,남,69세,중상
2017112400100775,2017년 11월 24일 22시,금요일,제주특별자치도 제주시 이도이동,경상사고,0,0,2,0,차대차 - 측면충돌,교차로운행방법위반,건조,맑음,교차로 - 교차로안,승용,여,59세,경상,화물,여,43세,경상
2017112500100057,2017년 11월 25일 00시,토요일,제주특별자치도 서귀포시 강정동,중상사고,0,1,0,0,차량단독 - 전도전복 - 전도,안전운전불이행,건조,맑음,단일로 - 기타,이륜,남,34세,중상,,,,
2017112500100183,2017년 11월 25일 08시,토요일,제주특별자치도 제주시 일도이동,경상사고,0,0,1,0,차대차 - 측면충돌,안전거리미확보,건조,맑음,단일로 - 기타,승용,여,47세,상해없음,승용,남,61세,경상
2017112500100300,2017년 11월 25일 12시,토요일,제주특별자치도 제주시 구좌읍,경상사고,0,0,1,0,차대차 - 측면충돌,교차로운행방법위반,건조,맑음,교차로 - 교차로안,승용,여,24세,상해없음,이륜,남,67세,경상
2017112500100301,2017년 11월 25일 12시,토요일,제주특별자치도 서귀포시 상효동,경상사고,0,0,2,1,차대차 - 기타,신호위반,건조,맑음,교차로 - 교차로안,화물,남,31세,부상신고,승용,남,38세,경상
2017112500100336,2017년 11월 25일 13시,토요일,제주특별자치도 제주시 건입동,경상사고,0,0,1,0,차대사람 - 기타,안전운전불이행,건조,맑음,단일로 - 기타,승용,남,44세,상해없음,보행자,남,34세,경상
2017112500100402,2017년 11월 25일 15시,토요일,제주특별자치도 제주시 일도이동,경상사고,0,0,1,0,차대차 - 기타,안전거리미확보,건조,맑음,단일로 - 기타,승용,여,46세,상해없음,승용,남,61세,경상
2017112500100466,2017년 11월 25일 17시,토요일,제주특별자치도 제주시 삼양이동,부상신고사고,0,0,0,1,차대차 - 기타,교차로운행방법위반,건조,맑음,교차로 - 교차로안,자전거,남,8세,부상신고,승용,남,50세,상해없음
2017112500100467,2017년 11월 25일 17시,토요일,제주특별자치도 제주시 이도이동,경상사고,0,0,3,0,차대차 - 추돌,안전운전불이행,건조,맑음,교차로 - 교차로안,승용,남,29세,상해없음,승용,남,38세,경상
2017112500100468,2017년 11월 25일 17시,토요일,제주특별자치도 서귀포시 표선면,경상사고,0,0,2,0,차대차 - 기타,교차로운행방법위반,건조,맑음,교차로 - 교차로안,승합,남,60세,상해없음,승용,남,74세,상해없음
2017112500100469,2017년 11월 25일 17시,토요일,제주특별자치도 서귀포시 강정동,경상사고,0,0,1,0,차대사람 - 기타,보행자보호의무위반,건조,맑음,교차로 - 교차로횡단보도내,화물,남,78세,상해없음,보행자,남,66세,경상
2017112500100470,2017년 11월 25일 17시,토요일,제주특별자치도 제주시 한림읍,중상사고,0,3,1,0,차대차 - 측면충돌,교차로운행방법위반,건조,맑음,교차로 - 교차로안,승용,남,64세,경상,승용,남,55세,중상
2017112500100534,2017년 11월 25일 18시,토요일,제주특별자치도 제주시 이도이동,경상사고,0,0,2,0,차대차 - 측면충돌,신호위반,건조,맑음,교차로 - 교차로안,승용,남,77세,상해없음,승용,여,35세,경상
2017112500100535,2017년 11월 25일 18시,토요일,제주특별자치도 제주시 한경면,사망사고,1,0,0,0,차대사람 - 횡단중,안전운전불이행,건조,맑음,단일로 - 기타,승용,남,63세,상해없음,보행자,여,69세,사망
2017112500100676,2017년 11월 25일 22시,토요일,제주특별자치도 제주시 노형동,경상사고,0,0,2,0,차대차 - 추돌,안전운전불이행,건조,맑음,단일로 - 기타,승용,남,32세,상해없음,승용,남,62세,경상
2017112600100087,2017년 11월 26일 05시,일요일,제주특별자치도 서귀포시 서귀동,중상사고,0,1,0,0,차대사람 - 기타,보행자보호의무위반,건조,맑음,단일로 - 기타,승용,남,48세,상해없음,보행자,남,49세,중상
2017112600100148,2017년 11월 26일 10시,일요일,제주특별자치도 제주시 오라이동,중상사고,0,1,0,0,차대차 - 측면충돌,신호위반,기타,맑음,교차로 - 교차로안,승용,여,69세,상해없음,이륜,남,44세,중상
2017112600100206,2017년 11월 26일 13시,일요일,제주특별자치도 제주시 이도이동,경상사고,0,0,3,0,차대차 - 정면충돌,안전운전불이행,건조,맑음,단일로 - 기타,승용,남,63세,상해없음,승용,남,43세,경상
2017112600100290,2017년 11월 26일 16시,일요일,제주특별자치도 제주시 한림읍,경상사고,0,0,1,0,차대사람 - 횡단중,보행자보호의무위반,건조,맑음,교차로 - 교차로안,승용,남,46세,상해없음,보행자,여,5세,경상
2017112600100451,2017년 11월 26일 21시,일요일,제주특별자치도 서귀포시 신효동,경상사고,0,0,1,1,차대차 - 측면충돌,직진우회전진행방해,건조,맑음,교차로 - 교차로안,승용,남,61세,부상신고,승용,남,37세,경상
2017112700100043,2017년 11월 27일 01시,월요일,제주특별자치도 서귀포시 동홍동,사망사고,1,0,0,0,차대사람 - 차도통행중,안전운전불이행,건조,맑음,단일로 - 기타,승용,여,43세,상해없음,보행자,남,19세,사망
2017112700100063,2017년 11월 27일 04시,월요일,제주특별자치도 제주시 오라이동,중상사고,0,1,0,0,차대사람 - 횡단중,안전운전불이행,건조,맑음,교차로 - 교차로안,승용,남,41세,상해없음,보행자,여,73세,중상
2017112700100147,2017년 11월 27일 08시,월요일,제주특별자치도 서귀포시 법환동,중상사고,0,1,0,0,차대사람 - 차도통행중,안전운전불이행,건조,맑음,단일로 - 기타,승용,남,42세,상해없음,보행자,여,72세,중상
2017112700100184,2017년 11월 27일 09시,월요일,제주특별자치도 서귀포시 표선면,경상사고,0,0,1,0,차대차 - 기타,안전운전불이행,건조,맑음,단일로 - 기타,화물,여,49세,상해없음,승용,남,39세,상해없음
2017112700100240,2017년 11월 27일 11시,월요일,제주특별자치도 제주시 도두일동,중상사고,0,1,0,0,차대사람 - 횡단중,중앙선침범,건조,맑음,단일로 - 기타,화물,남,66세,상해없음,보행자,남,69세,중상
2017112700100241,2017년 11월 27일 11시,월요일,제주특별자치도 제주시 애월읍,부상신고사고,0,0,0,1,차대사람 - 길가장자리구역통행중,안전운전불이행,건조,맑음,교차로 - 교차로부근,승용,남,33세,상해없음,보행자,남,39세,부상신고
2017112700100256,2017년 11월 27일 12시,월요일,제주특별자치도 서귀포시 강정동,중상사고,0,1,0,0,차대사람 - 차도통행중,안전운전불이행,건조,맑음,단일로 - 기타,승용,여,32세,상해없음,보행자,여,33세,중상
2017112700100284,2017년 11월 27일 13시,월요일,제주특별자치도 제주시 애월읍,경상사고,0,0,1,0,차대차 - 기타,안전운전불이행,건조,맑음,교차로 - 교차로부근,승용,여,56세,기타불명,승용,남,27세,경상
2017112700100306,2017년 11월 27일 14시,월요일,제주특별자치도 제주시 우도면,경상사고,0,0,1,0,차대차 - 기타,안전운전불이행,건조,맑음,교차로 - 교차로부근,이륜,여,31세,상해없음,승용,남,34세,경상
2017112700100307,2017년 11월 27일 14시,월요일,제주특별자치도 제주시 한림읍,경상사고,0,0,1,0,차대차 - 기타,직진우회전진행방해,건조,맑음,교차로 - 교차로안,사륜오토바이(ATV),남,84세,경상,승용,남,35세,상해없음
2017112700100308,2017년 11월 27일 14시,월요일,제주특별자치도 제주시 연동,경상사고,0,0,1,1,차대차 - 기타,직진우회전진행방해,건조,맑음,교차로 - 교차로안,승합,여,57세,부상신고,화물,남,43세,경상
2017112700100309,2017년 11월 27일 14시,월요일,제주특별자치도 제주시 한림읍,경상사고,0,0,1,0,차대차 - 기타,안전거리미확보,건조,맑음,단일로 - 기타,이륜,남,45세,경상,승용,여,54세,상해없음
2017112700100346,2017년 11월 27일 15시,월요일,제주특별자치도 제주시 노형동,중상사고,0,1,0,0,차대차 - 추돌,안전거리미확보,건조,맑음,단일로 - 기타,화물,남,43세,상해없음,승용,여,19세,중상
2017112700100383,2017년 11월 27일 16시,월요일,제주특별자치도 제주시 한경면,경상사고,0,0,5,0,차대차 - 측면충돌,기타,건조,맑음,교차로 - 교차로안,승용,여,52세,경상,승합,여,43세,경상
2017112700100384,2017년 11월 27일 16시,월요일,제주특별자치도 제주시 연동,경상사고,0,0,1,0,차대사람 - 횡단중,보행자보호의무위반,건조,맑음,교차로 - 교차로횡단보도내,승용,여,58세,상해없음,보행자,남,62세,경상
2017112700100488,2017년 11월 27일 18시,월요일,제주특별자치도 제주시 삼도이동,경상사고,0,0,1,0,차대차 - 기타,교차로운행방법위반,건조,맑음,교차로 - 교차로안,승용,남,57세,경상,특수,남,35세,상해없음
2017112700100526,2017년 11월 27일 19시,월요일,제주특별자치도 서귀포시 동홍동,경상사고,0,0,1,0,차대차 - 측면충돌,직진우회전진행방해,건조,맑음,교차로 - 교차로안,승용,남,62세,상해없음,승용,여,44세,경상
2017112700100573,2017년 11월 27일 21시,월요일,제주특별자치도 서귀포시 서호동,부상신고사고,0,0,0,1,차량단독 - 기타,안전운전불이행,건조,맑음,교차로 - 교차로부근,승용,남,50세,상해없음,,,,
2017112800100058,2017년 11월 28일 01시,화요일,제주특별자치도 제주시 이도이동,경상사고,0,0,1,0,차대사람 - 기타,안전운전불이행,건조,맑음,단일로 - 기타,이륜,남,31세,상해없음,보행자,남,35세,경상
2017112800100059,2017년 11월 28일 01시,화요일,제주특별자치도 서귀포시 남원읍,경상사고,0,0,1,0,차대차 - 기타,안전운전불이행,건조,맑음,단일로 - 기타,이륜,남,21세,경상,화물,남,44세,기타불명
2017112800100089,2017년 11월 28일 05시,화요일,제주특별자치도 서귀포시 서귀동,중상사고,0,1,0,1,차대차 - 측면충돌,직진우회전진행방해,건조,맑음,교차로 - 교차로안,승용,남,20세,상해없음,승용,남,33세,중상
2017112800100090,2017년 11월 28일 05시,화요일,제주특별자치도 제주시 용담이동,경상사고,0,0,1,0,차대차 - 기타,신호위반,건조,맑음,교차로 - 교차로안,승용,남,58세,상해없음,승용,남,22세,경상
2017112800100108,2017년 11월 28일 06시,화요일,제주특별자치도 서귀포시 안덕면,경상사고,0,0,1,0,차량단독 - 기타,안전운전불이행,건조,맑음,교차로 - 교차로부근,승용,남,22세,경상,,,,
2017112800100127,2017년 11월 28일 07시,화요일,제주특별자치도 제주시 화북일동,경상사고,0,0,2,0,차대차 - 측면충돌,직진우회전진행방해,건조,맑음,교차로 - 교차로안,화물,남,45세,경상,승용,남,52세,경상
2017112800100128,2017년 11월 28일 07시,화요일,제주특별자치도 제주시 연동,경상사고,0,0,1,0,차대사람 - 기타,안전운전불이행,건조,맑음,단일로 - 기타,승용,남,28세,상해없음,보행자,남,55세,경상
2017112800100154,2017년 11월 28일 08시,화요일,제주특별자치도 제주시 건입동,경상사고,0,0,1,0,차대차 - 측면충돌,안전운전불이행,기타,맑음,단일로 - 기타,승용,여,43세,상해없음,이륜,여,51세,경상
2017112800100155,2017년 11월 28일 08시,화요일,제주특별자치도 제주시 도남동,경상사고,0,0,3,0,차대차 - 추돌,안전운전불이행,건조,맑음,단일로 - 기타,승용,여,61세,경상,승용,여,36세,경상
2017112800100156,2017년 11월 28일 08시,화요일,제주특별자치도 제주시 연동,경상사고,0,0,1,0,차대차 - 추돌,안전운전불이행,건조,맑음,단일로 - 기타,승용,여,24세,상해없음,승용,남,61세,경상
2017112800100208,2017년 11월 28일 10시,화요일,제주특별자치도 제주시 연동,경상사고,0,0,1,0,차대차 - 측면충돌,안전운전불이행,건조,맑음,단일로 - 기타,승용,여,51세,상해없음,자전거,남,64세,경상
2017112800100408,2017년 11월 28일 17시,화요일,제주특별자치도 서귀포시 표선면,중상사고,0,1,0,0,차량단독 - 공작물충돌,안전운전불이행,건조,맑음,기타 - 기타,자전거,남,58세,중상,,,,
2017112800100548,2017년 11월 28일 21시,화요일,제주특별자치도 서귀포시 서귀동,중상사고,0,1,0,0,차대차 - 기타,안전운전불이행,젖음/습기,비,교차로 - 교차로안,승합,남,24세,상해없음,이륜,남,68세,중상
2017112800100570,2017년 11월 28일 22시,화요일,제주특별자치도 제주시 연동,경상사고,0,0,1,1,차대차 - 측면충돌,중앙선침범,젖음/습기,비,교차로 - 교차로부근,승용,여,32세,상해없음,승용,남,52세,경상
2017112900100203,2017년 11월 29일 10시,수요일,제주특별자치도 서귀포시 남원읍,경상사고,0,0,1,0,차량단독 - 기타,안전운전불이행,건조,맑음,단일로 - 기타,화물,남,59세,상해없음,,,,
2017112900100234,2017년 11월 29일 11시,수요일,제주특별자치도 제주시 이도일동,중상사고,0,1,0,0,차대사람 - 보도통행중,보행자보호의무위반,건조,맑음,교차로 - 교차로횡단보도내,승용,여,50세,상해없음,보행자,여,56세,중상
2017112900100292,2017년 11월 29일 13시,수요일,제주특별자치도 서귀포시 남원읍,경상사고,0,0,3,1,차대차 - 측면충돌,직진우회전진행방해,건조,맑음,교차로 - 교차로안,승용,남,32세,부상신고,승용,남,43세,경상
2017112900100382,2017년 11월 29일 16시,수요일,제주특별자치도 서귀포시 성산읍,경상사고,0,0,1,0,차대사람 - 횡단중,안전운전불이행,건조,맑음,교차로 - 교차로부근,화물,여,51세,상해없음,보행자,여,88세,경상
2017112900100467,2017년 11월 29일 18시,수요일,제주특별자치도 서귀포시 중문동,경상사고,0,0,1,0,차대차 - 추돌,안전운전불이행,건조,맑음,단일로 - 기타,승용,남,57세,상해없음,승용,남,51세,경상
2017112900100508,2017년 11월 29일 19시,수요일,제주특별자치도 제주시 이도이동,경상사고,0,0,1,0,차대차 - 추돌,안전거리미확보,건조,맑음,교차로 - 교차로부근,승용,여,56세,상해없음,승용,남,40세,경상
2017113000100031,2017년 11월 30일 00시,목요일,제주특별자치도 제주시 이도이동,중상사고,0,1,1,0,차대차 - 추돌,안전운전불이행,건조,맑음,단일로 - 기타,승용,남,41세,상해없음,승용,남,56세,경상
2017113000100042,2017년 11월 30일 01시,목요일,제주특별자치도 서귀포시 동홍동,경상사고,0,0,1,0,차대차 - 추돌,안전운전불이행,건조,맑음,단일로 - 기타,사륜오토바이(ATV),남,19세,경상,승용,남,36세,기타불명
2017113000100083,2017년 11월 30일 06시,목요일,제주특별자치도 제주시 일도이동,경상사고,0,0,1,0,차대사람 - 횡단중,보행자보호의무위반,건조,맑음,교차로 - 교차로부근,승용,남,69세,상해없음,보행자,여,71세,경상