사고번호,사고일시,요일,시군구,사고내용,사망자수,중상자수,경상자수,부상신고자수,사고유형,법규위반,노면상태,기상상태,도로형태,가해운전자 차종,가해운전자 성별,가해운전자 연령,가해운전자 상해정도,피해운전자 차종,피해운전자 성별,피해운전자 연령,피해운전자 상해정도
2017113000100133,2017년 11월 30일 08시,목요일,제주특별자치도 서귀포시 강정동,경상사고,0,0,1,0,차대사람 - 기타,안전운전불이행,건조,맑음,교차로 - 교차로부근,승용,남,35세,상해없음,보행자,여,61세,경상
2017113000100204,2017년 11월 30일 10시,목요일,제주특별자치도 제주시 아라이동,중상사고,0,2,2,0,차대차 - 측면충돌,교차로운행방법위반,건조,맑음,교차로 - 교차로안,승합,남,41세,상해없음,승용,남,26세,상해없음
2017113000100326,2017년 11월 30일 14시,목요일,제주특별자치도 제주시 노형동,경상사고,0,0,1,0,차대차 - 기타,안전운전불이행,기타,맑음,교차로 - 교차로부근,이륜,남,37세,상해없음,이륜,남,22세,경상
2017113000100404,2017년 11월 30일 16시,목요일,제주특별자치도 제주시 한경면,경상사고,0,0,1,0,차대차 - 측면충돌,안전운전불이행,건조,맑음,교차로 - 교차로안,승용,남,51세,상해없음,이륜,여,79세,경상
2017113000100496,2017년 11월 30일 18시,목요일,제주특별자치도 제주시 월평동,경상사고,0,0,2,0,차대차 - 추돌,안전운전불이행,건조,맑음,교차로 - 교차로부근,화물,남,58세,상해없음,승용,남,35세,경상
2017113000100497,2017년 11월 30일 18시,목요일,제주특별자치도 제주시 도두일동,경상사고,0,0,1,0,차대차 - 기타,직진우회전진행방해,건조,맑음,교차로 - 교차로안,승용,남,52세,상해없음,자전거,남,56세,경상
2017113000100540,2017년 11월 30일 19시,목요일,제주특별자치도 제주시 삼도일동,경상사고,0,0,2,0,차대차 - 측면충돌,교차로운행방법위반,건조,맑음,교차로 - 교차로안,승합,남,62세,상해없음,승용,남,44세,경상
2017113000100541,2017년 11월 30일 19시,목요일,제주특별자치도 제주시 연동,경상사고,0,0,1,1,차대차 - 기타,중앙선침범,건조,맑음,단일로 - 기타,승용,남,41세,부상신고,승용,여,41세,경상
2017120100100095,2017년 12월 1일 04시,금요일,제주특별자치도 제주시 애월읍,경상사고,0,0,1,1,차대차 - 측면충돌,신호위반,건조,맑음,교차로 - 교차로안,화물,남,38세,부상신고,승용,여,57세,경상
2017120100100127,2017년 12월 1일 06시,금요일,제주특별자치도 서귀포시 동홍동,중상사고,0,1,0,0,차대사람 - 횡단중,보행자보호의무위반,건조,맑음,교차로 - 교차로안,승용,여,31세,상해없음,보행자,남,46세,중상
2017120100100189,2017년 12월 1일 08시,금요일,제주특별자치도 제주시 구좌읍,중상사고,0,2,0,0,차대차 - 정면충돌,중앙선침범,건조,맑음,단일로 - 기타,승용,남,37세,중상,승용,여,58세,중상
2017120100100258,2017년 12월 1일 10시,금요일,제주특별자치도 제주시 삼도일동,경상사고,0,0,1,0,차대차 - 측면충돌,안전거리미확보,건조,맑음,교차로 - 교차로부근,자전거,남,69세,경상,승합,남,56세,상해없음
2017120100100259,2017년 12월 1일 10시,금요일,제주특별자치도 서귀포시 동홍동,중상사고,0,1,0,1,차대차 - 기타,직진우회전진행방해,건조,맑음,교차로 - 교차로부근,화물,남,74세,기타불명,승용,여,34세,부상신고
2017120100100284,2017년 12월 1일 11시,금요일,제주특별자치도 서귀포시 표선면,중상사고,0,1,0,0,차대차 - 기타,안전운전불이행,건조,맑음,교차로 - 교차로부근,이륜,남,76세,중상,승용,여,29세,상해없음
2017120100100380,2017년 12월 1일 14시,금요일,제주특별자치도 제주시 회천동,경상사고,0,0,1,0,차대차 - 기타,안전운전불이행,건조,맑음,단일로 - 기타,승용,남,46세,경상,화물,남,56세,상해없음
2017120100100468,2017년 12월 1일 16시,금요일,제주특별자치도 제주시 아라일동,중상사고,0,1,0,0,차대사람 - 횡단중,보행자보호의무위반,건조,맑음,단일로 - 기타,승용,남,58세,상해없음,보행자,남,83세,중상
2017120100100469,2017년 12월 1일 16시,금요일,제주특별자치도 제주시 용담일동,경상사고,0,0,1,0,차대차 - 추돌,안전운전불이행,건조,흐림,교차로 - 교차로부근,승용,여,68세,상해없음,이륜,여,59세,경상
2017120100100579,2017년 12월 1일 18시,금요일,제주특별자치도 제주시 이도이동,경상사고,0,0,1,0,차대차 - 기타,교차로운행방법위반,건조,맑음,교차로 - 교차로안,승용,여,36세,상해없음,이륜,남,42세,경상
2017120100100580,2017년 12월 1일 18시,금요일,제주특별자치도 제주시 건입동,중상사고,0,1,2,0,차대차 - 측면충돌,교차로운행방법위반,건조,맑음,교차로 - 교차로안,승용,남,66세,상해없음,승용,여,38세,경상
2017120100100581,2017년 12월 1일 18시,금요일,제주특별자치도 서귀포시 서귀동,경상사고,0,0,1,0,차대차 - 기타,차로위반,건조,맑음,교차로 - 교차로안,화물,남,66세,상해없음,승용,남,38세,경상
2017120100100582,2017년 12월 1일 18시,금요일,제주특별자치도 제주시 노형동,경상사고,0,0,1,0,차대사람 - 횡단중,보행자보호의무위반,건조,맑음,교차로 - 교차로횡단보도내,승용,여,60세,상해없음,보행자,남,56세,경상
2017120100100664,2017년 12월 1일 20시,금요일,제주특별자치도 제주시 용담이동,경상사고,0,0,1,1,차대차 - 측면충돌,안전거리미확보,건조,맑음,단일로 - 기타,승합,여,56세,상해없음,승용,여,48세,경상
2017120100100707,2017년 12월 1일 21시,금요일,제주특별자치도 제주시 삼도이동,경상사고,0,0,1,0,차대차 - 추돌,안전운전불이행,건조,기타,단일로 - 기타,이륜,남,31세,경상,승용,남,50세,상해없음
2017120100100757,2017년 12월 1일 23시,금요일,제주특별자치도 제주시 조천읍,경상사고,0,0,2,0,차대차 - 정면충돌,신호위반,기타,맑음,교차로 - 교차로안,승용,남,29세,상해없음,승용,남,25세,경상
2017120200100040,2017년 12월 2일 00시,토요일,제주특별자치도 제주시 이도이동,중상사고,0,1,0,0,차대사람 - 횡단중,안전운전불이행,건조,맑음,단일로 - 기타,승용,남,55세,상해없음,보행자,남,57세,중상
2017120200100082,2017년 12월 2일 02시,토요일,제주특별자치도 제주시 노형동,경상사고,0,0,1,0,차대차 - 측면충돌,교차로운행방법위반,건조,맑음,교차로 - 교차로안,승용,남,25세,상해없음,승용,남,46세,경상
2017120200100129,2017년 12월 2일 06시,토요일,제주특별자치도 제주시 화북이동,경상사고,0,0,1,0,차대차 - 기타,신호위반,건조,맑음,교차로 - 교차로안,승합,남,24세,상해없음,승용,여,53세,경상
2017120200100145,2017년 12월 2일 07시,토요일,제주특별자치도 제주시 한경면,사망사고,1,0,0,0,차대사람 - 차도통행중,안전운전불이행,건조,맑음,단일로 - 기타,화물,남,42세,상해없음,보행자,여,57세,사망
2017120200100200,2017년 12월 2일 09시,토요일,제주특별자치도 서귀포시 동홍동,중상사고,0,1,0,0,차대사람 - 보도통행중,보행자보호의무위반,건조,맑음,단일로 - 기타,승용,남,44세,상해없음,보행자,남,79세,중상
2017120200100289,2017년 12월 2일 12시,토요일,제주특별자치도 제주시 이도이동,중상사고,0,1,0,0,차대차 - 기타,안전운전불이행,건조,흐림,기타 - 기타,승용,여,48세,상해없음,이륜,남,33세,중상
2017120200100290,2017년 12월 2일 12시,토요일,제주특별자치도 서귀포시 서귀동,경상사고,0,0,1,0,차대차 - 측면충돌,안전운전불이행,건조,맑음,단일로 - 기타,승용,남,44세,상해없음,이륜,남,28세,경상
2017120200100320,2017년 12월 2일 13시,토요일,제주특별자치도 제주시 삼도이동,경상사고,0,0,3,0,차대차 - 측면충돌,교차로운행방법위반,건조,맑음,교차로 - 교차로안,승용,여,56세,상해없음,승용,남,37세,경상
2017120200100321,2017년 12월 2일 13시,토요일,제주특별자치도 제주시 아라일동,경상사고,0,0,3,0,차대차 - 측면충돌,직진우회전진행방해,건조,맑음,교차로 - 교차로안,승용,남,26세,상해없음,승합,남,50세,상해없음
2017120200100322,2017년 12월 2일 13시,토요일,제주특별자치도 제주시 일도이동,경상사고,0,0,1,0,차대사람 - 기타,안전운전불이행,건조,맑음,단일로 - 기타,승용,남,43세,상해없음,보행자,남,58세,경상
2017120200100323,2017년 12월 2일 13시,토요일,제주특별자치도 제주시 애월읍,경상사고,0,0,1,0,차대차 - 기타,안전운전불이행,건조,맑음,단일로 - 기타,승용,남,36세,상해없음,승용,남,51세,경상
2017120200100360,2017년 12월 2일 14시,토요일,제주특별자치도 서귀포시 호근동,경상사고,0,0,1,0,차대차 - 추돌,안전거리미확보,건조,맑음,단일로 - 기타,화물,남,40세,상해없음,승용,여,41세,경상
2017120200100361,2017년 12월 2일 14시,토요일,제주특별자치도 서귀포시 서호동,경상사고,0,0,1,0,차대차 - 측면충돌,직진우회전진행방해,건조,맑음,교차로 - 교차로안,승용,남,52세,경상,화물,남,55세,상해없음
2017120200100396,2017년 12월 2일 15시,토요일,제주특별자치도 제주시 연동,부상신고사고,0,0,0,5,차대차 - 측면충돌,직진우회전진행방해,건조,맑음,교차로 - 교차로안,승용,남,28세,부상신고,화물,남,45세,부상신고
2017120200100428,2017년 12월 2일 16시,토요일,제주특별자치도 서귀포시 안덕면,경상사고,0,0,1,2,차대차 - 정면충돌,신호위반,건조,맑음,단일로 - 기타,승용,남,86세,경상,승합,여,58세,부상신고
2017120200100429,2017년 12월 2일 16시,토요일,제주특별자치도 제주시 용담이동,경상사고,0,0,2,0,차대차 - 추돌,안전운전불이행,건조,맑음,기타 - 기타,승합,남,43세,상해없음,승용,남,57세,경상
2017120200100430,2017년 12월 2일 16시,토요일,제주특별자치도 제주시 노형동,중상사고,0,1,0,0,차대사람 - 횡단중,안전운전불이행,건조,맑음,단일로 - 기타,승용,남,54세,상해없음,보행자,여,13세,중상
2017120200100468,2017년 12월 2일 17시,토요일,제주특별자치도 제주시 한림읍,경상사고,0,0,1,0,차대차 - 측면충돌,신호위반,건조,맑음,교차로 - 교차로안,승용,여,46세,상해없음,승용,여,61세,경상
2017120200100469,2017년 12월 2일 17시,토요일,제주특별자치도 제주시 노형동,경상사고,0,0,4,0,차대차 - 추돌,안전운전불이행,건조,맑음,교차로 - 교차로부근,승용,남,45세,상해없음,승용,남,27세,경상
2017120200100504,2017년 12월 2일 18시,토요일,제주특별자치도 제주시 한림읍,사망사고,1,1,0,0,차대차 - 추돌,안전운전불이행,건조,흐림,기타 - 기타,이륜,남,15세,사망,승용,남,33세,상해없음
2017120200100577,2017년 12월 2일 20시,토요일,제주특별자치도 서귀포시 서귀동,중상사고,0,1,1,0,차대사람 - 차도통행중,보행자보호의무위반,건조,맑음,교차로 - 교차로부근,이륜,남,16세,경상,보행자,남,73세,중상
2017120300100097,2017년 12월 3일 05시,일요일,제주특별자치도 제주시 일도이동,경상사고,0,0,1,0,차대차 - 기타,직진우회전진행방해,젖음/습기,흐림,교차로 - 교차로안,화물,여,67세,상해없음,이륜,여,40세,경상
2017120300100133,2017년 12월 3일 08시,일요일,제주특별자치도 서귀포시 강정동,경상사고,0,0,1,0,차대차 - 기타,안전운전불이행,건조,맑음,기타 - 기타,승용,남,64세,상해없음,이륜,남,18세,경상
2017120300100213,2017년 12월 3일 12시,일요일,제주특별자치도 제주시 오등동,경상사고,0,0,1,0,차대차 - 측면충돌,신호위반,건조,맑음,교차로 - 교차로안,승용,남,71세,상해없음,승용,남,47세,경상
2017120300100234,2017년 12월 3일 13시,일요일,제주특별자치도 서귀포시 대정읍,경상사고,0,0,1,0,차대차 - 기타,직진우회전진행방해,건조,맑음,교차로 - 교차로안,이륜,남,41세,경상,승용,남,44세,상해없음
2017120300100344,2017년 12월 3일 17시,일요일,제주특별자치도 서귀포시 안덕면,경상사고,0,0,1,0,차대차 - 기타,직진우회전진행방해,건조,맑음,교차로 - 교차로안,승용,남,25세,상해없음,자전거,남,11세,경상
2017120300100345,2017년 12월 3일 17시,일요일,제주특별자치도 제주시 한경면,사망사고,1,0,0,0,차대사람 - 횡단중,안전운전불이행,건조,맑음,교차로 - 교차로부근,승용,남,38세,상해없음,보행자,여,83세,사망
2017120300100380,2017년 12월 3일 18시,일요일,제주특별자치도 제주시 도남동,경상사고,0,0,1,0,차대차 - 기타,교차로운행방법위반,건조,맑음,교차로 - 교차로안,화물,남,62세,상해없음,이륜,남,22세,경상
2017120300100381,2017년 12월 3일 18시,일요일,제주특별자치도 서귀포시 성산읍,경상사고,0,0,1,0,차대차 - 추돌,안전운전불이행,건조,맑음,단일로 - 기타,승용,남,28세,상해없음,원동기,남,23세,경상
2017120400100104,2017년 12월 4일 07시,월요일,제주특별자치도 서귀포시 하효동,중상사고,0,1,0,0,차대차 - 측면충돌,안전운전불이행,건조,맑음,교차로 - 교차로안,화물,남,56세,상해없음,승용,여,46세,중상
2017120400100244,2017년 12월 4일 11시,월요일,제주특별자치도 제주시 화북일동,경상사고,0,0,1,0,차대차 - 측면충돌,교차로운행방법위반,건조,맑음,교차로 - 교차로안,승용,남,24세,상해없음,승용,남,58세,상해없음
2017120400100482,2017년 12월 4일 18시,월요일,제주특별자치도 제주시 도남동,중상사고,0,1,0,0,차대사람 - 횡단중,안전운전불이행,건조,흐림,단일로 - 기타,이륜,남,27세,상해없음,보행자,여,21세,중상
2017120400100483,2017년 12월 4일 18시,월요일,제주특별자치도 제주시 애월읍,경상사고,0,0,1,1,차대차 - 측면충돌,안전운전불이행,건조,맑음,단일로 - 기타,화물,남,66세,상해없음,승용,여,44세,경상
2017120400100484,2017년 12월 4일 18시,월요일,제주특별자치도 제주시 용담이동,중상사고,0,1,1,0,차대차 - 추돌,안전운전불이행,건조,맑음,단일로 - 기타,승용,남,48세,상해없음,승용,여,51세,중상
2017120500100120,2017년 12월 5일 07시,화요일,제주특별자치도 제주시 조천읍,경상사고,0,0,1,0,차대차 - 측면충돌,안전거리미확보,적설,눈,단일로 - 기타,승용,남,27세,상해없음,이륜,남,34세,경상
2017120500100121,2017년 12월 5일 07시,화요일,제주특별자치도 제주시 연동,중상사고,0,1,0,0,차대사람 - 보도통행중,보행자보호의무위반,건조,흐림,교차로 - 교차로안,승합,남,46세,상해없음,보행자,여,37세,중상
2017120500100166,2017년 12월 5일 08시,화요일,제주특별자치도 제주시 애월읍,중상사고,0,1,0,0,차대사람 - 차도통행중,안전운전불이행,건조,맑음,단일로 - 기타,승용,여,30세,상해없음,보행자,남,76세,중상
2017120500100216,2017년 12월 5일 10시,화요일,제주특별자치도 서귀포시 남원읍,경상사고,0,0,2,0,차대차 - 측면충돌,안전운전불이행,건조,맑음,단일로 - 기타,승용,남,74세,상해없음,승용,남,48세,경상
2017120500100250,2017년 12월 5일 11시,화요일,제주특별자치도 제주시 오라일동,경상사고,0,0,2,0,차대차 - 추돌,안전거리미확보,건조,맑음,단일로 - 기타,승용,남,40세,상해없음,승용,여,40세,경상
2017120500100251,2017년 12월 5일 11시,화요일,제주특별자치도 서귀포시 남원읍,경상사고,0,0,1,1,차대차 - 기타,중앙선침범,건조,맑음,교차로 - 교차로안,화물,남,31세,부상신고,승용,남,36세,경상
2017120500100252,2017년 12월 5일 11시,화요일,제주특별자치도 제주시 외도일동,경상사고,0,0,1,0,차대차 - 측면충돌,안전운전불이행,젖음/습기,흐림,단일로 - 기타,승용,남,36세,상해없음,이륜,남,54세,경상
2017120500100314,2017년 12월 5일 13시,화요일,제주특별자치도 서귀포시 남원읍,경상사고,0,0,1,0,차대차 - 기타,안전운전불이행,건조,맑음,단일로 - 기타,승용,여,46세,상해없음,이륜,남,77세,경상
2017120500100335,2017년 12월 5일 14시,화요일,제주특별자치도 서귀포시 안덕면,경상사고,0,0,2,0,차대차 - 정면충돌,중앙선침범,젖음/습기,눈,단일로 - 기타,승용,남,24세,경상,화물,남,48세,경상
2017120500100431,2017년 12월 5일 17시,화요일,제주특별자치도 제주시 도남동,경상사고,0,0,6,0,차대차 - 추돌,안전거리미확보,건조,맑음,단일로 - 기타,승용,남,51세,상해없음,승용,여,47세,경상
2017120500100432,2017년 12월 5일 17시,화요일,제주특별자치도 서귀포시 서귀동,경상사고,0,0,1,0,차대사람 - 보도통행중,기타,기타,맑음,단일로 - 기타,이륜,남,60세,상해없음,보행자,남,48세,경상
2017120500100433,2017년 12월 5일 17시,화요일,제주특별자치도 제주시 애월읍,경상사고,0,0,3,1,차대차 - 추돌,안전운전불이행,건조,흐림,기타 - 기타,승용,남,68세,상해없음,승용,남,68세,경상
2017120500100491,2017년 12월 5일 18시,화요일,제주특별자치도 제주시 오라이동,경상사고,0,0,1,0,차대차 - 기타,안전운전불이행,건조,맑음,단일로 - 기타,승용,여,22세,상해없음,승용,여,56세,경상
2017120500100530,2017년 12월 5일 19시,화요일,제주특별자치도 서귀포시 표선면,경상사고,0,0,1,0,차대차 - 기타,신호위반,건조,맑음,교차로 - 교차로안,화물,남,70세,상해없음,승용,남,29세,경상
2017120500100580,2017년 12월 5일 21시,화요일,제주특별자치도 제주시 노형동,경상사고,0,0,2,0,차대차 - 추돌,안전운전불이행,건조,맑음,교차로 - 교차로부근,승용,여,44세,상해없음,승용,남,24세,경상
2017120500100593,2017년 12월 5일 22시,화요일,제주특별자치도 제주시 노형동,중상사고,0,1,2,0,차대차 - 측면충돌,안전거리미확보,건조,맑음,단일로 - 기타,승용,남,48세,경상,승합,남,48세,중상
2017120600100059,2017년 12월 6일 01시,수요일,제주특별자치도 제주시 용담일동,중상사고,0,1,0,0,차대사람 - 기타,안전운전불이행,젖음/습기,비,단일로 - 기타,승합,남,43세,상해없음,보행자,남,43세,중상
2017120600100189,2017년 12월 6일 08시,수요일,제주특별자치도 제주시 화북이동,경상사고,0,0,1,0,차대차 - 측면충돌,차로위반,건조,맑음,교차로 - 교차로부근,특수,남,53세,상해없음,승용,남,53세,상해없음
2017120600100226,2017년 12월 6일 09시,수요일,제주특별자치도 제주시 월평동,부상신고사고,0,0,0,1,차량단독 - 전도전복,안전운전불이행,젖음/습기,맑음,교차로 - 교차로안,원동기,여,20세,부상신고,미분류,미분류,미분류,미분류
2017120600100256,2017년 12월 6일 10시,수요일,제주특별자치도 제주시 이도일동,경상사고,0,0,1,0,차대사람 - 기타,안전운전불이행,건조,맑음,단일로 - 기타,승용,남,57세,상해없음,보행자,남,26세,경상
2017120600100257,2017년 12월 6일 10시,수요일,제주특별자치도 서귀포시 남원읍,중상사고,0,1,0,0,차대차 - 추돌,안전운전불이행,건조,맑음,단일로 - 기타,화물,남,63세,상해없음,농기계,남,81세,중상
2017120600100310,2017년 12월 6일 12시,수요일,제주특별자치도 제주시 애월읍,경상사고,0,0,2,0,차대차 - 측면충돌,안전운전불이행,건조,맑음,단일로 - 기타,화물,여,25세,경상,승용,여,24세,경상
2017120600100391,2017년 12월 6일 14시,수요일,제주도 제주시,경상사고,0,0,1,0,차대차 - 기타,교차로운행방법위반,건조,맑음,교차로 - 교차로안,승용,여,56세,상해없음,자전거,남,12세,경상
2017120600100392,2017년 12월 6일 14시,수요일,제주특별자치도 제주시 한경면,경상사고,0,0,1,0,차량단독 - 공작물충돌,안전운전불이행,건조,맑음,기타 - 기타,승용,여,24세,경상,,,,
2017120600100590,2017년 12월 6일 18시,수요일,제주특별자치도 제주시 삼양이동,중상사고,0,1,1,0,차대사람 - 횡단중,보행자보호의무위반,건조,맑음,교차로 - 교차로횡단보도내,이륜,남,17세,경상,보행자,남,46세,중상
2017120600100591,2017년 12월 6일 18시,수요일,제주특별자치도 제주시 노형동,중상사고,0,1,0,0,차대차 - 기타,안전운전불이행,건조,흐림,교차로 - 교차로안,승용,여,48세,상해없음,자전거,남,18세,중상
2017120600100634,2017년 12월 6일 19시,수요일,제주특별자치도 제주시 이도이동,경상사고,0,0,1,0,차대차 - 기타,안전운전불이행,건조,맑음,단일로 - 기타,승용,남,58세,경상,승용,여,39세,상해없음
2017120600100662,2017년 12월 6일 20시,수요일,제주특별자치도 서귀포시 안덕면,부상신고사고,0,0,0,1,차대차 - 측면충돌,직진우회전진행방해,건조,맑음,교차로 - 교차로안,승용,남,53세,부상신고,승합,남,65세,상해없음
2017120600100752,2017년 12월 6일 23시,수요일,제주특별자치도 제주시 이도이동,부상신고사고,0,0,0,1,차대사람 - 기타,안전운전불이행,건조,맑음,단일로 - 기타,승용,남,24세,상해없음,보행자,남,24세,부상신고
2017120600100753,2017년 12월 6일 23시,수요일,제주특별자치도 서귀포시 성산읍,중상사고,0,1,0,0,차량단독 - 기타,안전운전불이행,건조,맑음,단일로 - 기타,승용,남,46세,중상,,,,
2017120700100175,2017년 12월 7일 08시,목요일,제주특별자치도 제주시 용담삼동,중상사고,0,1,0,0,차대차 - 기타,안전운전불이행,건조,맑음,단일로 - 기타,승용,여,52세,상해없음,이륜,남,67세,중상
2017120700100460,2017년 12월 7일 18시,목요일,제주특별자치도 제주시 화북일동,중상사고,0,1,0,0,차대사람 - 기타,안전운전불이행,건조,맑음,기타 - 기타,자전거,남,15세,상해없음,보행자,남,7세,중상
2017120700100461,2017년 12월 7일 18시,목요일,제주특별자치도 서귀포시 표선면,경상사고,0,0,1,0,차대차 - 기타,직진우회전진행방해,건조,맑음,교차로 - 교차로안,승합,남,48세,상해없음,이륜,남,45세,경상
2017120700100462,2017년 12월 7일 18시,목요일,제주특별자치도 제주시 연동,경상사고,0,0,1,0,차대차 - 추돌,안전운전불이행,건조,맑음,단일로 - 기타,승용,남,69세,상해없음,승용,여,35세,경상
2017120700100530,2017년 12월 7일 20시,목요일,제주특별자치도 제주시 일도이동,중상사고,0,1,0,0,차대사람 - 기타,안전운전불이행,건조,흐림,단일로 - 기타,승용,남,48세,상해없음,보행자,남,25세,중상
2017120700100579,2017년 12월 7일 22시,목요일,제주특별자치도 제주시 연동,중상사고,0,1,0,0,차대사람 - 보도통행중,보행자보호의무위반,젖음/습기,비,교차로 - 교차로부근,승용,여,54세,상해없음,보행자,여,15세,중상
2017120800100062,2017년 12월 8일 01시,금요일,제주특별자치도 제주시 일도이동,경상사고,0,0,1,0,차대사람 - 횡단중,안전운전불이행,건조,흐림,교차로 - 교차로부근,승용,남,22세,상해없음,보행자,남,63세,경상
2017120800100098,2017년 12월 8일 05시,금요일,제주특별자치도 제주시 노형동,경상사고,0,0,1,0,차대사람 - 보도통행중,보행자보호의무위반,건조,흐림,교차로 - 교차로안,승용,남,44세,상해없음,보행자,남,49세,경상
2017120800100189,2017년 12월 8일 08시,금요일,제주특별자치도 제주시 화북일동,경상사고,0,0,4,0,차대차 - 측면충돌,안전운전불이행,건조,맑음,단일로 - 기타,승용,여,48세,경상,승용,여,35세,경상
2017120800100190,2017년 12월 8일 08시,금요일,제주특별자치도 서귀포시 남원읍,부상신고사고,0,0,0,1,차대차 - 측면충돌,직진우회전진행방해,건조,맑음,교차로 - 교차로안,승용,여,43세,부상신고,승용,남,31세,상해없음
2017120800100292,2017년 12월 8일 11시,금요일,제주특별자치도 서귀포시 표선면,중상사고,0,1,0,0,차대차 - 추돌,안전운전불이행,건조,맑음,교차로 - 교차로부근,화물,남,42세,상해없음,승용,여,58세,중상
2017120800100318,2017년 12월 8일 12시,금요일,제주특별자치도 제주시 화북일동,중상사고,0,1,0,0,차대차 - 기타,교차로운행방법위반,건조,맑음,교차로 - 교차로안,이륜,남,59세,중상,승용,남,30세,상해없음
2017120800100349,2017년 12월 8일 13시,금요일,제주특별자치도 제주시 연동,경상사고,0,0,3,0,차대차 - 측면충돌,차로위반,건조,흐림,단일로 - 기타,승용,여,53세,경상,화물,남,43세,경상
2017120800100404,2017년 12월 8일 15시,금요일,제주특별자치도 제주시 오라이동,경상사고,0,0,4,1,차대차 - 추돌,안전운전불이행,건조,맑음,단일로 - 기타,화물,남,28세,경상,승용,남,62세,경상
2017120800100501,2017년 12월 8일 17시,금요일,제주특별자치도 서귀포시 서귀동,중상사고,0,1,0,0,차대사람 - 기타,보행자보호의무위반,건조,맑음,교차로 - 교차로부근,승용,여,54세,상해없음,보행자,남,52세,중상
2017120800100502,2017년 12월 8일 17시,금요일,제주특별자치도 서귀포시 남원읍,부상신고사고,0,0,0,1,차량단독 - 공작물충돌,안전운전불이행,건조,맑음,교차로 - 교차로안,승용,남,70세,부상신고,,,,
2017120800100503,2017년 12월 8일 17시,금요일,제주특별자치도 제주시 노형동,경상사고,0,0,1,1,차대사람 - 횡단중,보행자보호의무위반,건조,흐림,교차로 - 교차로횡단보도내,승용,여,38세,경상,보행자,남,22세,부상신고
2017120800100646,2017년 12월 8일 20시,금요일,제주특별자치도 제주시 도남동,중상사고,0,1,0,0,차대차 - 기타,중앙선침범,기타,맑음,단일로 - 기타,승용,남,24세,상해없음,이륜,남,19세,중상
2017120900100130,2017년 12월 9일 05시,토요일,제주특별자치도 제주시 외도일동,경상사고,0,0,1,0,차대사람 - 기타,안전운전불이행,건조,맑음,단일로 - 기타,기타불명,기타불명,미분류,기타불명,보행자,남,24세,경상
2017120900100181,2017년 12월 9일 08시,토요일,제주특별자치도 제주시 연동,경상사고,0,0,2,0,차대차 - 기타,안전거리미확보,건조,맑음,단일로 - 기타,승용,남,37세,경상,승용,남,34세,경상
2017120900100261,2017년 12월 9일 11시,토요일,제주특별자치도 제주시 삼도일동,경상사고,0,0,1,0,차량단독 - 기타,안전운전불이행,건조,맑음,단일로 - 기타,승용,남,42세,상해없음,,,,
2017120900100290,2017년 12월 9일 12시,토요일,제주특별자치도 서귀포시 강정동,경상사고,0,0,1,0,차대차 - 측면충돌,직진우회전진행방해,건조,맑음,교차로 - 교차로안,승용,남,37세,상해없음,승용,여,59세,경상
2017120900100371,2017년 12월 9일 14시,토요일,제주특별자치도 제주시 오라이동,경상사고,0,0,1,0,차대차 - 추돌,안전거리미확보,건조,흐림,단일로 - 기타,승용,남,43세,상해없음,승용,남,42세,경상
2017120900100461,2017년 12월 9일 17시,토요일,제주특별자치도 서귀포시 회수동,경상사고,0,0,1,0,차대차 - 기타,안전운전불이행,건조,맑음,단일로 - 기타,승용,남,46세,상해없음,화물,남,36세,경상
2017120900100462,2017년 12월 9일 17시,토요일,제주특별자치도 제주시 애월읍,경상사고,0,0,1,0,차대차 - 추돌,안전거리미확보,젖음/습기,눈,단일로 - 기타,승용,남,21세,상해없음,승용,여,45세,경상
2017120900100528,2017년 12월 9일 18시,토요일,제주특별자치도 제주시 이도이동,경상사고,0,0,1,0,차대차 - 기타,안전운전불이행,건조,맑음,단일로 - 기타,기타불명,기타불명,미분류,기타불명,승용,여,54세,상해없음
2017120900100610,2017년 12월 9일 20시,토요일,제주특별자치도 제주시 이도이동,중상사고,0,1,1,0,차대사람 - 횡단중,안전운전불이행,건조,맑음,단일로 - 기타,승용,여,53세,상해없음,보행자,여,48세,경상
2017121000100035,2017년 12월 10일 00시,일요일,제주특별자치도 제주시 이도이동,경상사고,0,0,1,0,차대사람 - 기타,안전운전불이행,건조,맑음,단일로 - 기타,승용,여,53세,상해없음,보행자,남,37세,경상
2017121000100112,2017년 12월 10일 05시,일요일,제주특별자치도 제주시 화북이동,경상사고,0,0,1,0,차대차 - 추돌,안전운전불이행,건조,맑음,단일로 - 기타,승용,남,41세,상해없음,승용,남,48세,경상
2017121000100124,2017년 12월 10일 06시,일요일,제주특별자치도 제주시 연동,경상사고,0,0,3,0,차대차 - 추돌,안전운전불이행,젖음/습기,비,단일로 - 기타,승용,남,22세,기타불명,승용,남,70세,경상
2017121000100162,2017년 12월 10일 09시,일요일,제주특별자치도 제주시 연동,부상신고사고,0,0,0,3,차대차 - 측면충돌,안전거리미확보,젖음/습기,비,단일로 - 기타,승용,남,67세,부상신고,승용,여,28세,부상신고