사고번호,사고일시,요일,시군구,사고내용,사망자수,중상자수,경상자수,부상신고자수,사고유형,법규위반,노면상태,기상상태,도로형태,가해운전자 차종,가해운전자 성별,가해운전자 연령,가해운전자 상해정도,피해운전자 차종,피해운전자 성별,피해운전자 연령,피해운전자 상해정도
2017121000100188,2017년 12월 10일 10시,일요일,제주특별자치도 제주시 조천읍,중상사고,0,1,0,0,차대사람 - 기타,안전운전불이행,건조,맑음,주차장 - 주차장,승용,여,40세,상해없음,보행자,남,47세,중상
2017121000100189,2017년 12월 10일 10시,일요일,제주특별자치도 제주시 노형동,경상사고,0,0,2,0,차대차 - 추돌,안전운전불이행,건조,맑음,교차로 - 교차로부근,승용,여,57세,상해없음,승용,여,28세,경상
2017121000100228,2017년 12월 10일 12시,일요일,제주특별자치도 제주시 도남동,경상사고,0,0,2,0,차대차 - 기타,안전운전불이행,건조,맑음,단일로 - 기타,화물,남,55세,상해없음,승용,남,40세,경상
2017121000100229,2017년 12월 10일 12시,일요일,제주특별자치도 제주시 노형동,경상사고,0,0,2,0,차대차 - 기타,안전운전불이행,건조,맑음,교차로 - 교차로안,승용,남,45세,기타불명,승용,남,24세,경상
2017121000100266,2017년 12월 10일 14시,일요일,제주특별자치도 제주시 이도이동,경상사고,0,0,1,0,차대사람 - 기타,안전운전불이행,건조,맑음,단일로 - 기타,승용,여,44세,상해없음,보행자,여,86세,경상
2017121000100299,2017년 12월 10일 15시,일요일,제주특별자치도 서귀포시 색달동,부상신고사고,0,0,0,2,차량단독 - 공작물충돌,안전운전불이행,건조,맑음,단일로 - 기타,승용,남,37세,부상신고,,,,
2017121000100347,2017년 12월 10일 17시,일요일,제주특별자치도 제주시 아라일동,중상사고,0,1,2,0,차대차 - 정면충돌,신호위반,건조,맑음,교차로 - 교차로안,승합,남,39세,중상,승용,여,64세,경상
2017121000100385,2017년 12월 10일 18시,일요일,제주특별자치도 제주시 조천읍,부상신고사고,0,0,0,1,차량단독 - 기타,안전운전불이행,건조,흐림,단일로 - 기타,승용,남,47세,부상신고,,,,
2017121000100386,2017년 12월 10일 18시,일요일,제주특별자치도 제주시 이도이동,부상신고사고,0,0,0,1,차대차 - 기타,신호위반,건조,맑음,교차로 - 교차로부근,이륜,남,18세,부상신고,승용,남,67세,상해없음
2017121000100387,2017년 12월 10일 18시,일요일,제주특별자치도 제주시 아라이동,경상사고,0,0,1,0,차대차 - 추돌,안전운전불이행,건조,맑음,단일로 - 기타,승용,여,37세,상해없음,승용,여,61세,경상
2017121000100409,2017년 12월 10일 19시,일요일,제주특별자치도 제주시 도련일동,중상사고,0,1,1,0,차대차 - 기타,신호위반,건조,맑음,교차로 - 교차로안,승용,남,47세,상해없음,승용,남,60세,경상
2017121000100410,2017년 12월 10일 19시,일요일,제주특별자치도 서귀포시 서귀동,경상사고,0,0,1,0,차대차 - 기타,안전거리미확보,건조,맑음,단일로 - 기타,승용,여,45세,상해없음,이륜,남,16세,경상
2017121000100411,2017년 12월 10일 19시,일요일,제주특별자치도 제주시 노형동,경상사고,0,0,1,0,차대차 - 측면충돌,신호위반,건조,맑음,교차로 - 교차로안,승용,여,26세,상해없음,이륜,남,27세,경상
2017121000100475,2017년 12월 10일 22시,일요일,제주특별자치도 제주시 연동,중상사고,0,1,0,0,차대사람 - 횡단중,안전운전불이행,건조,맑음,교차로 - 교차로횡단보도내,승용,남,43세,상해없음,보행자,남,60세,중상
2017121100100060,2017년 12월 11일 06시,월요일,제주특별자치도 서귀포시 안덕면,중상사고,0,1,0,1,차대차 - 기타,안전운전불이행,건조,맑음,단일로 - 기타,승용,남,45세,부상신고,승용,남,45세,상해없음
2017121100100115,2017년 12월 11일 08시,월요일,제주특별자치도 서귀포시 중문동,중상사고,0,1,0,0,차대사람 - 기타,안전운전불이행,건조,맑음,기타 - 기타,승합,남,68세,상해없음,보행자,여,86세,중상
2017121100100143,2017년 12월 11일 09시,월요일,제주특별자치도 서귀포시 서귀동,경상사고,0,0,1,0,차대차 - 측면충돌,중앙선침범,건조,맑음,단일로 - 기타,승용,남,54세,상해없음,화물,남,47세,경상
2017121100100144,2017년 12월 11일 09시,월요일,제주특별자치도 서귀포시 남원읍,경상사고,0,0,1,0,차량단독 - 공작물충돌,안전운전불이행,건조,맑음,단일로 - 기타,승용,여,56세,경상,,,,
2017121100100210,2017년 12월 11일 12시,월요일,제주특별자치도 서귀포시 서호동,경상사고,0,0,2,0,차대차 - 측면충돌,안전거리미확보,건조,맑음,교차로 - 교차로부근,승용,여,55세,상해없음,화물,남,61세,상해없음
2017121100100211,2017년 12월 11일 12시,월요일,제주특별자치도 제주시 한림읍,경상사고,0,0,1,0,차대차 - 기타,교차로운행방법위반,건조,흐림,교차로 - 교차로안,이륜,남,75세,경상,화물,남,49세,상해없음
2017121100100271,2017년 12월 11일 14시,월요일,제주특별자치도 서귀포시 남원읍,경상사고,0,0,1,0,차대차 - 정면충돌,중앙선침범,서리/결빙,눈,단일로 - 기타,화물,남,25세,상해없음,승용,남,61세,경상
2017121100100307,2017년 12월 11일 15시,월요일,제주특별자치도 제주시 아라일동,경상사고,0,0,3,0,차대차 - 추돌,안전운전불이행,기타,흐림,교차로 - 교차로부근,승용,남,50세,상해없음,화물,남,36세,경상
2017121100100308,2017년 12월 11일 15시,월요일,제주특별자치도 제주시 노형동,중상사고,0,1,0,0,차대사람 - 횡단중,안전운전불이행,건조,맑음,교차로 - 교차로횡단보도내,화물,남,65세,상해없음,보행자,남,11세,중상
2017121100100338,2017년 12월 11일 16시,월요일,제주특별자치도 서귀포시 남원읍,중상사고,0,1,0,0,차량단독 - 기타,기타,건조,맑음,단일로 - 기타,승합,남,57세,상해없음,,,,
2017121100100411,2017년 12월 11일 18시,월요일,제주특별자치도 제주시 삼도이동,중상사고,0,1,0,0,차대사람 - 횡단중,보행자보호의무위반,건조,흐림,단일로 - 기타,승용,남,47세,상해없음,보행자,남,22세,중상
2017121100100445,2017년 12월 11일 19시,월요일,제주특별자치도 제주시 애월읍,경상사고,0,0,1,0,차대차 - 측면충돌,직진우회전진행방해,젖음/습기,비,교차로 - 교차로안,건설기계,남,56세,상해없음,화물,남,22세,경상
2017121200100043,2017년 12월 12일 00시,화요일,제주특별자치도 제주시 애월읍,경상사고,0,0,3,1,차대차 - 정면충돌,중앙선침범,젖음/습기,흐림,단일로 - 기타,화물,남,38세,부상신고,승용,남,47세,경상
2017121200100044,2017년 12월 12일 00시,화요일,제주특별자치도 제주시 애월읍,경상사고,0,0,1,0,차량단독 - 공작물충돌,안전운전불이행,젖음/습기,흐림,단일로 - 기타,화물,남,37세,경상,,,,
2017121200100045,2017년 12월 12일 00시,화요일,제주특별자치도 제주시 애월읍,경상사고,0,0,1,0,차량단독 - 공작물충돌,안전운전불이행,기타,흐림,단일로 - 기타,승용,여,52세,경상,,,,
2017121200100094,2017년 12월 12일 07시,화요일,제주특별자치도 서귀포시 서귀동,중상사고,0,1,0,0,차대차 - 측면충돌,안전운전불이행,건조,맑음,교차로 - 교차로안,승용,남,20세,상해없음,승합,남,46세,중상
2017121200100095,2017년 12월 12일 07시,화요일,제주특별자치도 서귀포시 강정동,중상사고,0,1,0,0,차대사람 - 횡단중,안전운전불이행,건조,맑음,교차로 - 교차로안,승용,여,26세,상해없음,보행자,여,55세,중상
2017121200100130,2017년 12월 12일 08시,화요일,제주특별자치도 서귀포시 강정동,경상사고,0,0,1,0,차대사람 - 기타,기타,젖음/습기,흐림,단일로 - 기타,화물,남,43세,상해없음,보행자,남,7세,경상
2017121200100160,2017년 12월 12일 09시,화요일,제주특별자치도 제주시 용담일동,경상사고,0,0,1,0,차대사람 - 횡단중,중앙선침범,건조,맑음,단일로 - 기타,승합,남,65세,상해없음,보행자,여,22세,경상
2017121200100161,2017년 12월 12일 09시,화요일,제주특별자치도 제주시 한림읍,경상사고,0,0,2,0,차대차 - 측면충돌,안전운전불이행,젖음/습기,눈,교차로 - 교차로안,화물,남,76세,경상,승용,여,39세,경상
2017121200100187,2017년 12월 12일 10시,화요일,제주특별자치도 서귀포시 대정읍,중상사고,0,1,0,0,차대차 - 기타,안전거리미확보,건조,맑음,교차로 - 교차로부근,이륜,남,82세,중상,승용,남,60세,상해없음
2017121200100222,2017년 12월 12일 11시,화요일,제주특별자치도 서귀포시 안덕면,부상신고사고,0,0,0,3,차대차 - 후진중충돌,안전운전불이행,건조,맑음,단일로 - 기타,화물,남,65세,상해없음,승용,남,49세,부상신고
2017121200100311,2017년 12월 12일 14시,화요일,제주특별자치도 제주시 노형동,중상사고,0,1,0,5,차대차 - 기타,안전운전불이행,건조,맑음,단일로 - 기타,화물,남,53세,상해없음,승합,남,63세,상해없음
2017121200100338,2017년 12월 12일 15시,화요일,제주특별자치도 서귀포시 남원읍,중상사고,0,1,0,0,차대차 - 측면충돌,신호위반,건조,맑음,교차로 - 교차로안,화물,남,35세,상해없음,승용,남,76세,중상
2017121200100365,2017년 12월 12일 16시,화요일,제주특별자치도 제주시 조천읍,경상사고,0,0,1,0,차대차 - 측면충돌,안전운전불이행,건조,맑음,단일로 - 기타,승용,남,49세,경상,승용,남,52세,상해없음
2017121200100451,2017년 12월 12일 18시,화요일,제주특별자치도 제주시 연동,경상사고,0,0,2,0,차대차 - 측면충돌,직진우회전진행방해,건조,맑음,교차로 - 교차로안,승용,남,54세,상해없음,승용,여,36세,경상
2017121200100514,2017년 12월 12일 20시,화요일,제주특별자치도 제주시 일도이동,중상사고,0,1,5,0,차대차 - 기타,중앙선침범,건조,맑음,단일로 - 기타,승용,남,23세,경상,승용,여,35세,중상
2017121200100515,2017년 12월 12일 20시,화요일,제주특별자치도 서귀포시 안덕면,경상사고,0,0,3,0,차대차 - 측면충돌,교차로운행방법위반,건조,맑음,교차로 - 교차로안,승용,남,65세,상해없음,승용,남,44세,경상
2017121200100596,2017년 12월 12일 23시,화요일,제주특별자치도 서귀포시 신효동,경상사고,0,0,1,0,차대사람 - 기타,안전운전불이행,건조,맑음,단일로 - 기타,승용,남,71세,상해없음,보행자,남,48세,경상
2017121300100174,2017년 12월 13일 09시,수요일,제주특별자치도 제주시 연동,경상사고,0,0,1,0,차대사람 - 기타,안전운전불이행,건조,맑음,단일로 - 기타,기타불명,기타불명,미분류,기타불명,보행자,여,20세,경상
2017121300100206,2017년 12월 13일 10시,수요일,제주특별자치도 제주시 일도이동,중상사고,0,1,0,0,차대사람 - 기타,안전운전불이행,기타,맑음,단일로 - 기타,승합,남,61세,상해없음,보행자,여,52세,중상
2017121300100268,2017년 12월 13일 13시,수요일,제주특별자치도 서귀포시 서귀동,중상사고,0,1,0,0,차대사람 - 기타,보행자보호의무위반,건조,맑음,교차로 - 교차로안,화물,남,78세,상해없음,보행자,여,72세,중상
2017121300100333,2017년 12월 13일 15시,수요일,제주특별자치도 제주시 오라이동,중상사고,0,1,1,0,차대차 - 추돌,안전운전불이행,건조,흐림,교차로 - 교차로부근,화물,남,38세,상해없음,승용,여,76세,상해없음
2017121300100598,2017년 12월 13일 23시,수요일,제주특별자치도 서귀포시 토평동,사망사고,1,0,0,0,차대차 - 기타,안전운전불이행,건조,맑음,단일로 - 기타,승용,남,52세,상해없음,승용,남,50세,상해없음
2017121300100599,2017년 12월 13일 23시,수요일,제주특별자치도 서귀포시 서홍동,경상사고,0,0,1,0,차대차 - 기타,안전운전불이행,건조,맑음,기타 - 기타,승용,남,47세,상해없음,이륜,남,48세,경상
2017121400100089,2017년 12월 14일 05시,목요일,제주특별자치도 서귀포시 서호동,중상사고,0,1,0,1,차대차 - 측면충돌,신호위반,건조,맑음,교차로 - 교차로안,승용,여,62세,상해없음,승용,남,77세,부상신고
2017121400100138,2017년 12월 14일 07시,목요일,제주특별자치도 제주시 구좌읍,경상사고,0,0,1,0,차대차 - 측면충돌,안전운전불이행,건조,맑음,단일로 - 기타,승용,여,25세,경상,화물,남,58세,상해없음
2017121400100186,2017년 12월 14일 08시,목요일,제주특별자치도 제주시 건입동,경상사고,0,0,1,0,차대차 - 측면충돌,교차로운행방법위반,건조,맑음,교차로 - 교차로안,개인형이동수단(PM),여,25세,경상,승용,남,29세,상해없음
2017121400100187,2017년 12월 14일 08시,목요일,제주특별자치도 서귀포시 회수동,중상사고,0,1,0,0,차대차 - 측면충돌,교차로운행방법위반,건조,맑음,교차로 - 교차로안,원동기,남,70세,중상,승합,남,44세,상해없음
2017121400100264,2017년 12월 14일 11시,목요일,제주특별자치도 제주시 아라일동,경상사고,0,0,2,0,차대차 - 추돌,안전운전불이행,건조,기타,교차로 - 교차로부근,승용,여,39세,상해없음,승합,남,46세,경상
2017121400100288,2017년 12월 14일 12시,목요일,제주특별자치도 서귀포시 강정동,경상사고,0,0,1,0,차대차 - 측면충돌,교차로운행방법위반,건조,맑음,교차로 - 교차로안,화물,남,51세,상해없음,승용,여,64세,경상
2017121400100349,2017년 12월 14일 14시,목요일,제주특별자치도 서귀포시 안덕면,중상사고,0,1,1,1,차대차 - 측면충돌,안전운전불이행,건조,맑음,단일로 - 기타,화물,남,48세,부상신고,승용,남,40세,중상
2017121400100393,2017년 12월 14일 16시,목요일,제주특별자치도 제주시 한림읍,부상신고사고,0,0,0,1,차대차 - 측면충돌,안전운전불이행,건조,맑음,주차장 - 주차장,승용,남,70세,상해없음,승용,여,39세,상해없음
2017121400100478,2017년 12월 14일 18시,목요일,제주특별자치도 서귀포시 표선면,사망사고,1,0,0,0,차대사람 - 차도통행중,안전운전불이행,건조,맑음,단일로 - 기타,승용,여,51세,상해없음,보행자,여,88세,사망
2017121400100532,2017년 12월 14일 20시,목요일,제주특별자치도 서귀포시 서귀동,경상사고,0,0,1,0,차대차 - 측면충돌,신호위반,건조,맑음,교차로 - 교차로안,승용,남,69세,상해없음,승용,남,57세,경상
2017121500100193,2017년 12월 15일 09시,금요일,제주특별자치도 제주시 이도이동,경상사고,0,0,1,0,차대차 - 추돌,안전운전불이행,건조,맑음,단일로 - 기타,승용,남,62세,상해없음,승용,남,28세,경상
2017121500100194,2017년 12월 15일 09시,금요일,제주특별자치도 서귀포시 월평동,경상사고,0,0,1,0,차대차 - 기타,안전거리미확보,건조,맑음,교차로 - 교차로안,화물,남,46세,상해없음,승용,여,40세,경상
2017121500100245,2017년 12월 15일 11시,금요일,제주특별자치도 제주시 아라일동,경상사고,0,0,1,0,차대차 - 기타,차로위반,건조,맑음,교차로 - 교차로안,이륜,남,68세,경상,승용,여,42세,상해없음
2017121500100246,2017년 12월 15일 11시,금요일,제주특별자치도 제주시 연동,경상사고,0,0,1,0,차대차 - 추돌,안전운전불이행,건조,맑음,단일로 - 기타,승용,여,53세,상해없음,승용,남,40세,경상
2017121500100274,2017년 12월 15일 12시,금요일,제주특별자치도 제주시 구좌읍,부상신고사고,0,0,0,1,차대차 - 기타,교차로운행방법위반,건조,맑음,교차로 - 교차로안,승용,남,31세,부상신고,승합,남,64세,상해없음
2017121500100439,2017년 12월 15일 17시,금요일,제주특별자치도 제주시 연동,경상사고,0,0,1,0,차대차 - 추돌,안전운전불이행,건조,맑음,단일로 - 기타,승용,남,58세,상해없음,자전거,남,12세,경상
2017121500100488,2017년 12월 15일 18시,금요일,제주특별자치도 제주시 아라일동,중상사고,0,1,0,0,차대차 - 기타,안전거리미확보,건조,맑음,교차로 - 교차로안,승용,남,75세,상해없음,화물,남,69세,상해없음
2017121500100514,2017년 12월 15일 19시,금요일,제주특별자치도 제주시 이호이동,중상사고,0,1,0,0,차대사람 - 횡단중,보행자보호의무위반,건조,맑음,교차로 - 교차로횡단보도내,승용,남,51세,상해없음,보행자,여,74세,중상
2017121500100622,2017년 12월 15일 22시,금요일,제주특별자치도 서귀포시 서귀동,중상사고,0,1,0,0,차대사람 - 횡단중,안전운전불이행,건조,맑음,교차로 - 교차로안,승용,남,25세,상해없음,보행자,남,60세,중상
2017121600100146,2017년 12월 16일 06시,토요일,제주특별자치도 제주시 용담이동,사망사고,1,0,0,0,차대사람 - 횡단중,안전운전불이행,젖음/습기,흐림,교차로 - 교차로부근,승용,여,64세,상해없음,보행자,여,90세 이상,사망
2017121600100161,2017년 12월 16일 07시,토요일,제주특별자치도 제주시 해안동,경상사고,0,0,4,0,차대차 - 기타,안전운전불이행,건조,맑음,단일로 - 기타,승용,남,55세,경상,승용,남,42세,경상
2017121600100208,2017년 12월 16일 09시,토요일,제주특별자치도 제주시 도련이동,중상사고,0,1,0,1,차대차 - 기타,신호위반,건조,흐림,교차로 - 교차로안,승용,여,33세,부상신고,승용,남,59세,중상
2017121600100319,2017년 12월 16일 13시,토요일,제주특별자치도 서귀포시 색달동,중상사고,0,1,1,2,차대차 - 추돌,안전거리미확보,건조,맑음,단일로 - 기타,화물,남,38세,중상,승용,여,29세,경상
2017121600100392,2017년 12월 16일 15시,토요일,제주특별자치도 서귀포시 법환동,경상사고,0,0,4,0,차대차 - 추돌,안전운전불이행,건조,맑음,교차로 - 교차로안,승용,남,51세,상해없음,승용,여,41세,경상
2017121600100428,2017년 12월 16일 16시,토요일,제주특별자치도 제주시 이도이동,중상사고,0,1,0,0,차대사람 - 기타,안전운전불이행,건조,맑음,주차장 - 주차장,승용,여,37세,상해없음,보행자,여,53세,중상
2017121600100475,2017년 12월 16일 17시,토요일,제주특별자치도 제주시 조천읍,경상사고,0,0,2,0,차대차 - 추돌,안전거리미확보,건조,흐림,단일로 - 기타,승용,남,33세,상해없음,승용,남,50세,경상
2017121600100508,2017년 12월 16일 18시,토요일,제주특별자치도 제주시 구좌읍,경상사고,0,0,2,0,차대차 - 추돌,안전운전불이행,적설,눈,단일로 - 기타,승용,남,65세,상해없음,승용,여,35세,경상
2017121600100509,2017년 12월 16일 18시,토요일,제주특별자치도 서귀포시 안덕면,부상신고사고,0,0,0,1,차대차 - 측면충돌,불법유턴,건조,맑음,교차로 - 교차로부근,화물,남,69세,부상신고,화물,남,66세,상해없음
2017121600100563,2017년 12월 16일 20시,토요일,제주특별자치도 제주시 이도이동,경상사고,0,0,1,0,차대차 - 정면충돌,신호위반,건조,맑음,교차로 - 교차로안,승용,남,29세,상해없음,승용,남,61세,경상
2017121600100588,2017년 12월 16일 21시,토요일,제주특별자치도 제주시 연동,경상사고,0,0,2,0,차대차 - 측면충돌,안전운전불이행,적설,눈,교차로 - 교차로안,승용,남,24세,경상,승용,남,28세,경상
2017121700100114,2017년 12월 17일 05시,일요일,제주특별자치도 제주시 이도이동,경상사고,0,0,1,0,차대사람 - 기타,안전운전불이행,건조,맑음,단일로 - 기타,기타불명,기타불명,미분류,기타불명,보행자,남,36세,경상
2017121700100134,2017년 12월 17일 07시,일요일,제주특별자치도 제주시 조천읍,중상사고,0,1,1,0,차대차 - 측면충돌,신호위반,젖음/습기,흐림,교차로 - 교차로안,승용,남,38세,경상,화물,남,78세,중상
2017121700100135,2017년 12월 17일 07시,일요일,제주특별자치도 서귀포시 호근동,중상사고,0,1,0,0,차대차 - 측면충돌,안전운전불이행,서리/결빙,맑음,교차로 - 교차로부근,승용,남,55세,상해없음,승용,여,32세,상해없음
2017121700100136,2017년 12월 17일 07시,일요일,제주특별자치도 제주시 용담이동,경상사고,0,0,1,0,차대사람 - 기타,안전운전불이행,건조,맑음,단일로 - 기타,승용,남,51세,상해없음,보행자,남,52세,경상
2017121700100144,2017년 12월 17일 08시,일요일,제주특별자치도 제주시 봉개동,경상사고,0,0,1,0,차대차 - 추돌,안전거리미확보,적설,눈,단일로 - 기타,승용,여,43세,경상,승합,남,45세,상해없음
2017121700100308,2017년 12월 17일 16시,일요일,제주특별자치도 제주시 건입동,경상사고,0,0,1,0,차대사람 - 기타,안전운전불이행,건조,맑음,교차로 - 교차로안,승용,남,26세,상해없음,보행자,남,4세,경상
2017121700100309,2017년 12월 17일 16시,일요일,제주특별자치도 제주시 구좌읍,중상사고,0,2,0,0,차대차 - 추돌,안전운전불이행,젖음/습기,흐림,단일로 - 기타,화물,남,73세,상해없음,승용,여,61세,중상
2017121700100334,2017년 12월 17일 17시,일요일,제주특별자치도 제주시 조천읍,경상사고,0,0,1,0,차대차 - 기타,안전운전불이행,젖음/습기,비,단일로 - 기타,이륜,남,49세,경상,화물,남,35세,상해없음
2017121700100374,2017년 12월 17일 18시,일요일,제주특별자치도 제주시 용담일동,중상사고,0,1,0,0,차대사람 - 기타,안전운전불이행,건조,맑음,단일로 - 기타,승용,남,26세,상해없음,보행자,남,70세,중상
2017121700100410,2017년 12월 17일 19시,일요일,제주특별자치도 서귀포시 서귀동,경상사고,0,0,1,0,차대차 - 측면충돌,중앙선침범,건조,맑음,교차로 - 교차로안,기타불명,남,51세,경상,승용,남,24세,상해없음
2017121700100411,2017년 12월 17일 19시,일요일,제주특별자치도 제주시 애월읍,경상사고,0,0,1,0,차대사람 - 기타,안전운전불이행,건조,흐림,단일로 - 기타,기타불명,기타불명,미분류,기타불명,보행자,여,24세,경상
2017121700100481,2017년 12월 17일 23시,일요일,제주특별자치도 제주시 노형동,경상사고,0,0,1,0,차대차 - 추돌,안전운전불이행,건조,흐림,단일로 - 기타,승용,남,34세,상해없음,승용,남,61세,경상
2017121800100067,2017년 12월 18일 05시,월요일,제주특별자치도 제주시 화북일동,중상사고,0,1,1,0,차대사람 - 차도통행중,안전운전불이행,건조,기타,단일로 - 기타,승용,남,47세,경상,보행자,남,26세,중상
2017121800100082,2017년 12월 18일 06시,월요일,제주특별자치도 서귀포시 서귀동,부상신고사고,0,0,0,1,차대사람 - 보도통행중,신호위반,건조,맑음,단일로 - 기타,승용,남,39세,상해없음,보행자,여,26세,부상신고
2017121800100223,2017년 12월 18일 10시,월요일,제주특별자치도 제주시 이도이동,경상사고,0,0,1,0,차대사람 - 횡단중,안전운전불이행,건조,맑음,단일로 - 기타,화물,남,57세,상해없음,보행자,여,73세,경상
2017121800100244,2017년 12월 18일 11시,월요일,제주특별자치도 서귀포시 서귀동,경상사고,0,0,1,1,차대차 - 측면충돌,신호위반,건조,맑음,교차로 - 교차로안,승용,남,31세,부상신고,승용,남,60세,경상
2017121800100325,2017년 12월 18일 14시,월요일,제주특별자치도 제주시 애월읍,경상사고,0,0,4,0,차대차 - 측면충돌,신호위반,건조,맑음,교차로 - 교차로안,화물,남,24세,상해없음,승용,남,29세,경상
2017121800100380,2017년 12월 18일 16시,월요일,제주특별자치도 서귀포시 보목동,중상사고,0,1,0,0,차량단독 - 기타,안전운전불이행,건조,맑음,단일로 - 기타,이륜,남,63세,중상,,,,
2017121800100417,2017년 12월 18일 17시,월요일,제주특별자치도 제주시 조천읍,경상사고,0,0,2,0,차대차 - 추돌,안전거리미확보,건조,흐림,단일로 - 기타,승용,남,65세,경상,승용,남,37세,경상
2017121800100418,2017년 12월 18일 17시,월요일,제주특별자치도 제주시 노형동,경상사고,0,0,1,0,차대차 - 추돌,안전운전불이행,건조,맑음,단일로 - 기타,특수,남,39세,상해없음,승용,여,60세,경상
2017121800100501,2017년 12월 18일 19시,월요일,제주특별자치도 제주시 삼도일동,부상신고사고,0,0,0,1,차대차 - 측면충돌,안전운전불이행,건조,흐림,단일로 - 기타,이륜,남,37세,부상신고,특수,남,61세,상해없음
2017121800100576,2017년 12월 18일 22시,월요일,제주특별자치도 서귀포시 강정동,중상사고,0,1,0,0,차대차 - 정면충돌,중앙선침범,건조,맑음,단일로 - 기타,승용,남,27세,상해없음,자전거,남,54세,중상
2017121900100127,2017년 12월 19일 08시,화요일,제주특별자치도 제주시 일도이동,경상사고,0,0,1,0,차대차 - 기타,안전운전불이행,건조,맑음,교차로 - 교차로부근,승용,여,52세,상해없음,이륜,남,70세,경상
2017121900100225,2017년 12월 19일 12시,화요일,제주특별자치도 제주시 도남동,경상사고,0,0,1,0,차대차 - 추돌,안전운전불이행,건조,맑음,교차로 - 교차로부근,승용,여,66세,상해없음,승용,여,34세,경상
2017121900100252,2017년 12월 19일 13시,화요일,제주특별자치도 제주시 구좌읍,경상사고,0,0,1,0,차대차 - 측면충돌,신호위반,기타,맑음,교차로 - 교차로안,화물,남,49세,상해없음,승용,남,37세,경상
2017121900100323,2017년 12월 19일 15시,화요일,제주특별자치도 제주시 구좌읍,경상사고,0,0,1,1,차량단독 - 공작물충돌,안전운전불이행,건조,맑음,단일로 - 기타,승용,남,53세,상해없음,,,,
2017121900100400,2017년 12월 19일 17시,화요일,제주특별자치도 서귀포시 안덕면,경상사고,0,0,1,0,차대차 - 측면충돌,차로위반,건조,맑음,단일로 - 기타,승용,여,52세,상해없음,승용,남,32세,경상
2017121900100441,2017년 12월 19일 18시,화요일,제주특별자치도 제주시 일도이동,경상사고,0,0,1,0,차대차 - 측면충돌,안전운전불이행,건조,맑음,단일로 - 기타,화물,남,68세,상해없음,승용,남,20세,상해없음
2017121900100442,2017년 12월 19일 18시,화요일,제주특별자치도 제주시 아라이동,경상사고,0,0,1,1,차대차 - 측면충돌,교차로운행방법위반,건조,흐림,교차로 - 교차로안,승용,여,53세,부상신고,승용,남,34세,경상
2017121900100488,2017년 12월 19일 19시,화요일,제주특별자치도 제주시 연동,경상사고,0,0,1,0,차대사람 - 횡단중,안전운전불이행,건조,맑음,단일로 - 기타,기타불명,기타불명,미분류,기타불명,보행자,여,20세,경상
2017121900100518,2017년 12월 19일 20시,화요일,제주특별자치도 제주시 삼도일동,경상사고,0,0,1,0,차대사람 - 횡단중,보행자보호의무위반,건조,맑음,교차로 - 교차로횡단보도내,승용,남,34세,상해없음,보행자,남,45세,경상
2017121900100546,2017년 12월 19일 21시,화요일,제주특별자치도 제주시 도두일동,경상사고,0,0,2,1,차대차 - 추돌,안전거리미확보,건조,맑음,단일로 - 기타,승용,남,34세,부상신고,승용,여,21세,경상
2017121900100573,2017년 12월 19일 22시,화요일,제주특별자치도 제주시 화북이동,경상사고,0,0,1,0,차대차 - 추돌,안전운전불이행,건조,맑음,단일로 - 기타,승용,남,29세,상해없음,승용,남,59세,경상
2017121900100596,2017년 12월 19일 23시,화요일,제주특별자치도 제주시 일도이동,경상사고,0,0,2,0,차대차 - 측면충돌,신호위반,건조,맑음,교차로 - 교차로부근,승용,남,62세,상해없음,승용,남,42세,경상
2017122000100054,2017년 12월 20일 00시,수요일,제주특별자치도 제주시 이도이동,경상사고,0,0,1,0,차대사람 - 기타,안전운전불이행,건조,맑음,단일로 - 기타,승용,여,21세,상해없음,보행자,남,59세,경상
2017122000100211,2017년 12월 20일 09시,수요일,제주특별자치도 제주시 용담삼동,경상사고,0,0,1,0,차대차 - 기타,기타,건조,맑음,단일로 - 기타,화물,남,36세,경상,승용,여,47세,상해없음
2017122000100273,2017년 12월 20일 11시,수요일,제주특별자치도 제주시 이도이동,경상사고,0,0,1,0,차대사람 - 횡단중,보행자보호의무위반,건조,맑음,교차로 - 교차로부근,승용,남,66세,상해없음,보행자,여,64세,경상
2017122000100360,2017년 12월 20일 14시,수요일,제주특별자치도 제주시 조천읍,경상사고,0,0,2,0,차대차 - 측면충돌,신호위반,건조,맑음,교차로 - 교차로안,화물,남,63세,경상,승용,남,50세,경상
2017122000100415,2017년 12월 20일 16시,수요일,제주특별자치도 제주시 회천동,중상사고,0,1,0,0,차량단독 - 공작물충돌,안전운전불이행,건조,흐림,교차로 - 교차로부근,화물,남,58세,중상,,,,