사고번호,사고일시,요일,시군구,사고내용,사망자수,중상자수,경상자수,부상신고자수,사고유형,법규위반,노면상태,기상상태,도로형태,가해운전자 차종,가해운전자 성별,가해운전자 연령,가해운전자 상해정도,피해운전자 차종,피해운전자 성별,피해운전자 연령,피해운전자 상해정도
2017122000100452,2017년 12월 20일 17시,수요일,제주특별자치도 제주시 조천읍,중상사고,0,1,0,0,차대차 - 기타,중앙선침범,건조,맑음,단일로 - 기타,화물,남,40세,상해없음,승용,여,43세,중상
2017122000100629,2017년 12월 20일 21시,수요일,제주특별자치도 제주시 조천읍,경상사고,0,0,1,0,차대차 - 기타,안전운전불이행,건조,맑음,단일로 - 기타,승용,남,57세,경상,승용,남,32세,상해없음
2017122100100066,2017년 12월 21일 02시,목요일,제주특별자치도 제주시 이도일동,경상사고,0,0,1,0,차대차 - 추돌,안전운전불이행,젖음/습기,기타,단일로 - 기타,승용,남,18세,상해없음,승용,남,54세,경상
2017122100100067,2017년 12월 21일 02시,목요일,제주특별자치도 서귀포시 성산읍,경상사고,0,0,1,0,차량단독 - 공작물충돌,안전운전불이행,건조,맑음,단일로 - 기타,승용,남,39세,경상,,,,
2017122100100131,2017년 12월 21일 07시,목요일,제주특별자치도 서귀포시 동홍동,부상신고사고,0,0,0,1,차대차 - 측면충돌,신호위반,건조,맑음,교차로 - 교차로안,승용,여,49세,부상신고,승용,남,57세,상해없음
2017122100100166,2017년 12월 21일 08시,목요일,제주특별자치도 서귀포시 대정읍,경상사고,0,0,1,0,차대차 - 측면충돌,차로위반,건조,맑음,단일로 - 기타,화물,남,43세,상해없음,승용,남,45세,경상
2017122100100167,2017년 12월 21일 08시,목요일,제주특별자치도 서귀포시 상효동,부상신고사고,0,0,0,1,차대차 - 추돌,안전운전불이행,서리/결빙,흐림,단일로 - 기타,화물,남,55세,상해없음,승용,여,50세,부상신고
2017122100100212,2017년 12월 21일 09시,목요일,제주특별자치도 서귀포시 법환동,경상사고,0,0,1,0,차대차 - 측면충돌,기타,건조,맑음,교차로 - 교차로안,화물,남,59세,상해없음,승용,여,54세,경상
2017122100100281,2017년 12월 21일 11시,목요일,제주특별자치도 제주시 오라이동,경상사고,0,0,3,0,차대차 - 측면충돌,교차로운행방법위반,기타,맑음,교차로 - 교차로안,승용,여,75세,경상,승용,남,45세,경상
2017122100100321,2017년 12월 21일 13시,목요일,제주특별자치도 제주시 일도일동,중상사고,0,1,2,0,차대차 - 후진중충돌,안전운전불이행,건조,맑음,단일로 - 기타,화물,남,60세,상해없음,승용,남,65세,경상
2017122100100349,2017년 12월 21일 14시,목요일,제주특별자치도 제주시 이호일동,경상사고,0,0,1,0,차대차 - 기타,안전운전불이행,건조,맑음,단일로 - 기타,승용,남,32세,상해없음,승용,남,53세,경상
2017122100100369,2017년 12월 21일 15시,목요일,제주특별자치도 서귀포시 대포동,경상사고,0,0,2,0,차대차 - 측면충돌,중앙선침범,서리/결빙,비,단일로 - 기타,승용,남,33세,경상,승용,남,35세,경상
2017122100100370,2017년 12월 21일 15시,목요일,제주특별자치도 제주시 애월읍,중상사고,0,1,1,0,차대차 - 기타,중앙선침범,건조,맑음,단일로 - 기타,화물,남,57세,경상,승용,여,53세,중상
2017122100100461,2017년 12월 21일 17시,목요일,제주특별자치도 제주시 연동,경상사고,0,0,1,0,차대사람 - 기타,신호위반,건조,맑음,교차로 - 교차로안,승합,남,58세,상해없음,보행자,남,7세,경상
2017122100100462,2017년 12월 21일 17시,목요일,제주특별자치도 제주시 연동,부상신고사고,0,0,0,2,차대차 - 기타,안전운전불이행,건조,맑음,교차로 - 교차로부근,승용,여,62세,기타불명,승용,여,26세,부상신고
2017122100100510,2017년 12월 21일 18시,목요일,제주특별자치도 제주시 화북이동,경상사고,0,0,1,0,차대차 - 측면충돌,신호위반,건조,맑음,교차로 - 교차로안,승용,남,54세,상해없음,이륜,남,21세,경상
2017122100100670,2017년 12월 21일 22시,목요일,제주특별자치도 제주시 애월읍,부상신고사고,0,0,0,1,차대차 - 기타,안전운전불이행,건조,맑음,단일로 - 기타,승용,남,18세,상해없음,기타불명,기타불명,미분류,기타불명
2017122200100055,2017년 12월 22일 00시,금요일,제주특별자치도 서귀포시 안덕면,경상사고,0,0,1,0,차량단독 - 공작물충돌,안전운전불이행,건조,맑음,단일로 - 기타,승용,남,33세,경상,,,,
2017122200100138,2017년 12월 22일 06시,금요일,제주특별자치도 제주시 구좌읍,중상사고,0,3,1,0,차대차 - 추돌,안전운전불이행,건조,맑음,단일로 - 기타,승합,남,56세,상해없음,농기계,남,69세,경상
2017122200100168,2017년 12월 22일 07시,금요일,제주특별자치도 서귀포시 하원동,중상사고,0,1,0,0,차대차 - 기타,안전운전불이행,건조,맑음,단일로 - 기타,승용,남,74세,상해없음,농기계,남,77세,중상
2017122200100169,2017년 12월 22일 07시,금요일,제주특별자치도 서귀포시 색달동,경상사고,0,0,3,0,차대차 - 측면충돌,중앙선침범,건조,맑음,단일로 - 기타,화물,남,57세,경상,승용,남,44세,경상
2017122200100293,2017년 12월 22일 11시,금요일,제주특별자치도 제주시 이도일동,경상사고,0,0,1,0,차대차 - 추돌,안전운전불이행,건조,맑음,단일로 - 기타,승용,여,38세,상해없음,승용,여,34세,경상
2017122200100352,2017년 12월 22일 13시,금요일,제주특별자치도 제주시 용담이동,중상사고,0,1,0,0,차량단독 - 기타,안전운전불이행,건조,맑음,단일로 - 기타,기타불명,기타불명,미분류,기타불명,,,,
2017122200100388,2017년 12월 22일 14시,금요일,제주특별자치도 제주시 도남동,경상사고,0,0,1,0,차대차 - 기타,안전운전불이행,건조,맑음,교차로 - 교차로안,이륜,남,56세,상해없음,승용,여,45세,경상
2017122200100420,2017년 12월 22일 15시,금요일,제주특별자치도 서귀포시 법환동,경상사고,0,0,2,0,차대차 - 기타,안전운전불이행,건조,맑음,단일로 - 기타,화물,남,30세,기타불명,승용,남,38세,경상
2017122200100421,2017년 12월 22일 15시,금요일,제주특별자치도 제주시 도두일동,경상사고,0,0,1,0,차대차 - 측면충돌,안전운전불이행,건조,맑음,단일로 - 기타,승용,남,29세,상해없음,자전거,여,55세,경상
2017122200100422,2017년 12월 22일 15시,금요일,제주특별자치도 제주시 외도일동,경상사고,0,0,2,0,차대차 - 기타,직진우회전진행방해,건조,맑음,기타 - 기타,승용,남,74세,경상,승용,여,37세,경상
2017122200100450,2017년 12월 22일 16시,금요일,제주특별자치도 제주시 아라일동,경상사고,0,0,1,0,차대차 - 측면충돌,안전운전불이행,건조,맑음,교차로 - 교차로안,승합,남,57세,상해없음,승용,여,34세,경상
2017122200100451,2017년 12월 22일 16시,금요일,제주특별자치도 제주시 애월읍,경상사고,0,0,1,0,차대사람 - 기타,안전운전불이행,건조,맑음,기타 - 기타,승용,여,48세,상해없음,보행자,여,26세,경상
2017122200100491,2017년 12월 22일 17시,금요일,제주특별자치도 서귀포시 안덕면,경상사고,0,0,1,0,차대차 - 추돌,안전운전불이행,건조,맑음,교차로 - 교차로부근,승용,남,57세,상해없음,승용,여,54세,경상
2017122200100562,2017년 12월 22일 18시,금요일,제주특별자치도 제주시 이도일동,경상사고,0,0,3,0,차대차 - 추돌,안전운전불이행,건조,맑음,단일로 - 기타,화물,남,53세,상해없음,승용,여,24세,경상
2017122200100563,2017년 12월 22일 18시,금요일,제주특별자치도 서귀포시 호근동,경상사고,0,0,1,0,차대차 - 추돌,안전운전불이행,건조,맑음,단일로 - 기타,승용,남,40세,상해없음,승용,남,45세,경상
2017122200100564,2017년 12월 22일 18시,금요일,제주특별자치도 서귀포시 남원읍,중상사고,0,2,0,0,차대차 - 기타,안전운전불이행,건조,맑음,교차로 - 교차로부근,화물,남,54세,상해없음,승용,남,49세,중상
2017122200100785,2017년 12월 22일 23시,금요일,제주특별자치도 제주시 이도이동,중상사고,0,1,0,0,차대차 - 기타,안전거리미확보,건조,맑음,단일로 - 기타,이륜,남,34세,중상,승합,남,60세,상해없음
2017122200100786,2017년 12월 22일 23시,금요일,제주특별자치도 제주시 이호이동,중상사고,0,1,0,0,차량단독 - 기타,안전운전불이행,건조,맑음,기타 - 기타,자전거,남,57세,중상,,,,
2017122300100162,2017년 12월 23일 05시,토요일,제주특별자치도 제주시 화북이동,경상사고,0,0,1,0,차대차 - 기타,안전운전불이행,건조,맑음,단일로 - 기타,승용,남,78세,상해없음,승용,여,29세,경상
2017122300100263,2017년 12월 23일 10시,토요일,제주특별자치도 제주시 한림읍,경상사고,0,0,2,1,차대차 - 측면충돌,직진우회전진행방해,건조,맑음,교차로 - 교차로안,승용,남,33세,상해없음,승용,남,26세,부상신고
2017122300100295,2017년 12월 23일 11시,토요일,제주특별자치도 서귀포시 안덕면,중상사고,0,1,0,0,차대차 - 기타,안전운전불이행,건조,맑음,교차로 - 교차로안,승용,남,55세,상해없음,화물,남,36세,상해없음
2017122300100384,2017년 12월 23일 14시,토요일,제주특별자치도 서귀포시 안덕면,중상사고,0,1,0,0,차량단독 - 공작물충돌,안전운전불이행,건조,맑음,단일로 - 기타,승용,남,67세,상해없음,,,,
2017122300100417,2017년 12월 23일 15시,토요일,제주특별자치도 제주시 한림읍,중상사고,0,1,0,0,차대차 - 추돌,안전운전불이행,건조,맑음,단일로 - 기타,승용,남,41세,상해없음,농기계,남,52세,중상
2017122300100450,2017년 12월 23일 16시,토요일,제주특별자치도 제주시 삼도일동,경상사고,0,0,3,0,차대차 - 측면충돌,차로위반,건조,맑음,교차로 - 교차로부근,화물,남,22세,상해없음,승용,남,45세,경상
2017122300100556,2017년 12월 23일 18시,토요일,제주특별자치도 서귀포시 남원읍,경상사고,0,0,3,0,차대차 - 후진중충돌,안전운전불이행,건조,맑음,교차로 - 교차로부근,화물,남,73세,상해없음,승용,남,35세,경상
2017122300100601,2017년 12월 23일 19시,토요일,제주특별자치도 제주시 용담이동,부상신고사고,0,0,0,3,차대차 - 추돌,안전운전불이행,건조,맑음,교차로 - 교차로부근,승용,남,55세,상해없음,승용,남,40세,부상신고
2017122300100667,2017년 12월 23일 21시,토요일,제주특별자치도 제주시 삼도일동,경상사고,0,0,1,0,차대사람 - 기타,안전운전불이행,건조,맑음,교차로 - 교차로부근,승용,남,39세,상해없음,보행자,남,33세,경상
2017122300100685,2017년 12월 23일 22시,토요일,제주특별자치도 제주시 아라이동,중상사고,0,1,0,0,차대사람 - 기타,안전운전불이행,기타,맑음,단일로 - 기타,승용,남,51세,상해없음,보행자,여,49세,중상
2017122400100092,2017년 12월 24일 03시,일요일,제주특별자치도 제주시 삼도일동,경상사고,0,0,1,0,차대차 - 기타,안전거리미확보,건조,맑음,단일로 - 기타,승용,여,25세,상해없음,승용,남,62세,경상
2017122400100093,2017년 12월 24일 03시,일요일,제주특별자치도 제주시 오라일동,경상사고,0,0,1,0,차대차 - 추돌,안전운전불이행,건조,맑음,단일로 - 기타,승용,남,55세,상해없음,화물,남,50세,경상
2017122400100107,2017년 12월 24일 04시,일요일,제주특별자치도 서귀포시 동홍동,경상사고,0,0,1,0,차대차 - 측면충돌,신호위반,건조,맑음,교차로 - 교차로안,화물,남,55세,상해없음,승용,남,25세,경상
2017122400100144,2017년 12월 24일 07시,일요일,제주특별자치도 서귀포시 강정동,중상사고,0,2,0,0,차량단독 - 공작물충돌,안전운전불이행,젖음/습기,비,단일로 - 기타,승합,남,55세,중상,,,,
2017122400100222,2017년 12월 24일 12시,일요일,제주특별자치도 서귀포시 안덕면,경상사고,0,0,2,0,차대차 - 추돌,안전거리미확보,건조,맑음,교차로 - 교차로안,승용,남,50세,상해없음,승용,남,25세,경상
2017122400100325,2017년 12월 24일 17시,일요일,제주특별자치도 제주시 노형동,경상사고,0,0,1,0,차대차 - 기타,직진우회전진행방해,건조,맑음,교차로 - 교차로안,승용,남,44세,상해없음,이륜,남,50세,경상
2017122400100371,2017년 12월 24일 18시,일요일,제주특별자치도 제주시 도평동,중상사고,0,2,1,0,차대차 - 기타,직진우회전진행방해,건조,흐림,교차로 - 교차로안,승용,남,25세,경상,화물,남,41세,중상
2017122400100398,2017년 12월 24일 19시,일요일,제주특별자치도 제주시 용담이동,중상사고,0,1,0,0,차대차 - 추돌,안전운전불이행,건조,맑음,단일로 - 기타,승용,남,25세,상해없음,승용,남,65세,중상
2017122400100426,2017년 12월 24일 20시,일요일,제주특별자치도 제주시 용담이동,경상사고,0,0,2,0,차대차 - 측면충돌,차로위반,건조,맑음,교차로 - 교차로부근,승용,남,58세,상해없음,승용,남,41세,경상
2017122400100484,2017년 12월 24일 23시,일요일,제주특별자치도 제주시 애월읍,중상사고,0,1,0,0,차대차 - 후진중충돌,안전운전불이행,건조,맑음,교차로 - 교차로부근,화물,여,47세,상해없음,승용,남,36세,상해없음
2017122500100028,2017년 12월 25일 00시,월요일,제주특별자치도 서귀포시 도순동,경상사고,0,0,1,0,차대차 - 측면충돌,안전운전불이행,건조,맑음,단일로 - 기타,승용,남,33세,상해없음,승용,남,24세,경상
2017122500100116,2017년 12월 25일 10시,월요일,제주특별자치도 제주시 용담이동,경상사고,0,0,1,0,차대차 - 기타,교차로운행방법위반,건조,맑음,교차로 - 교차로안,승용,남,47세,상해없음,승용,남,57세,경상
2017122500100131,2017년 12월 25일 11시,월요일,제주특별자치도 서귀포시 법환동,경상사고,0,0,1,3,차대차 - 측면충돌,직진우회전진행방해,건조,맑음,교차로 - 교차로안,승용,남,28세,상해없음,승용,남,46세,경상
2017122500100245,2017년 12월 25일 16시,월요일,제주특별자치도 서귀포시 성산읍,경상사고,0,0,1,0,차대차 - 기타,교차로운행방법위반,건조,맑음,교차로 - 교차로안,승용,남,44세,상해없음,승용,남,49세,경상
2017122500100349,2017년 12월 25일 20시,월요일,제주특별자치도 서귀포시 강정동,경상사고,0,0,1,0,차대사람 - 기타,안전운전불이행,건조,맑음,교차로 - 교차로안,기타불명,기타불명,미분류,기타불명,보행자,여,19세,경상
2017122500100367,2017년 12월 25일 21시,월요일,제주특별자치도 제주시 이도이동,중상사고,0,1,1,0,차대차 - 기타,신호위반,건조,맑음,교차로 - 교차로안,승용,남,52세,상해없음,승용,남,49세,경상
2017122600100045,2017년 12월 26일 01시,화요일,제주특별자치도 서귀포시 남원읍,경상사고,0,0,1,0,차량단독 - 공작물충돌,안전운전불이행,건조,맑음,단일로 - 기타,승용,남,37세,경상,,,,
2017122600100114,2017년 12월 26일 07시,화요일,제주특별자치도 제주시 용담이동,경상사고,0,0,1,0,차대사람 - 기타,안전운전불이행,건조,맑음,단일로 - 기타,승용,남,77세,상해없음,보행자,남,23세,경상
2017122600100182,2017년 12월 26일 09시,화요일,제주특별자치도 서귀포시 대정읍,중상사고,0,1,0,0,차대차 - 측면충돌,직진우회전진행방해,건조,맑음,교차로 - 교차로안,승용,여,36세,상해없음,이륜,여,75세,중상
2017122600100209,2017년 12월 26일 10시,화요일,제주특별자치도 제주시 한림읍,경상사고,0,0,1,0,차대차 - 측면충돌,직진우회전진행방해,건조,맑음,교차로 - 교차로안,승용,여,61세,경상,승용,남,46세,상해없음
2017122600100262,2017년 12월 26일 12시,화요일,제주특별자치도 서귀포시 성산읍,중상사고,0,2,2,1,차대차 - 기타,안전운전불이행,건조,맑음,단일로 - 기타,승용,여,31세,상해없음,승용,남,39세,경상
2017122600100389,2017년 12월 26일 16시,화요일,제주특별자치도 제주시 삼도일동,경상사고,0,0,1,0,차대차 - 기타,직진우회전진행방해,건조,맑음,교차로 - 교차로안,승용,남,70세,상해없음,화물,여,35세,상해없음
2017122600100425,2017년 12월 26일 17시,화요일,제주특별자치도 서귀포시 표선면,경상사고,0,0,1,0,차대사람 - 횡단중,안전운전불이행,건조,맑음,단일로 - 기타,승용,여,64세,상해없음,보행자,여,53세,경상
2017122600100467,2017년 12월 26일 18시,화요일,제주특별자치도 제주시 삼도일동,경상사고,0,0,2,0,차대차 - 기타,중앙선침범,건조,흐림,교차로 - 교차로안,승용,여,29세,상해없음,이륜,남,35세,경상
2017122600100498,2017년 12월 26일 19시,화요일,제주특별자치도 제주시 오라이동,중상사고,0,1,0,0,차대차 - 추돌,안전운전불이행,건조,맑음,교차로 - 교차로부근,이륜,남,24세,중상,승용,여,47세,상해없음
2017122600100525,2017년 12월 26일 20시,화요일,제주특별자치도 제주시 이도이동,경상사고,0,0,1,0,차대차 - 기타,직진우회전진행방해,건조,맑음,교차로 - 교차로안,승용,남,27세,상해없음,화물,여,39세,경상
2017122700100036,2017년 12월 27일 00시,수요일,제주특별자치도 제주시 연동,경상사고,0,0,2,0,차대차 - 추돌,안전거리미확보,건조,맑음,단일로 - 기타,승용,여,37세,상해없음,승용,남,22세,경상
2017122700100176,2017년 12월 27일 10시,수요일,제주특별자치도 제주시 삼양이동,경상사고,0,0,1,0,차대차 - 정면충돌,교차로운행방법위반,건조,맑음,교차로 - 교차로안,승용,남,43세,상해없음,이륜,남,38세,경상
2017122700100205,2017년 12월 27일 11시,수요일,제주특별자치도 제주시 한림읍,중상사고,0,1,0,0,차대차 - 측면충돌,교차로운행방법위반,건조,맑음,교차로 - 교차로안,승용,여,29세,상해없음,승용,남,26세,중상
2017122700100280,2017년 12월 27일 14시,수요일,제주특별자치도 제주시 연동,경상사고,0,0,1,0,차대사람 - 기타,안전운전불이행,건조,흐림,단일로 - 기타,기타불명,기타불명,미분류,기타불명,보행자,여,50세,경상
2017122700100311,2017년 12월 27일 15시,수요일,제주특별자치도 제주시 연동,중상사고,0,1,0,0,차대사람 - 횡단중,안전운전불이행,건조,맑음,교차로 - 교차로부근,승용,남,65세,상해없음,보행자,남,13세,중상
2017122700100312,2017년 12월 27일 15시,수요일,제주특별자치도 제주시 노형동,경상사고,0,0,1,0,차대차 - 측면충돌,신호위반,건조,맑음,교차로 - 교차로안,승용,여,21세,상해없음,승용,남,59세,경상
2017122700100337,2017년 12월 27일 16시,수요일,제주특별자치도 제주시 화북이동,경상사고,0,0,2,0,차대차 - 기타,안전운전불이행,건조,맑음,교차로 - 교차로안,승용,남,48세,상해없음,승용,여,35세,경상
2017122700100338,2017년 12월 27일 16시,수요일,제주특별자치도 제주시 노형동,경상사고,0,0,2,0,차대차 - 추돌,안전거리미확보,건조,맑음,단일로 - 기타,승용,남,41세,상해없음,승용,남,49세,경상
2017122700100370,2017년 12월 27일 17시,수요일,제주특별자치도 제주시 아라일동,중상사고,0,1,2,0,차량단독 - 공작물충돌,안전운전불이행,건조,맑음,단일로 - 기타,승용,남,61세,경상,,,,
2017122700100452,2017년 12월 27일 19시,수요일,제주특별자치도 서귀포시 토평동,경상사고,0,0,2,0,차대차 - 추돌,안전운전불이행,건조,맑음,단일로 - 기타,승용,남,45세,상해없음,승용,여,41세,경상
2017122700100453,2017년 12월 27일 19시,수요일,제주특별자치도 서귀포시 남원읍,경상사고,0,0,1,0,차대차 - 측면충돌,중앙선침범,건조,맑음,단일로 - 기타,승용,여,52세,상해없음,화물,남,56세,경상
2017122700100539,2017년 12월 27일 22시,수요일,제주특별자치도 제주시 용담이동,경상사고,0,0,1,0,차대차 - 측면충돌,직진우회전진행방해,건조,맑음,교차로 - 교차로안,승용,남,55세,상해없음,승용,여,47세,상해없음
2017122800100070,2017년 12월 28일 03시,목요일,제주특별자치도 제주시 연동,경상사고,0,0,2,0,차대차 - 기타,안전운전불이행,건조,맑음,교차로 - 교차로안,승용,남,58세,상해없음,승용,남,51세,상해없음
2017122800100130,2017년 12월 28일 08시,목요일,제주특별자치도 제주시 삼도이동,경상사고,0,0,1,0,차대차 - 측면충돌,안전운전불이행,건조,맑음,교차로 - 교차로안,승용,남,70세,상해없음,승용,여,32세,경상
2017122800100146,2017년 12월 28일 09시,목요일,제주특별자치도 제주시 삼도이동,경상사고,0,0,1,0,차대사람 - 기타,보행자보호의무위반,건조,맑음,단일로 - 기타,승용,여,24세,상해없음,보행자,남,79세,경상
2017122800100279,2017년 12월 28일 15시,목요일,제주특별자치도 제주시 삼도일동,경상사고,0,0,1,0,차량단독 - 공작물충돌,안전운전불이행,건조,맑음,단일로 - 기타,승용,남,49세,상해없음,,,,
2017122800100313,2017년 12월 28일 16시,목요일,제주특별자치도 제주시 이도이동,경상사고,0,0,3,0,차대차 - 측면충돌,신호위반,건조,맑음,교차로 - 교차로안,화물,남,29세,경상,승용,여,40세,경상
2017122800100344,2017년 12월 28일 17시,목요일,제주특별자치도 제주시 구좌읍,경상사고,0,0,1,0,차대차 - 측면충돌,교차로운행방법위반,건조,맑음,교차로 - 교차로안,승용,여,19세,상해없음,승용,여,59세,경상
2017122800100483,2017년 12월 28일 21시,목요일,제주특별자치도 제주시 오라일동,경상사고,0,0,3,0,차대차 - 후진중충돌,안전운전불이행,젖음/습기,기타,교차로 - 교차로부근,승용,여,47세,경상,승용,남,49세,경상
2017122900100116,2017년 12월 29일 06시,금요일,제주특별자치도 서귀포시 강정동,중상사고,0,1,0,0,차대차 - 측면충돌,직진우회전진행방해,건조,맑음,교차로 - 교차로안,승용,여,57세,상해없음,승용,여,65세,중상
2017122900100173,2017년 12월 29일 08시,금요일,제주특별자치도 서귀포시 도순동,경상사고,0,0,2,0,차대차 - 측면충돌,안전거리미확보,건조,맑음,단일로 - 기타,승용,여,37세,경상,승용,남,27세,경상
2017122900100195,2017년 12월 29일 09시,금요일,제주특별자치도 제주시 한림읍,중상사고,0,1,0,0,차대사람 - 횡단중,안전운전불이행,건조,맑음,기타 - 기타,승합,남,46세,상해없음,보행자,여,69세,중상
2017122900100217,2017년 12월 29일 10시,금요일,제주특별자치도 제주시 노형동,경상사고,0,0,1,0,차대사람 - 기타,안전운전불이행,건조,맑음,단일로 - 기타,승용,남,44세,상해없음,보행자,남,47세,경상
2017122900100245,2017년 12월 29일 11시,금요일,제주특별자치도 제주시 봉개동,경상사고,0,0,2,0,차대차 - 추돌,안전거리미확보,건조,맑음,단일로 - 기타,건설기계,남,35세,경상,건설기계,남,33세,상해없음
2017122900100246,2017년 12월 29일 11시,금요일,제주특별자치도 서귀포시 남원읍,중상사고,0,1,0,0,차량단독 - 공작물충돌,안전운전불이행,건조,맑음,단일로 - 기타,화물,남,61세,중상,,,,
2017122900100247,2017년 12월 29일 11시,금요일,제주특별자치도 제주시 연동,경상사고,0,0,1,1,차대차 - 기타,안전거리미확보,건조,맑음,단일로 - 기타,승용,남,49세,부상신고,화물,남,44세,경상
2017122900100326,2017년 12월 29일 14시,금요일,제주특별자치도 제주시 조천읍,중상사고,0,2,0,0,차대차 - 추돌,안전거리미확보,건조,맑음,교차로 - 교차로부근,화물,남,38세,상해없음,승용,남,39세,중상
2017122900100327,2017년 12월 29일 14시,금요일,제주특별자치도 서귀포시 남원읍,경상사고,0,0,2,1,차대차 - 측면충돌,직진우회전진행방해,건조,맑음,교차로 - 교차로안,화물,여,41세,부상신고,승용,여,27세,경상
2017122900100355,2017년 12월 29일 15시,금요일,제주특별자치도 서귀포시 강정동,경상사고,0,0,1,0,차대차 - 측면충돌,교차로운행방법위반,건조,맑음,교차로 - 교차로안,원동기,여,63세,경상,승용,여,26세,상해없음
2017122900100356,2017년 12월 29일 15시,금요일,제주특별자치도 서귀포시 성산읍,경상사고,0,0,2,1,차대차 - 추돌,중앙선침범,건조,맑음,단일로 - 기타,승용,남,63세,상해없음,승용,남,28세,경상
2017122900100357,2017년 12월 29일 15시,금요일,제주특별자치도 제주시 노형동,경상사고,0,0,1,0,차대차 - 기타,안전운전불이행,건조,흐림,단일로 - 기타,승용,남,59세,상해없음,승용,여,45세,경상
2017122900100358,2017년 12월 29일 15시,금요일,제주특별자치도 제주시 한림읍,부상신고사고,0,0,0,1,차대차 - 추돌,안전운전불이행,건조,맑음,단일로 - 기타,승용,여,21세,상해없음,승용,남,52세,상해없음
2017122900100359,2017년 12월 29일 15시,금요일,제주특별자치도 제주시 도두일동,부상신고사고,0,0,0,1,차대차 - 측면충돌,안전거리미확보,건조,맑음,교차로 - 교차로부근,이륜,남,42세,부상신고,승합,남,71세,상해없음
2017122900100386,2017년 12월 29일 16시,금요일,제주특별자치도 서귀포시 대정읍,경상사고,0,0,2,0,차대차 - 기타,안전거리미확보,건조,맑음,단일로 - 기타,승용,남,80세,상해없음,승용,남,43세,경상
2017122900100493,2017년 12월 29일 18시,금요일,제주특별자치도 제주시 이도이동,부상신고사고,0,0,0,1,차대차 - 측면충돌,안전운전불이행,건조,맑음,기타 - 기타,자전거,남,36세,부상신고,승용,남,38세,상해없음
2017122900100494,2017년 12월 29일 18시,금요일,제주특별자치도 제주시 이도이동,경상사고,0,0,1,0,차대사람 - 기타,안전운전불이행,건조,맑음,교차로 - 교차로안,승용,여,46세,상해없음,보행자,남,49세,경상
2017122900100661,2017년 12월 29일 22시,금요일,제주특별자치도 제주시 연동,중상사고,0,1,0,0,차대차 - 측면충돌,교차로운행방법위반,건조,맑음,교차로 - 교차로안,승합,남,28세,상해없음,승용,남,57세,중상
2017123000100228,2017년 12월 30일 11시,토요일,제주특별자치도 서귀포시 중문동,경상사고,0,0,1,0,차대차 - 기타,안전운전불이행,건조,맑음,단일로 - 기타,승용,여,24세,상해없음,이륜,남,39세,경상
2017123000100249,2017년 12월 30일 12시,토요일,제주특별자치도 제주시 건입동,경상사고,0,0,1,0,차대차 - 측면충돌,차로위반,건조,흐림,단일로 - 기타,승용,남,27세,경상,승용,남,37세,상해없음
2017123000100347,2017년 12월 30일 17시,토요일,제주특별자치도 서귀포시 토평동,중상사고,0,1,0,0,차대사람 - 길가장자리구역통행중,안전운전불이행,건조,맑음,교차로 - 교차로안,화물,남,55세,상해없음,보행자,여,87세,중상
2017123000100404,2017년 12월 30일 19시,토요일,제주특별자치도 제주시 화북이동,경상사고,0,0,2,0,차대차 - 기타,신호위반,건조,흐림,교차로 - 교차로안,승용,여,34세,경상,승용,남,69세,경상
2017123000100453,2017년 12월 30일 21시,토요일,제주특별자치도 제주시 일도이동,경상사고,0,0,1,0,차대사람 - 횡단중,보행자보호의무위반,젖음/습기,비,교차로 - 교차로횡단보도내,화물,남,26세,상해없음,보행자,여,58세,경상
2017123000100474,2017년 12월 30일 22시,토요일,제주특별자치도 제주시 노형동,경상사고,0,0,2,1,차대차 - 추돌,안전운전불이행,건조,맑음,교차로 - 교차로부근,승용,남,41세,상해없음,승용,남,45세,경상
2017123100100122,2017년 12월 31일 07시,일요일,제주특별자치도 제주시 애월읍,사망사고,1,0,0,0,차대사람 - 기타,안전운전불이행,건조,맑음,단일로 - 기타,승용,남,59세,상해없음,보행자,남,37세,사망
2017123100100264,2017년 12월 31일 15시,일요일,제주특별자치도 서귀포시 회수동,경상사고,0,0,3,0,차대차 - 추돌,안전거리미확보,건조,맑음,단일로 - 기타,승용,남,56세,상해없음,승용,남,31세,경상
2017123100100306,2017년 12월 31일 17시,일요일,제주특별자치도 제주시 애월읍,중상사고,0,1,0,0,차대차 - 기타,안전운전불이행,건조,맑음,교차로 - 교차로안,승용,남,72세,상해없음,이륜,남,52세,중상
2017123100100349,2017년 12월 31일 18시,일요일,제주특별자치도 제주시 이도일동,경상사고,0,0,2,0,차대사람 - 횡단중,보행자보호의무위반,건조,기타,교차로 - 교차로횡단보도내,승용,남,49세,상해없음,보행자,여,47세,경상